User_ID,Age_Years,Gender,Body_Mass_KG,Height_CM,Steps,Workout_Minutes,Exercise_Type,Avg_Heart_Rate,Intensity_Score,Calories_Burned,Notes,Calories
1,56.7,Female,85.3,194.1,10537,27,HIIT,107,9,2246.6,,2251.0
2,46.6,Male,46.8,193.5,3422,75,Cycling,118,5,1903.5,High intensity,1903.0
3,32.5,Female,81.1,168.3,15604,36,HIIT,177,8,2657.4,High intensity,2656.0
4,60.5,Female,89.7,167.9,5721,15,Running,179,4,1912.2,Morning session,1914.0
5,25.2,Female,92.8,150.3,10203,112,HIIT,63,1,2336.8,Evening workout,2333.0
6,38.7,Female,68.4,174.6,8541,79,Walking,134,1,2108.8,,2108.0
7,56.3,Female,66.6,176.6,10869,68,Running,78,6,2230.8,,2227.0
8,36.4,Male,55.2,156.6,15785,15,Cycling,116,8,2219.8,Evening workout,2220.0
9,40.2,Male,102.0,193.3,14679,40,HIIT,78,10,2608.5,,2605.0
10,28.2,Female,90.2,191.1,13542,114,Walking,150,2,2865.2,,2865.0
11,28.1,Female,73.9,178.4,18870,113,HIIT,163,4,3158.9,,3159.0
12,41.3,Female,79.3,180.6,15461,103,Running,101,3,2720.9,Morning session,2720.0
13,53.6,Male,59.7,193.2,12038,65,HIIT,151,9,2624.6,Low effort,2624.0
14,57.1,Male,104.2,192.6,13252,63,Yoga,64,3,2326.6,,2322.0
15,41.1,Female,86.3,185.4,10770,94,Walking,107,8,2741.9,Low effort,2742.0
16,20.4,Female,87.2,168.1,4749,50,Cycling,84,7,1935.3,Low effort,1935.0
17,39.6,Male,118.7,155.9,12817,117,Running,126,1,2848.2,,2851.0
18,19.7,Female,93.6,174.3,3503,27,Cycling,85,8,1730.4,,1730.0
19,41.7,Male,108.4,180.4,8855,96,Swimming,133,9,2856.5,High intensity,2855.0
20,61.2,Male,76.8,158.0,14378,111,Walking,147,8,3146.8,Good workout,3144.0
21,47.4,Female,108.9,169.7,12329,32,Yoga,121,10,2571.8,High intensity,2569.0
22,55.2,Male,46.1,159.1,12101,101,HIIT,152,10,2911.6,High intensity,2910.0
23,19.3,Female,68.3,186.7,17783,45,Yoga,168,1,2353.0,Good workout,2354.0
24,38.6,Female,110.5,176.5,13149,34,Walking,66,7,2288.9,,2288.0
25,50.6,Female,82.1,162.3,15619,16,Running,103,9,2362.0,Low effort,2363.0
26,29.3,Female,,190.1,18923,91,Walking,146,5,3010.2,High intensity,3009.0
27,39.5,Female,70.7,151.7,15985,29,Running,169,2,2247.2,,2246.0
28,61.8,Female,73.6,170.4,16026,14,Cycling,86,8,2255.4,Morning session,2259.0
29,42.0,Male,111.7,182.1,9428,27,Yoga,101,9,2261.4,High intensity,2265.0
30,44.2,,69.0,173.4,10119,115,Swimming,132,7,2801.0,Low effort,2801.0
31,59.2,Male,92.8,193.8,5124,113,Walking,167,5,2709.4,Morning session,2708.0
32,45.1,Male,109.8,191.9,19779,42,Yoga,115,8,2880.0,High intensity,2880.0
33,33.7,Female,97.3,183.2,17375,88,Walking,62,6,2758.0,Evening workout,2757.0
34,32.9,Male,111.2,158.6,1449,44,Swimming,72,4,1627.5,Low effort,1632.0
35,64.1,Male,62.1,151.8,17763,119,HIIT,129,1,2921.3,High intensity,2923.0
36,61.2,Male,53.1,179.6,16034,74,Swimming,118,6,2611.3,,2610.0
37,20.4,Female,82.5,171.8,10442,72,Swimming,97,8,2424.7,Morning session,2424.0
38,54.1,Male,65.8,160.2,13643,94,Swimming,144,3,2655.2,Morning session,2658.0
39,24.6,Female,109.7,192.5,3301,81,Running,142,7,2401.5,High intensity,2398.0
40,38.1,Male,65.8,166.9,8710,80,Walking,148,7,2489.6,Morning session,2491.0
41,26.1,Female,71.2,185.6,6792,50,Yoga,162,9,2296.3,,2293.0
42,56.2,Female,114.8,162.7,10659,59,Running,127,1,2291.4,Morning session,2295.0
43,35.5,Male,88.2,156.7,8216,117,Walking,145,5,2773.9,,2773.0
44,21.8,Female,72.2,165.5,12712,113,Yoga,128,8,2908.4,High intensity,2906.0
45,42.2,Female,89.2,182.9,5905,113,Yoga,60,3,2243.9,,2245.0
46,31.6,Male,61.0,194.8,16766,39,Cycling,109,5,2295.1,,2294.0
47,26.7,Male,84.5,150.2,6999,47,HIIT,140,1,1874.8,Evening workout,1873.0
48,43.3,Male,47.6,160.9,17983,44,Yoga,132,9,2649.4,,2646.0
49,19.4,Female,110.1,155.4,8288,75,Walking,68,4,2196.2,,2193.0
50,37.1,Female,90.6,169.9,12266,55,Cycling,112,5,2369.6,Good workout,2370.0
51,45.3,Female,74.4,184.8,16586,17,Walking,147,3,2199.4,Good workout,2203.0
52,64.2,Male,113.3,193.2,2567,111,Swimming,69,2,2247.8,,2248.0
53,24.0,Female,53.7,186.9,16110,77,Cycling,143,7,2722.3,,2722.0
54,61.5,Female,55.5,190.5,17082,46,Cycling,140,5,2517.3,,2514.0
55,25.7,Female,113.7,175.8,2094,94,Swimming,136,10,2554.5,Evening workout,2556.0
56,64.2,Female,110.5,161.1,12135,22,Swimming,88,3,2059.0,High intensity,2063.0
57,52.4,Female,75.3,179.1,14508,82,Running,95,2,2446.2,Low effort,2450.0
58,31.4,Female,77.8,177.8,13345,54,HIIT,146,10,2710.5,Low effort,2710.0
59,34.4,Female,83.3,176.3,10684,38,Yoga,86,6,2094.0,Morning session,2099.0
60,53.5,Male,90.9,191.4,7191,50,Cycling,77,10,2272.3,Morning session,2276.0
61,57.1,Male,81.8,168.7,18842,65,Running,77,6,2738.2,Evening workout,2738.0
62,21.8,Male,104.2,154.6,9046,97,Walking,177,3,2683.1,High intensity,2686.0
63,19.6,Female,75.8,154.8,5934,25,Yoga,68,9,1766.1,Morning session,1766.0
64,23.3,Female,55.4,190.6,15038,21,HIIT,126,1,1846.2,Evening workout,1846.0
65,59.8,Male,46.4,176.3,2354,75,Walking,66,3,1569.8,Low effort,1570.0
66,21.2,,71.6,177.0,7473,71,HIIT,117,1,1943.8,High intensity,1942.0
67,46.8,Male,46.2,175.3,13794,28,Walking,138,7,2210.7,Low effort,2215.0
68,35.1,Female,65.2,176.0,3963,39,Running,89,2,1415.0,Evening workout,1417.0
69,43.2,Female,102.7,191.7,15503,25,HIIT,132,4,2345.6,High intensity,2343.0
70,61.6,Male,49.7,170.8,4042,97,Yoga,120,4,2082.3,,2084.0
71,51.5,Male,96.3,150.8,7973,22,Walking,164,8,2244.8,High intensity,2244.0
72,27.3,Male,89.5,177.8,8139,78,Running,150,4,2384.5,Evening workout,2382.0
73,53.0,Male,64.2,164.0,12226,32,HIIT,159,3,2139.3,,2141.0
74,31.6,Male,105.6,166.3,7930,71,Cycling,141,10,2648.6,Low effort,2648.0
75,48.4,Female,82.7,175.5,15762,111,Swimming,154,3,3005.0,High intensity,3000.0
76,32.7,Female,64.6,169.2,19116,40,Swimming,76,5,2305.0,Good workout,2310.0
77,25.6,Female,69.1,174.1,6340,62,Running,177,6,2251.8,Low effort,2255.0
78,31.8,Male,46.4,162.6,6111,26,Walking,112,7,1685.9,Morning session,1681.0
79,40.7,Male,76.2,182.7,4081,58,Yoga,65,5,1748.6,Low effort,1748.0
80,57.6,Male,70.7,174.5,8802,58,Swimming,98,7,2199.4,Morning session,2198.0
81,38.5,Male,114.5,157.8,10462,76,Running,84,4,2406.2,,2406.0
82,33.2,Male,85.7,154.0,16580,35,Running,101,5,2354.3,,2354.0
83,62.0,Male,111.5,155.4,18913,22,Yoga,101,6,2613.2,Good workout,2616.0
84,35.1,Female,45.6,172.5,18465,117,Cycling,118,9,3179.2,,3178.0
85,64.4,Female,95.8,179.5,8994,47,Yoga,161,6,2397.5,Low effort,2401.0
86,41.4,Female,49.3,163.0,4531,31,Cycling,97,10,1824.5,Low effort,1820.0
87,43.8,Female,57.8,172.6,10343,94,Yoga,90,1,2156.4,Morning session,2159.0
88,42.3,Female,63.1,160.5,1716,38,Walking,174,7,1887.1,,1886.0
89,62.1,Male,56.2,180.7,7229,54,Cycling,88,3,1805.4,Evening workout,1808.0
90,58.7,Male,92.3,155.2,17588,55,Yoga,163,6,2880.8,Low effort,2879.0
91,46.1,Male,69.4,160.8,13021,48,Swimming,68,2,1991.4,Evening workout,1987.0
92,32.4,Male,101.2,162.4,12301,78,Running,60,7,2539.0,High intensity,2544.0
93,62.3,Male,79.3,161.6,5094,87,Yoga,139,1,2126.6,Low effort,2125.0
94,18.6,Male,,151.3,10524,91,HIIT,161,2,2340.9,,2341.0
95,42.2,Female,66.9,184.3,11041,77,Running,146,9,2653.9,Low effort,2650.0
96,24.8,Male,101.5,185.2,9103,106,HIIT,131,9,2913.1,Good workout,2910.0
97,26.1,Male,91.4,166.5,19402,48,HIIT,106,7,2737.7,Evening workout,
98,41.3,Male,98.7,177.1,16090,29,HIIT,135,2,2335.0,,2334.0
99,18.3,Male,47.2,177.6,16915,86,Swimming,69,5,2484.2,Evening workout,2483.0
100,61.4,Female,97.5,171.4,9709,109,Walking,75,4,2589.6,Low effort,2585.0
101,25.4,Female,75.6,187.8,2438,118,Walking,106,2,2104.6,,2109.0
102,41.1,Male,113.7,156.2,19436,77,HIIT,102,2,2844.9,High intensity,2840.0
103,28.4,Female,77.3,164.5,16029,44,Cycling,83,10,2578.5,Evening workout,2578.0
104,34.0,Female,116.6,181.4,5517,17,Yoga,162,8,2154.8,Evening workout,2158.0
105,25.4,Male,94.9,160.3,19696,61,HIIT,67,5,2664.1,Low effort,2664.0
106,52.7,Male,60.4,173.8,11905,49,Swimming,134,8,2386.4,Good workout,2388.0
107,52.4,,83.7,152.8,2244,45,Walking,164,2,1760.5,Morning session,1760.0
108,50.8,Male,90.7,179.6,3416,15,,85,2,1377.1,Low effort,1377.0
109,22.0,Male,91.8,155.3,16293,95,HIIT,66,3,2642.0,Good workout,2641.0
110,59.0,Female,88.6,151.0,7490,79,Swimming,138,10,2667.9,,2663.0
111,56.4,Male,53.4,163.5,12683,115,Cycling,74,8,2821.9,High intensity,2817.0
112,58.3,Male,94.5,190.1,6839,109,Cycling,107,8,2711.0,,2712.0
113,45.6,Male,104.7,167.8,15850,82,HIIT,62,3,2602.8,High intensity,2601.0
114,24.6,Female,59.2,193.7,13170,25,Running,75,1,1681.1,,1683.0
115,26.8,Male,80.4,180.3,12967,112,Swimming,138,7,2961.1,Good workout,2963.0
116,25.8,Male,107.2,162.5,6009,55,Yoga,148,4,2141.1,,2145.0
117,29.4,Male,113.7,175.6,18966,68,Walking,156,3,2935.7,Good workout,2938.0
118,51.2,Female,85.5,193.7,15312,47,Walking,73,5,2344.7,,2342.0
119,50.4,Male,118.6,161.8,9924,106,Yoga,147,6,2970.7,Evening workout,2969.0
120,40.4,Male,68.4,167.1,16921,27,Cycling,177,1,2302.7,Morning session,2300.0
121,41.3,Male,93.1,158.4,19811,21,Swimming,134,9,2726.6,Low effort,2724.0
122,54.4,Female,62.1,170.4,6721,63,Yoga,62,6,1910.1,,1913.0
123,52.1,Male,51.8,189.5,9423,100,HIIT,132,3,2391.6,,2391.0
124,61.3,Male,48.1,192.4,5930,56,Swimming,129,1,1745.1,Morning session,1741.0
125,57.5,Male,113.7,173.6,5353,10,Walking,90,9,1929.7,Morning session,1929.0
126,39.8,Female,104.3,183.4,8832,24,Walking,178,2,2069.0,Low effort,2069.0
127,44.6,Male,99.4,157.6,17786,100,Swimming,139,10,3408.5,Evening workout,3408.0
128,52.8,Male,60.4,193.1,17448,89,Walking,134,6,2852.9,Evening workout,2857.0
129,18.3,Male,73.6,182.3,19621,30,Cycling,173,6,2650.5,,2655.0
130,52.8,Female,67.3,172.3,8770,10,Cycling,76,3,1542.5,High intensity,1542.0
131,54.4,Female,58.3,162.7,17556,102,Yoga,108,6,2907.6,Good workout,2911.0
132,64.6,Male,93.2,163.1,16094,76,HIIT,62,2,2491.3,,2496.0
133,31.7,Female,77.4,163.8,8935,21,Yoga,142,8,2087.1,Morning session,2092.0
134,20.3,Female,69.8,165.8,3675,37,Running,147,1,1564.8,,1566.0
135,18.6,Female,65.3,187.8,12240,48,Yoga,114,6,2177.5,Low effort,2179.0
136,22.1,Male,61.1,188.8,5005,46,Yoga,170,1,1751.6,Morning session,1748.0
137,43.8,Male,67.4,175.3,7544,104,Yoga,165,9,2795.7,,2795.0
138,31.4,Female,101.3,175.3,18332,69,HIIT,131,9,3098.3,Good workout,3099.0
139,56.3,Female,102.4,150.5,15388,40,HIIT,172,6,2695.1,Morning session,2692.0
140,44.3,Female,58.3,181.2,15959,67,HIIT,159,6,2709.3,Low effort,2711.0
141,26.3,Male,64.1,164.1,2694,106,Running,99,9,2297.0,Good workout,2294.0
142,32.1,Male,74.8,170.3,15753,106,Walking,125,5,2906.0,Low effort,2905.0
143,32.8,Female,63.7,167.0,17526,113,Walking,146,9,3208.7,Good workout,3207.0
144,43.0,Female,97.1,179.2,7001,20,Swimming,99,5,1813.1,Good workout,1814.0
145,59.1,Female,100.2,162.2,7652,119,HIIT,89,4,2632.0,Evening workout,2636.0
146,30.4,Female,67.8,173.1,15985,38,HIIT,84,2,2060.1,Good workout,2060.0
147,49.3,Male,106.1,179.9,5581,98,Swimming,66,2,2171.7,Low effort,2167.0
148,56.5,Female,77.1,151.0,6087,22,Yoga,151,1,1696.9,,1693.0
149,49.8,Male,62.1,168.6,2460,60,Cycling,164,10,2182.9,Morning session,2186.0
150,21.6,Female,117.1,193.2,4887,117,Yoga,109,3,2480.8,Morning session,2479.0
151,47.8,Female,77.6,174.4,15878,63,Running,140,1,2421.7,Good workout,2423.0
152,54.6,Female,76.7,163.5,9484,28,Running,155,6,2158.6,Morning session,2158.0
153,40.2,Female,105.3,155.7,10835,67,HIIT,60,7,2431.7,Morning session,2434.0
154,56.5,Female,98.1,161.7,16643,45,Swimming,150,9,2907.3,Good workout,2911.0
155,62.0,Male,61.7,169.5,11910,37,Running,103,7,2158.7,,2161.0
156,32.3,Female,63.8,172.2,18221,77,Running,159,4,2785.3,,2782.0
157,60.9,Female,114.5,179.8,6846,12,Swimming,108,4,1818.6,Good workout,1820.0
158,46.3,Female,78.2,179.1,9463,111,Cycling,66,8,2667.8,Morning session,2668.0
159,53.1,Male,69.1,187.0,14336,110,Walking,179,4,2988.4,Morning session,2985.0
160,30.3,Male,112.2,179.7,3369,116,Walking,62,1,2163.0,High intensity,2165.0
161,49.6,Male,118.5,190.6,14992,98,Swimming,153,9,3330.3,Good workout,3334.0
162,24.3,Male,118.1,179.8,1882,50,HIIT,60,3,1648.6,Good workout,1649.0
163,39.6,Female,55.4,185.6,4171,44,Cycling,110,1,1483.7,Morning session,1482.0
164,45.2,Female,60.3,183.5,3040,102,Walking,157,9,2485.3,High intensity,2488.0
165,19.1,Female,105.6,165.3,7372,114,Walking,97,10,2863.6,Good workout,2867.0
166,59.1,Male,51.5,173.3,8562,102,Yoga,102,10,2613.7,Evening workout,2616.0
167,62.6,Female,60.8,163.6,12776,85,Swimming,114,5,2554.0,Morning session,2558.0
168,23.6,Female,60.1,175.3,6900,108,Cycling,116,9,2569.2,,2571.0
169,45.5,Male,84.5,157.2,8965,93,Yoga,112,3,2383.9,Evening workout,2381.0
170,45.5,Male,56.3,163.3,9465,90,Cycling,159,6,2562.1,,2562.0
171,61.0,Male,79.2,180.5,1589,85,HIIT,92,7,2121.1,Evening workout,2122.0
172,61.6,Female,65.0,151.4,6063,59,Swimming,166,5,2126.2,High intensity,2127.0
173,37.6,Female,94.8,153.2,19374,109,Walking,139,8,3411.4,High intensity,3415.0
174,47.7,Male,87.2,150.1,17240,83,,121,10,3139.3,,3143.0
175,28.6,Female,61.3,169.1,2258,91,Swimming,161,6,2163.5,,2161.0
176,45.2,Male,76.2,163.0,14598,39,Walking,70,6,2192.3,High intensity,2195.0
177,42.9,Male,85.8,189.2,3866,81,Cycling,131,7,2295.6,Morning session,2297.0
178,56.4,Female,50.1,174.3,17955,114,Walking,111,8,3139.3,Low effort,3136.0
179,50.1,Male,71.1,174.8,9736,86,Cycling,60,2,2086.3,Low effort,2088.0
180,18.8,Male,64.8,152.6,13704,104,HIIT,73,7,2605.4,,2610.0
181,44.4,Male,69.6,154.7,1637,79,Walking,153,9,2249.8,Evening workout,2246.0
182,30.6,Female,110.9,187.1,5882,63,Walking,144,1,2074.4,Low effort,2078.0
183,58.8,Male,53.3,175.4,16828,80,Swimming,80,1,2319.4,,2318.0
184,20.1,Male,97.4,189.8,4672,94,Cycling,93,7,2324.0,,2327.0
185,56.2,Male,105.5,187.7,13329,111,Cycling,161,5,3133.6,,3131.0
186,23.5,Male,82.4,187.3,15967,116,Cycling,149,1,2915.9,,2916.0
187,25.0,Male,47.9,153.6,5711,60,HIIT,164,1,1804.0,Morning session,1803.0
188,44.2,Male,114.8,156.6,14235,37,Walking,73,2,2203.3,Low effort,2200.0
189,26.1,Male,99.0,179.3,1159,73,Swimming,177,10,2400.6,,2398.0
190,54.6,Female,45.7,179.2,11144,117,Running,99,9,2766.8,,2771.0
191,50.2,Female,114.7,168.1,15793,94,Running,94,3,2840.9,Low effort,2839.0
192,59.9,Male,89.1,188.6,10923,30,Walking,101,9,2304.3,Evening workout,2308.0
193,61.3,Female,91.0,184.7,6938,97,Walking,141,6,2629.6,Good workout,2634.0
194,41.8,Female,70.5,189.4,12354,36,Yoga,79,10,2293.0,Morning session,2293.0
195,,Male,58.2,182.9,10924,36,HIIT,119,6,2048.5,Morning session,2045.0
196,49.1,Female,98.0,182.1,1580,86,Cycling,68,7,2094.7,,2098.0
197,49.6,Male,115.7,163.5,5474,59,Swimming,164,10,2632.9,Low effort,2635.0
198,41.6,Male,90.0,187.3,10941,38,Walking,174,8,2514.1,Low effort,2519.0
199,58.6,Male,75.6,159.2,8073,48,HIIT,168,3,2148.3,,2145.0
200,29.8,Male,103.2,177.9,10662,66,Running,92,8,2513.1,High intensity,2509.0
201,56.7,Male,73.7,163.2,6059,101,Swimming,108,6,2440.4,,2436.0
202,19.4,Female,61.2,185.6,14457,46,Running,127,6,2289.4,,2289.0
203,20.8,Male,58.6,187.8,5328,102,Walking,63,3,1966.5,,1969.0
204,54.6,Female,80.8,165.1,18778,73,HIIT,107,6,2864.3,,2869.0
205,34.6,Male,102.4,170.4,1921,57,HIIT,75,8,1933.6,,1937.0
206,19.4,Male,68.8,177.0,3773,31,Running,106,7,1669.2,High intensity,1669.0
207,19.6,Male,107.8,182.7,5462,109,Walking,85,10,2645.4,Evening workout,2647.0
208,45.4,Female,69.4,155.3,7733,39,Cycling,129,10,2227.1,High intensity,2230.0
209,40.6,Male,103.6,190.4,12774,37,Cycling,96,7,2312.6,Good workout,2316.0
210,54.2,Male,76.1,164.3,10310,32,Running,81,3,1857.8,Good workout,1856.0
211,49.2,Male,62.6,193.0,2865,106,Swimming,165,10,2576.3,Morning session,2578.0
212,50.6,Male,81.8,152.2,18108,13,Yoga,162,3,2334.7,,2330.0
213,18.3,Female,70.1,192.2,1711,12,Swimming,66,5,1179.7,Evening workout,1177.0
214,36.5,Male,53.9,184.6,8710,70,Cycling,101,5,2064.6,,2067.0
215,19.6,Female,108.4,163.3,14446,105,Running,89,9,3084.6,Good workout,3085.0
216,61.1,Male,116.5,151.1,14394,13,HIIT,133,9,2557.0,,2560.0
217,43.6,Female,64.8,178.9,1390,74,Walking,138,10,2191.6,,2189.0
218,49.9,Female,98.5,153.8,10262,21,Walking,65,5,1893.6,Good workout,1892.0
219,23.4,Male,74.8,175.1,5487,22,HIIT,83,5,1585.0,,1585.0
220,49.5,Male,97.6,161.1,11620,43,Running,125,6,2399.6,Good workout,2395.0
221,21.4,Female,107.0,151.3,14570,68,HIIT,99,8,2743.5,Low effort,2741.0
222,28.5,Male,55.2,166.6,7066,102,Walking,175,6,2533.3,,2529.0
223,34.3,Male,75.4,184.9,5494,82,Walking,74,6,2106.4,,2102.0
224,55.2,Male,93.4,159.3,4572,40,Walking,112,9,2084.1,,2089.0
225,41.8,Female,63.6,171.8,13670,80,HIIT,144,1,2382.6,Good workout,2386.0
226,22.6,Male,56.3,190.4,16939,22,Swimming,141,4,2185.6,Evening workout,2188.0
227,51.5,Male,59.1,192.4,17260,63,Cycling,64,10,2690.7,,2686.0
228,23.8,Male,75.5,170.7,11249,11,Yoga,148,10,2221.8,Good workout,2218.0
229,39.8,,87.5,164.5,3311,42,Cycling,95,2,1617.5,High intensity,1613.0
230,28.2,Male,81.1,184.2,12071,59,Cycling,133,9,2611.7,Evening workout,2609.0
231,33.5,Female,73.7,170.3,7773,16,Yoga,174,3,1809.2,Morning session,1813.0
232,50.7,Male,70.8,170.8,7905,27,Running,105,10,2071.7,,2074.0
233,26.4,Female,46.3,170.3,4642,60,Swimming,82,2,1555.1,High intensity,1554.0
234,23.7,Male,59.2,193.9,7338,17,HIIT,147,8,1932.4,Evening workout,1928.0
235,33.8,Male,48.2,181.5,17346,64,Cycling,104,4,2408.7,Morning session,2412.0
236,46.5,Female,94.8,154.6,19993,85,Swimming,69,2,2751.4,,2754.0
237,20.5,Female,82.8,188.3,10622,52,HIIT,113,4,2120.1,High intensity,2124.0
238,,Female,67.3,158.3,16655,68,HIIT,129,7,2720.2,Good workout,2721.0
239,53.5,Male,103.6,167.4,11105,39,Walking,136,7,2461.5,High intensity,2460.0
240,36.1,Male,119.4,170.5,7240,68,Walking,144,1,2265.2,Low effort,2266.0
241,43.2,Male,72.7,157.5,15797,18,Walking,91,1,1892.8,Morning session,1890.0
242,20.0,Male,110.4,193.4,8806,101,Running,102,3,2522.9,Evening workout,2520.0
243,36.9,Female,52.9,183.5,1757,77,Cycling,177,2,1888.1,,1893.0
244,37.8,Male,73.7,159.1,7220,48,Yoga,74,3,1751.6,,1753.0
245,49.2,Male,55.6,190.0,11104,90,Swimming,125,4,2431.2,,2428.0
246,24.8,Male,62.5,173.8,15316,20,Yoga,74,7,2040.8,,2042.0
247,58.2,Male,99.5,189.5,10326,11,Swimming,174,2,2019.9,Evening workout,2021.0
248,50.1,Male,94.3,173.1,9956,32,Running,140,7,2296.6,Morning session,2300.0
249,57.3,Male,58.3,181.0,4497,72,Yoga,79,5,1871.4,Low effort,1876.0
250,56.4,Male,118.4,182.5,10864,31,Swimming,109,8,2434.8,High intensity,2433.0
251,35.4,Female,53.7,187.4,9774,70,Running,65,8,2166.4,,2170.0
252,57.0,Male,55.0,193.5,15039,35,Running,138,5,2307.4,Evening workout,2305.0
253,18.1,Male,107.9,183.5,2821,21,Walking,76,10,1802.0,Good workout,1806.0
254,28.2,Male,111.7,160.6,18569,41,Cycling,179,8,2963.9,Evening workout,2965.0
255,45.7,Male,97.0,180.2,13717,18,Walking,85,9,2304.1,,2302.0
256,42.6,Female,83.1,167.8,19021,116,Running,81,7,3172.3,Evening workout,3173.0
257,40.0,Female,100.8,172.6,11372,78,HIIT,132,6,2632.6,Good workout,2633.0
258,48.6,Female,72.2,171.1,9380,99,HIIT,123,7,2600.5,,2603.0
259,47.7,Female,119.7,192.7,2746,80,Swimming,135,7,2417.1,Morning session,2417.0
260,59.7,Female,83.9,167.5,6797,102,HIIT,145,3,2496.7,,2493.0
261,52.6,Female,69.9,189.7,17283,42,Yoga,117,6,2515.1,,2512.0
262,24.5,Male,65.4,190.8,9089,33,Walking,146,6,2026.1,High intensity,2029.0
263,33.9,Female,54.3,188.2,13137,98,HIIT,96,9,2696.4,,2697.0
264,43.4,Female,87.3,169.1,8597,104,Swimming,137,1,2421.0,Low effort,2425.0
265,19.1,Male,59.2,162.6,7107,102,Cycling,147,7,2509.3,Morning session,2508.0
266,18.8,Female,92.3,194.4,3793,78,Swimming,131,1,1952.8,,1956.0
267,29.2,Male,65.6,150.6,12138,47,Cycling,149,10,2533.8,Good workout,2529.0
268,22.1,Male,104.9,153.3,3500,118,Running,155,4,2572.4,Good workout,2572.0
269,54.5,Female,94.6,173.4,14138,20,Running,87,7,2245.7,Morning session,2246.0
270,49.2,Male,67.7,185.5,9361,41,Running,155,6,2197.4,,2202.0
271,26.2,Female,57.4,185.2,5925,73,Cycling,145,6,2162.8,High intensity,2163.0
272,58.7,Female,113.4,194.6,18464,81,Running,108,5,3010.3,Good workout,3012.0
273,52.2,Male,48.4,151.5,5453,29,Yoga,132,7,1785.5,Morning session,1781.0
274,36.1,Male,116.6,177.5,19632,43,Yoga,126,9,3020.3,Evening workout,3020.0
275,33.0,Female,53.1,175.1,15779,51,HIIT,148,6,2472.1,Low effort,2471.0
276,20.5,Male,79.9,172.5,13100,17,Walking,162,10,2398.7,,2394.0
277,37.8,Male,65.8,164.9,16162,75,Swimming,135,7,2741.7,Evening workout,2745.0
278,41.5,Female,102.4,185.6,2325,30,HIIT,152,9,2033.0,Morning session,2028.0
279,50.3,Female,62.9,176.8,12369,88,Running,126,7,2654.6,,2653.0
280,41.1,Male,116.2,155.2,11340,79,Walking,100,6,2635.6,,2640.0
281,28.6,Female,87.5,184.5,14408,14,Yoga,105,3,1990.2,,1990.0
282,25.1,Female,50.9,188.5,19072,76,Swimming,146,1,2590.3,Evening workout,2595.0
283,53.6,Female,111.7,187.8,19460,116,Cycling,146,10,3713.6,Morning session,3709.0
284,55.4,Female,56.2,184.0,2461,52,Swimming,114,9,1941.2,Evening workout,1942.0
285,57.8,Female,56.2,185.1,10594,25,Swimming,141,7,2103.8,,2104.0
286,37.3,Female,110.1,159.0,1072,108,Cycling,70,3,2065.1,Morning session,2068.0
287,52.9,Female,46.5,179.8,7030,82,Running,159,10,2518.5,High intensity,2521.0
288,42.7,Male,59.5,190.3,8717,44,Running,85,9,2054.0,,2058.0
289,52.7,Female,67.6,187.5,14331,92,Swimming,131,3,2617.8,,2618.0
290,42.4,Male,73.7,178.6,14936,52,Running,151,3,2409.1,Low effort,2410.0
291,46.1,Male,51.5,192.4,19877,119,HIIT,141,7,3273.4,,3278.0
292,35.2,Male,72.8,188.2,4576,107,Yoga,72,2,2023.1,,2024.0
293,63.6,Female,58.8,153.4,9100,48,Walking,95,10,2254.7,,2257.0
294,35.5,Female,88.1,154.4,14612,19,Walking,165,7,2437.2,Morning session,2441.0
295,19.3,Male,74.6,153.1,6728,83,Running,163,7,2453.1,Morning session,2453.0
296,52.8,Female,76.9,185.2,1032,29,Yoga,167,1,1514.7,Good workout,1517.0
297,33.1,Male,114.4,194.7,11886,10,Walking,123,10,2407.8,Good workout,2405.0
298,58.7,Female,50.9,165.4,15078,15,Cycling,110,2,1851.3,High intensity,1855.0
299,53.9,Female,71.4,174.8,5373,62,Running,135,5,2066.8,High intensity,2067.0
300,50.6,Male,68.8,163.0,15468,55,Swimming,81,4,2288.6,Evening workout,2290.0
301,21.1,Male,78.8,160.0,14037,75,Walking,119,3,2451.6,Good workout,2450.0
302,50.5,Male,84.5,178.9,15461,47,Cycling,61,10,2565.6,Good workout,2564.0
303,31.5,Female,91.1,183.3,3392,42,Walking,115,8,1956.3,,1956.0
304,38.4,Male,119.3,171.5,12063,76,Swimming,99,7,2743.1,High intensity,2747.0
305,37.4,Female,68.4,163.8,18785,109,Walking,87,9,3111.3,Morning session,3116.0
306,25.7,Female,109.8,173.6,1817,86,Walking,136,3,2147.1,,2146.0
307,24.6,Female,62.2,188.6,7203,44,Walking,156,10,2246.2,Evening workout,2245.0
308,20.6,Male,88.1,175.2,3438,88,Cycling,62,1,1794.1,,1792.0
309,34.1,Male,101.1,192.5,18594,54,Swimming,122,9,2959.4,Good workout,2960.0
310,50.3,Male,72.0,185.6,7641,31,Swimming,157,9,2211.7,Morning session,2208.0
311,29.7,Female,115.8,188.2,17983,116,Yoga,82,1,2961.0,,2961.0
312,39.6,Female,67.6,165.6,15026,77,Cycling,114,8,2772.8,,2770.0
313,39.7,Male,78.5,187.3,19230,26,HIIT,91,10,2627.6,Evening workout,2628.0
314,63.7,Female,55.6,181.4,19271,14,Running,143,1,2148.0,High intensity,2144.0
315,47.4,Female,79.7,155.1,18063,94,Cycling,87,6,2897.7,,2899.0
316,55.6,Male,86.0,183.8,2835,66,Walking,67,9,2088.8,Evening workout,2084.0
317,55.7,Male,72.6,157.5,13222,97,Cycling,62,3,2431.1,Low effort,2435.0
318,62.8,Male,68.2,179.8,3177,104,Swimming,153,6,2448.3,,2447.0
319,25.1,Female,52.6,176.2,9142,49,,148,3,1965.9,High intensity,1968.0
320,44.5,Female,97.3,156.2,1148,39,HIIT,112,5,1700.7,Morning session,1701.0
321,44.5,Female,116.5,176.7,18879,51,Walking,153,7,3049.1,Evening workout,3046.0
322,51.5,Female,48.3,174.7,14105,16,Swimming,88,10,2091.0,Good workout,2096.0
323,38.7,Female,49.4,190.2,2744,80,Yoga,170,4,2000.5,Low effort,2001.0
324,47.7,Male,93.8,164.1,2646,100,Walking,153,4,2365.8,,2367.0
325,50.3,Female,74.9,174.1,10864,97,HIIT,157,7,2773.7,,2772.0
326,45.0,Female,116.8,171.4,14666,28,Walking,148,5,2559.0,High intensity,2561.0
327,64.6,Female,107.8,167.7,4667,50,Cycling,140,1,1983.7,Good workout,1985.0
328,50.8,Male,91.4,161.0,17960,43,Running,118,10,2834.0,Evening workout,2831.0
329,22.0,Male,70.6,172.1,12287,31,Running,83,2,1834.9,Evening workout,1835.0
330,36.0,Male,101.0,194.9,17302,61,Cycling,97,6,2680.4,,2682.0
331,21.4,Female,81.9,188.1,14010,100,Running,87,9,2834.7,High intensity,2838.0
332,52.2,Male,51.5,174.9,5779,15,Walking,156,7,1757.0,Good workout,1757.0
333,34.6,Male,84.2,159.8,9187,83,Running,121,4,2332.7,,2334.0
334,61.4,,83.9,179.6,14029,118,HIIT,159,2,2956.4,Morning session,2952.0
335,45.7,Female,106.8,159.6,3972,104,Cycling,110,4,2385.4,Low effort,2384.0
336,47.2,Male,97.6,183.8,19429,34,Yoga,66,5,2474.8,,2473.0
337,46.5,Female,48.3,162.9,12140,75,Yoga,82,2,2082.7,,2087.0
338,63.4,Female,69.5,178.2,19011,19,Cycling,177,1,2355.8,Low effort,2355.0
339,23.5,Male,51.7,187.8,15847,83,Yoga,105,4,2449.5,Evening workout,2448.0
340,52.8,Female,72.0,190.8,15423,35,Cycling,149,6,2447.2,Low effort,2452.0
341,58.9,Male,113.3,194.4,2488,14,HIIT,137,1,1526.5,Evening workout,1523.0
342,54.5,Female,111.2,158.8,10127,95,,165,1,2692.0,Morning session,2695.0
343,41.7,Male,64.4,162.7,10906,77,Walking,87,9,2475.0,Evening workout,2476.0
344,46.4,Male,55.9,186.8,2802,107,Swimming,83,5,2058.1,Good workout,2063.0
345,63.1,Male,111.2,163.8,16627,80,Walking,66,2,2661.9,,2665.0
346,48.7,Female,51.2,186.1,4520,59,Cycling,171,2,1874.6,,1879.0
347,52.6,Male,67.2,158.4,6896,26,Running,159,4,1864.0,Low effort,1861.0
348,50.1,Female,105.9,157.2,16244,20,Walking,162,2,2381.7,Low effort,2380.0
349,38.1,Male,115.4,188.6,4311,62,Cycling,138,4,2203.7,Low effort,2207.0
350,49.8,Female,78.4,189.2,19689,59,Running,108,6,2753.5,Morning session,2756.0
351,40.4,Female,63.2,152.0,19351,17,Cycling,62,7,2265.9,,2265.0
352,50.9,Male,102.4,189.7,9009,101,Swimming,171,6,2870.5,Morning session,2874.0
353,20.4,Male,53.1,182.5,12906,117,Yoga,61,4,2435.5,High intensity,2431.0
354,35.5,Male,92.7,181.4,13227,106,Yoga,66,10,2939.5,Evening workout,2939.0
355,42.6,Male,85.0,156.7,6462,71,Yoga,139,3,2155.5,,2159.0
356,59.7,Male,92.2,168.4,14060,98,Yoga,80,4,2681.9,Low effort,2678.0
357,48.2,Female,89.7,183.6,4458,94,Walking,68,5,2165.0,Morning session,2168.0
358,20.7,Male,69.3,163.0,4730,85,Cycling,71,4,1903.3,High intensity,1904.0
359,57.5,Male,69.7,168.6,8547,99,Yoga,152,3,2517.0,Good workout,2521.0
360,63.7,Female,63.9,175.5,1027,38,Walking,83,1,1315.8,,1314.0
361,41.7,Male,83.3,166.1,16508,111,HIIT,92,3,2814.3,Evening workout,2817.0
362,49.8,Male,71.6,177.1,7423,108,Cycling,137,5,2531.1,,2534.0
363,64.3,Female,118.3,168.0,13453,110,Running,102,6,3100.4,Evening workout,3096.0
364,39.5,Male,107.4,176.8,18557,119,Yoga,141,4,3341.6,,3340.0
365,40.6,Male,112.4,168.1,17722,53,Cycling,177,1,2721.3,Morning session,2724.0
366,19.5,Male,63.7,182.4,10260,118,Walking,64,10,2687.4,Morning session,2692.0
367,44.5,Female,72.6,156.5,16861,54,Yoga,138,7,2686.1,Low effort,2684.0
368,59.6,Male,77.9,178.3,18225,38,HIIT,130,9,2762.7,Low effort,2764.0
369,19.6,Female,54.9,192.5,13476,97,Yoga,148,6,2714.1,,2716.0
370,43.0,Male,74.1,154.3,13938,68,Running,73,6,2434.8,High intensity,2431.0
371,34.6,Female,66.0,179.1,17677,24,Running,175,9,2628.6,Evening workout,2627.0
372,57.2,Male,47.6,192.8,11049,79,Walking,163,4,2410.7,Evening workout,2415.0
373,50.0,Female,119.2,157.7,19031,105,Yoga,95,5,3177.4,Good workout,3179.0
374,26.7,Female,92.5,191.3,6614,53,Running,94,5,1997.3,Morning session,1998.0
375,60.1,Female,46.8,161.4,12683,107,Walking,167,5,2761.0,Evening workout,2763.0
376,56.1,Female,98.8,191.6,12687,45,Running,109,8,2510.2,Good workout,2508.0
377,46.9,Female,50.9,162.6,4801,93,Yoga,147,1,2043.3,High intensity,2039.0
378,59.7,Female,84.8,175.9,9280,66,HIIT,138,10,2652.8,Morning session,2651.0
379,43.5,Male,46.1,167.9,8376,73,HIIT,70,10,2238.5,Evening workout,2235.0
380,52.1,Male,117.3,,11148,85,Running,83,3,2526.0,High intensity,2525.0
381,42.2,Female,46.7,169.6,15060,108,Yoga,134,8,2963.7,High intensity,2961.0
382,41.6,Female,118.1,165.6,18283,47,HIIT,103,9,2908.1,Evening workout,2908.0
383,30.9,Female,99.7,186.0,2744,26,Walking,110,2,1536.9,,1533.0
384,24.6,Female,116.5,152.4,19637,36,HIIT,76,4,2532.5,Morning session,2528.0
385,53.8,Male,104.0,176.1,12853,26,Running,129,8,2460.5,Morning session,2456.0
386,62.9,Female,50.6,164.6,15663,72,Yoga,144,5,2660.8,Good workout,2657.0
387,37.4,Male,63.4,183.7,2633,20,Cycling,67,1,1103.1,Good workout,1107.0
388,18.9,Male,71.6,194.3,9149,73,Walking,138,6,2311.6,Low effort,2309.0
389,25.0,Female,45.8,171.8,15671,48,HIIT,177,9,2621.4,Evening workout,2625.0
390,63.7,Female,77.1,189.2,5701,11,Yoga,175,9,2044.1,,2046.0
391,33.5,Male,84.1,172.0,14349,75,Cycling,155,1,2475.5,Evening workout,2472.0
392,31.3,Male,76.9,153.8,2013,63,Swimming,133,4,1852.3,Good workout,1853.0
393,29.4,Female,113.6,190.2,17279,38,Walking,87,1,2307.0,Evening workout,2306.0
394,40.8,,61.3,172.6,4299,54,Yoga,138,7,2020.0,Good workout,2018.0
395,32.1,Female,52.6,158.7,2506,97,Cycling,71,3,1772.8,Good workout,1777.0
396,45.0,Male,101.8,173.1,5803,97,Yoga,102,2,2226.2,Good workout,2229.0
397,51.0,Male,86.3,170.7,18361,89,Walking,141,8,3167.3,Good workout,3166.0
398,19.0,Female,53.7,190.3,19201,40,Walking,179,9,2727.3,Morning session,2731.0
399,49.8,Male,79.2,165.6,15760,58,Running,96,7,2616.1,Evening workout,2612.0
400,40.4,Male,115.9,174.4,11826,116,Cycling,167,6,3191.6,Low effort,3195.0
401,39.1,Female,97.3,175.1,14821,18,Running,147,10,2616.4,,2614.0
402,42.2,Female,98.4,194.8,14007,36,Yoga,122,6,2444.0,Good workout,2441.0
403,39.5,Male,69.2,158.7,16786,65,HIIT,160,9,2882.8,,2884.0
404,39.2,Male,111.1,164.4,10140,114,Running,177,5,3019.6,,3024.0
405,59.6,Female,106.6,188.8,7798,87,Yoga,152,5,2650.1,,2655.0
406,23.8,Female,99.8,182.3,17857,54,HIIT,122,2,2493.3,Low effort,2497.0
407,32.4,Female,90.2,150.2,1567,98,Cycling,69,6,2088.1,Good workout,2092.0
408,60.6,Female,68.1,154.2,12624,52,Cycling,137,6,2430.3,,2433.0
409,54.6,Female,90.1,158.8,13215,117,Cycling,139,6,3118.9,Good workout,3117.0
410,50.5,Male,66.5,193.5,8966,31,Running,96,4,1830.4,Evening workout,1833.0
411,25.6,Male,55.7,155.8,19642,108,Cycling,70,7,2944.0,Evening workout,2940.0
412,61.8,Male,92.5,177.4,9120,42,Walking,174,9,2541.6,High intensity,2546.0
413,61.9,Male,52.8,194.5,17279,36,Yoga,149,1,2242.2,Low effort,2241.0
414,22.7,Female,83.5,175.4,12336,49,Running,163,3,2318.8,Low effort,2319.0
415,56.4,Female,79.6,177.8,5310,35,Cycling,78,10,1948.5,Evening workout,1945.0
416,21.5,Female,93.6,189.1,14187,92,Cycling,111,9,2939.2,High intensity,2939.0
417,23.3,Male,90.2,164.8,15089,54,HIIT,177,5,2611.3,Good workout,2610.0
418,62.4,Male,82.1,155.1,2982,112,Yoga,77,6,2269.2,Good workout,2265.0
419,49.8,Male,52.5,176.6,2096,54,Swimming,153,8,1953.4,Morning session,1954.0
420,47.1,Female,98.2,187.3,14582,35,Cycling,91,9,2527.8,Morning session,2525.0
421,64.5,Male,81.7,153.1,7497,79,Running,82,8,2356.4,,2359.0
422,52.2,Female,84.8,160.6,14545,76,Running,176,3,2759.8,Low effort,2759.0
423,57.2,Female,78.5,170.6,12582,15,Running,71,10,2195.7,Evening workout,2196.0
424,33.6,Female,61.1,179.2,16378,37,Cycling,117,1,2103.7,Low effort,2103.0
425,30.9,Female,77.7,167.2,11864,76,Cycling,136,5,2498.6,Evening workout,2503.0
426,59.8,Female,91.2,184.7,19803,22,Walking,80,7,2532.7,High intensity,2535.0
427,47.5,Female,96.8,152.5,5279,72,Swimming,80,2,1952.2,High intensity,1956.0
428,36.4,Male,53.1,161.3,18057,22,Cycling,152,1,2130.4,,2126.0
429,34.6,Female,77.6,176.6,8312,86,Swimming,152,4,2389.4,Morning session,2392.0
430,36.6,Female,104.2,179.6,16440,10,Yoga,173,3,2354.0,,2355.0
431,45.1,Male,65.4,170.3,3369,49,Walking,150,4,1823.2,Evening workout,1826.0
432,43.1,Female,102.1,187.0,17192,46,Walking,88,1,2341.3,,2344.0
433,54.4,Male,113.8,170.3,18450,40,Swimming,138,2,2643.3,,2641.0
434,43.4,Male,54.1,187.7,6432,26,Running,106,1,1435.9,Low effort,1433.0
435,40.4,Male,50.4,189.4,1687,18,Walking,71,3,1118.1,High intensity,1117.0
436,26.3,Female,57.1,164.4,14175,118,HIIT,117,4,2739.6,Evening workout,2735.0
437,29.5,Female,109.5,167.3,1068,73,Running,100,1,1828.1,,1829.0
438,18.1,Male,64.4,178.9,11295,66,Walking,78,6,2189.2,Good workout,2187.0
439,18.5,Female,101.3,187.5,7774,22,Yoga,71,2,1635.8,High intensity,
440,64.7,Female,90.3,170.8,17803,46,Yoga,82,10,2800.2,High intensity,2802.0
441,51.7,Male,52.1,166.7,13190,23,Swimming,64,5,1866.4,Good workout,1864.0
442,49.9,Male,54.1,190.2,11789,84,Yoga,85,8,2440.3,Morning session,2443.0
443,42.4,Female,117.1,167.7,7891,34,Swimming,176,4,2263.9,Good workout,2259.0
444,57.6,Male,111.1,186.7,11316,104,Cycling,122,5,2892.8,,2896.0
445,62.7,Male,55.3,187.0,1439,87,Swimming,111,9,2148.6,Good workout,2152.0
446,18.8,Male,56.7,161.1,18592,66,HIIT,69,2,2249.6,Morning session,2247.0
447,33.7,Female,54.4,160.6,19947,80,Cycling,145,2,2683.9,High intensity,2687.0
448,56.5,Female,69.8,169.2,8466,97,HIIT,98,6,2436.8,High intensity,2432.0
449,22.1,Female,93.5,158.1,18637,109,Yoga,82,6,3068.1,Low effort,3065.0
450,39.2,Male,93.6,150.1,4209,51,HIIT,70,3,1722.3,Evening workout,1726.0
451,46.1,Female,55.6,152.0,4549,51,Yoga,151,9,2131.6,,2135.0
452,20.2,Male,106.7,170.1,17998,56,HIIT,154,1,2633.4,Good workout,2630.0
453,29.9,Female,80.4,172.4,4078,53,Walking,131,3,1835.4,Low effort,1832.0
454,43.7,Female,83.4,158.3,4490,50,Yoga,176,8,2222.7,Good workout,2226.0
455,33.7,Male,97.0,168.0,4543,12,HIIT,162,8,1960.6,Low effort,1957.0
456,54.1,Female,100.8,194.8,19284,117,HIIT,107,4,3273.8,Evening workout,3274.0
457,39.9,Male,45.7,168.8,7751,99,Swimming,151,8,2540.7,Good workout,2542.0
458,46.5,Female,100.7,172.2,15906,99,Running,75,10,3096.1,,3093.0
459,31.5,Female,48.2,176.6,19096,10,Cycling,105,8,2256.9,,2260.0
460,45.8,Male,74.3,176.3,15425,88,HIIT,106,1,2523.9,Good workout,2524.0
461,22.0,Male,56.2,188.6,19713,20,Walking,175,3,2353.3,Low effort,2354.0
462,64.5,Male,79.7,185.8,12811,110,Cycling,154,1,2768.0,Morning session,2772.0
463,47.5,Female,96.3,161.5,18578,16,Running,164,2,2438.8,High intensity,2442.0
464,63.1,Female,75.4,176.1,7781,21,Swimming,107,4,1782.3,,1782.0
465,22.8,Female,112.1,183.4,18762,47,Swimming,139,3,2691.2,Morning session,2691.0
466,29.3,Male,96.9,182.5,16563,63,Swimming,128,6,2745.7,Morning session,2742.0
467,33.1,Male,51.8,177.6,15797,76,Yoga,158,5,2631.2,,2630.0
468,43.6,Male,66.3,180.5,18133,115,HIIT,176,5,3217.5,Morning session,3219.0
469,43.8,Female,119.4,181.8,1300,62,Cycling,84,10,2166.5,Morning session,2167.0
470,38.2,Female,100.0,169.5,5695,99,Running,136,7,2622.0,Low effort,2618.0
471,56.3,Male,102.7,189.8,13174,103,Cycling,152,7,3089.8,High intensity,3094.0
472,53.5,Female,108.3,184.8,17222,41,Swimming,150,9,2941.8,Low effort,2938.0
473,50.0,Male,56.8,180.8,17661,109,Running,163,8,3232.1,,3234.0
474,47.6,Female,51.2,180.4,11750,54,Yoga,140,3,2115.4,,2112.0
475,54.7,Female,99.4,187.0,8307,60,Walking,96,2,2093.5,,2094.0
476,40.3,Male,106.3,171.3,19545,46,Yoga,161,1,2643.0,Low effort,2646.0
477,27.6,Female,117.9,194.4,14818,68,Yoga,122,10,3002.0,Evening workout,3001.0
478,22.1,Female,99.9,190.5,2389,63,HIIT,88,6,1941.6,,1938.0
479,53.1,Male,80.8,158.2,9882,27,HIIT,117,4,1977.6,Evening workout,1980.0
480,51.6,Male,68.7,158.7,11040,10,Swimming,157,3,1901.2,Low effort,1901.0
481,48.7,Female,88.5,164.5,7141,30,Yoga,153,2,1877.7,High intensity,1881.0
482,27.5,Male,61.7,162.7,14110,37,Walking,90,2,1915.6,,1920.0
483,36.5,Female,46.0,171.9,6969,25,HIIT,145,4,1669.8,Good workout,1673.0
484,49.1,Male,57.1,165.1,14162,57,Cycling,169,1,2328.2,,2324.0
485,18.7,Female,75.5,181.2,10131,37,Cycling,148,6,2188.1,Good workout,2191.0
486,22.3,Female,72.7,151.2,6037,31,HIIT,127,10,2037.3,,2036.0
487,62.4,,104.4,175.1,15693,92,Cycling,158,5,3067.9,High intensity,3068.0
488,21.1,Female,71.1,163.0,3451,10,Swimming,100,10,1640.0,Good workout,1643.0
489,33.7,Female,59.1,187.6,1024,104,Cycling,109,9,2241.9,Morning session,2240.0
490,41.7,Male,77.2,183.3,6962,51,Swimming,103,2,1839.4,Good workout,1843.0
491,,Male,64.6,157.8,3556,107,Cycling,68,9,2273.9,Evening workout,2274.0
492,19.8,Female,86.7,185.1,17444,119,Running,118,9,3292.1,Low effort,3290.0
493,45.8,Male,56.6,170.3,8675,113,Cycling,149,10,2825.0,High intensity,2820.0
494,49.1,Male,117.8,192.3,17506,79,HIIT,150,9,3286.7,Evening workout,3286.0
495,44.7,Female,67.1,177.2,6616,101,Yoga,86,10,2514.9,,2512.0
496,37.3,Female,116.8,193.5,11294,12,Cycling,141,10,2424.7,Evening workout,2429.0
497,41.3,Male,58.2,155.1,18570,104,Walking,153,4,2999.8,Low effort,2997.0
498,29.7,Male,69.6,169.3,15010,89,Walking,168,5,2857.6,,2854.0
499,52.2,Male,75.1,180.6,14394,90,Yoga,118,8,2875.7,,2873.0
500,50.1,Female,98.0,182.9,10922,53,Cycling,169,8,2674.9,Morning session,2679.0
501,50.2,Female,49.1,193.4,5089,36,Cycling,154,1,1598.9,,1598.0
502,60.7,,57.8,156.6,15448,60,Swimming,165,10,2851.7,,2851.0
503,54.2,Female,72.5,157.5,3472,33,Yoga,62,1,1364.6,Low effort,1364.0
504,29.2,Female,87.1,158.3,11469,29,Walking,152,10,2465.5,Low effort,2461.0
505,20.7,Female,91.8,151.1,8450,41,Swimming,66,6,1958.5,,1959.0
506,18.7,Female,115.3,166.1,3964,108,Yoga,141,7,2669.8,Good workout,2670.0
507,50.5,Male,82.7,194.2,9104,22,Cycling,75,2,1676.3,,1673.0
508,57.5,Male,111.2,186.0,18694,52,Yoga,108,2,2644.2,,2648.0
509,27.3,Female,106.6,191.1,3212,29,Swimming,91,5,1709.4,Good workout,1714.0
510,60.7,Female,83.9,193.5,10454,11,Running,161,9,2265.0,,2265.0
511,61.1,Female,81.2,166.5,7792,77,Running,148,5,2409.1,Low effort,2413.0
512,,Male,52.5,187.7,10554,100,Swimming,103,8,2572.8,High intensity,2573.0
513,30.4,Female,96.5,184.8,9703,69,Running,155,8,2628.4,High intensity,2632.0
514,29.1,Male,77.5,188.6,14219,98,HIIT,78,5,2599.1,Evening workout,2598.0
515,48.7,Male,86.4,179.7,16399,13,Cycling,62,8,2201.9,High intensity,2202.0
516,63.2,Male,71.1,155.0,19229,105,Swimming,119,8,3225.8,Evening workout,3223.0
517,19.4,Male,52.8,153.4,8660,26,Walking,94,5,1623.5,Good workout,1623.0
518,52.1,Male,67.3,186.0,2702,10,Swimming,173,5,1628.7,High intensity,1628.0
519,40.5,Female,108.4,184.9,17774,42,Running,88,4,2511.6,,2510.0
520,34.9,Female,64.6,158.8,18038,39,Running,134,1,2268.2,Morning session,2268.0
521,43.4,Male,60.7,155.7,5271,14,Walking,129,9,1782.3,,1779.0
522,25.5,Female,61.3,162.1,9955,21,Yoga,142,2,1753.7,Low effort,1756.0
523,46.2,Male,63.1,171.6,12459,111,HIIT,160,1,2629.9,High intensity,2631.0
524,43.9,Male,52.7,177.7,7674,41,Running,104,6,1888.3,Good workout,1885.0
525,27.3,Female,82.2,179.3,18469,47,HIIT,86,5,2437.4,High intensity,2435.0
526,43.2,Female,82.9,185.3,6446,26,Cycling,128,1,1659.0,Morning session,1655.0
527,51.5,Female,97.2,151.8,2963,67,Swimming,149,7,2258.5,High intensity,2260.0
528,58.1,Female,75.3,185.7,10977,118,Walking,94,7,2829.8,,2831.0
529,24.2,Female,88.3,157.3,11466,49,Walking,78,3,2052.2,Morning session,2052.0
530,21.5,Male,104.5,194.0,6177,105,Swimming,76,8,2565.4,High intensity,2563.0
531,62.5,Female,61.1,191.5,12160,33,Running,177,6,2292.5,Morning session,2291.0
532,28.5,Female,117.5,158.5,5572,21,Cycling,94,4,1795.1,,1799.0
533,46.4,Female,83.6,150.9,8543,104,Swimming,170,10,2954.1,High intensity,2957.0
534,53.1,Male,86.2,162.4,9907,28,Yoga,172,10,2506.1,Good workout,2505.0
535,42.6,Female,92.8,164.1,17626,38,Walking,136,10,2879.2,High intensity,2881.0
536,38.7,Male,56.8,181.4,7510,94,Swimming,137,3,2268.4,Morning session,2268.0
537,53.4,Female,62.3,183.9,18221,99,Swimming,89,1,2618.1,,2618.0
538,27.0,Female,50.8,192.7,4323,61,Walking,107,2,1606.7,,1604.0
539,54.2,Male,87.3,180.7,10537,101,Walking,116,2,2510.6,Low effort,2511.0
540,26.4,Female,79.2,163.5,11615,26,Running,166,5,2190.6,Evening workout,2195.0
541,41.9,Female,98.2,163.1,2432,82,Running,76,4,1959.2,Morning session,1956.0
542,52.6,Male,106.2,178.7,8655,30,Yoga,160,2,2051.0,Low effort,2049.0
543,52.3,Female,113.2,168.8,9431,69,Walking,176,9,2894.9,Good workout,2892.0
544,53.1,Male,60.8,176.8,9330,107,HIIT,74,7,2484.3,,2488.0
545,35.3,Male,52.6,158.0,12385,84,Walking,141,8,2658.5,,2662.0
546,56.7,Male,75.8,186.2,9611,29,HIIT,171,8,2323.2,High intensity,2327.0
547,49.9,Male,54.9,186.8,14872,62,Cycling,73,2,2128.1,Low effort,2130.0
548,41.6,Male,100.2,192.1,17687,112,Cycling,73,5,3046.2,Evening workout,3048.0
549,40.6,Female,114.2,177.0,3162,89,Cycling,104,3,2209.5,Good workout,2211.0
550,49.4,Female,64.2,173.7,7486,72,HIIT,156,10,2547.5,,2551.0
551,54.2,Female,49.0,177.4,5102,66,HIIT,97,9,2089.0,Low effort,2092.0
552,29.5,Male,67.1,185.4,16948,38,HIIT,122,9,2569.5,Low effort,2568.0
553,30.2,Male,53.5,167.4,11418,10,Cycling,178,6,2003.0,Morning session,2001.0
554,40.4,Male,102.7,174.1,2168,91,HIIT,134,4,2232.1,,2234.0
555,42.1,Male,103.6,184.4,1415,68,Yoga,70,8,2028.8,Good workout,2027.0
556,52.6,Female,98.6,153.4,11905,73,HIIT,107,5,2556.7,Low effort,2554.0
557,58.3,Female,90.6,163.4,14432,95,Running,179,3,2937.1,High intensity,2941.0
558,47.5,Male,66.1,188.2,6243,81,HIIT,85,8,2233.3,Low effort,2230.0
559,34.3,Male,108.4,175.0,17533,80,HIIT,126,6,3022.4,Low effort,3025.0
560,37.1,Female,52.6,157.2,6899,98,HIIT,84,5,2150.8,Evening workout,2154.0
561,42.6,Male,64.4,173.6,1838,103,Cycling,140,1,1994.5,Evening workout,1997.0
562,39.4,Male,95.7,165.7,7144,107,Cycling,120,3,2489.9,High intensity,2486.0
563,30.0,Male,83.3,169.4,10888,53,Swimming,145,7,2410.2,High intensity,2407.0
564,36.2,Female,81.1,164.7,13531,57,HIIT,152,3,2443.0,,2446.0
565,53.0,Female,94.5,156.8,16935,114,Yoga,169,1,3087.3,High intensity,3090.0
566,29.6,Male,78.6,166.7,8466,84,Walking,85,8,2380.4,Morning session,2378.0
567,58.7,Female,119.6,171.4,16095,24,HIIT,93,7,2531.1,High intensity,2536.0
568,36.5,Male,77.2,171.6,12193,44,Yoga,149,5,2299.6,,2296.0
569,29.7,Male,75.2,161.2,2320,32,Yoga,68,10,1699.9,,1697.0
570,26.7,Female,98.7,167.8,14264,62,Yoga,99,5,2483.7,Morning session,2486.0
571,24.8,Male,88.0,164.4,13227,54,Yoga,134,6,2479.1,High intensity,2480.0
572,,Male,78.6,186.4,18907,94,HIIT,66,7,2949.6,Evening workout,2952.0
573,31.4,Female,115.9,165.3,6234,101,Swimming,89,3,2370.8,High intensity,2375.0
574,48.4,Male,106.0,154.7,13070,22,HIIT,177,4,2386.6,High intensity,2389.0
575,36.3,Male,67.9,151.3,7144,43,Swimming,125,1,1719.1,,1723.0
576,64.2,Male,90.2,177.0,1552,47,Cycling,89,7,1858.0,Good workout,1854.0
577,33.6,Female,100.6,190.8,17865,79,Walking,127,10,3167.5,Morning session,3171.0
578,22.2,Male,51.8,176.9,16969,117,Walking,117,2,2730.3,,2732.0
579,52.3,Female,105.4,180.6,1599,77,HIIT,114,7,2234.2,,2231.0
580,29.1,Male,47.3,190.8,16098,14,Cycling,73,6,1912.6,Good workout,1910.0
581,42.1,Male,82.5,185.4,15800,49,Running,136,4,2509.8,,2509.0
582,38.7,Male,78.8,192.1,10356,79,Cycling,177,2,2393.5,Good workout,2392.0
583,53.5,Male,88.7,150.8,13870,30,Walking,148,7,2472.2,,2471.0
584,40.8,Female,74.1,178.2,13424,37,Swimming,136,7,2399.4,Morning session,2402.0
585,33.0,Female,61.2,150.8,2982,12,Swimming,136,5,1494.8,Low effort,1498.0
586,56.7,Male,103.7,157.1,19018,32,HIIT,96,9,2776.3,Low effort,2775.0
587,62.6,Male,54.4,165.5,8830,81,HIIT,103,3,2121.6,Low effort,2126.0
588,59.6,Male,62.6,177.9,3997,28,Walking,65,9,1696.0,Morning session,1694.0
589,56.5,Male,89.0,171.5,18070,84,HIIT,85,5,2892.0,Low effort,2889.0
590,31.8,,103.8,167.9,12606,59,Cycling,177,2,2526.3,High intensity,2524.0
591,48.7,Male,106.2,171.0,2759,83,HIIT,73,9,2258.5,Good workout,2262.0
592,22.1,Male,103.4,190.1,8023,67,Walking,67,1,1952.2,High intensity,1948.0
593,52.6,Male,93.4,161.5,14892,101,Running,83,1,2607.3,,2608.0
594,40.5,Female,107.3,168.6,19864,29,Yoga,145,7,2800.5,Good workout,2799.0
595,46.8,Female,76.5,174.2,16409,117,Swimming,163,3,3077.5,,3077.0
596,60.1,Female,54.1,154.0,10529,101,HIIT,98,8,2603.0,Evening workout,2599.0
597,28.1,Male,55.8,183.6,1114,102,Swimming,108,7,2108.2,,2107.0
598,35.5,Male,114.2,188.0,13149,81,Swimming,144,7,2957.9,,2954.0
599,64.0,Male,106.4,159.4,17952,92,Cycling,166,1,3027.0,,3025.0
600,29.2,Female,91.3,156.3,16701,62,Yoga,122,1,2448.4,,2444.0
601,26.2,Male,78.2,186.6,10745,94,Swimming,85,2,2302.3,,2299.0
602,27.7,Female,61.5,164.3,3689,91,Walking,69,2,1794.5,High intensity,1798.0
603,61.2,Male,98.0,191.7,3988,18,Yoga,136,5,1808.2,,1808.0
604,34.2,Female,84.5,173.3,4151,13,Cycling,165,9,1967.3,Evening workout,1964.0
605,55.2,Female,,175.4,12719,50,Cycling,176,7,2571.7,High intensity,2572.0
606,24.7,Female,111.4,175.7,16658,34,Yoga,117,2,2362.0,,2365.0
607,63.6,Male,97.7,175.7,10013,43,,73,5,2099.2,Low effort,2104.0
608,30.7,Female,108.9,159.6,7345,82,Cycling,132,5,2488.0,Low effort,2484.0
609,57.1,Male,91.2,166.7,4574,18,Swimming,130,8,1936.1,Low effort,1934.0
610,59.6,Male,50.1,163.5,8838,91,HIIT,98,9,2470.5,,2475.0
611,26.8,Male,60.4,151.2,18992,84,Swimming,90,8,2860.2,Morning session,2858.0
612,44.5,Male,116.1,162.7,17943,22,HIIT,109,2,2387.2,High intensity,2392.0
613,19.5,Male,62.1,176.0,14329,111,HIIT,75,4,2578.9,Low effort,2581.0
614,22.5,Female,96.6,158.5,15823,18,Cycling,131,2,2103.9,High intensity,2106.0
615,46.3,Male,92.0,156.2,6565,89,Yoga,171,6,2611.1,Morning session,2607.0
616,54.8,Male,87.8,159.5,5435,13,Cycling,110,4,1657.5,Morning session,1653.0
617,55.9,Male,83.2,158.5,6650,43,Yoga,74,7,2028.2,,2025.0
618,36.9,Male,93.2,171.3,19265,16,Walking,148,2,2370.4,,2374.0
619,25.2,Male,56.2,172.8,8436,24,Running,170,9,2100.1,Evening workout,2100.0
620,62.3,Female,54.2,156.1,4708,47,Walking,97,5,1758.1,Evening workout,1760.0
621,18.4,Female,115.1,158.5,15451,84,HIIT,164,1,2791.3,Good workout,2791.0
622,39.5,Male,99.6,176.2,2709,105,Cycling,138,3,2297.4,Low effort,2298.0
623,34.5,Female,45.4,173.3,10953,100,Cycling,148,4,2456.2,Low effort,2452.0
624,24.8,Female,93.8,178.4,2692,103,Yoga,130,3,2198.4,,2199.0
625,42.6,Male,80.8,166.0,16523,61,HIIT,149,6,2702.0,Evening workout,2706.0
626,62.1,Female,65.8,169.7,15322,90,Swimming,131,6,2833.9,Low effort,2833.0
627,21.6,Male,81.4,156.3,10437,109,Swimming,141,10,2963.5,,2968.0
628,53.3,Female,68.8,192.8,1125,92,Yoga,80,7,2045.3,,2042.0
629,23.3,Female,99.3,189.3,13944,16,HIIT,75,9,2216.3,Morning session,2220.0
630,48.0,Female,69.7,156.9,2199,116,Cycling,170,10,2659.0,Good workout,2660.0
631,36.3,Male,51.7,177.8,7092,54,Walking,126,9,2181.6,Morning session,2182.0
632,61.1,Female,115.4,168.3,17375,68,Swimming,124,7,3030.9,,3030.0
633,56.8,Female,115.1,169.6,3711,30,Cycling,72,1,1596.5,High intensity,1592.0
634,44.4,Male,68.3,193.5,10182,37,Running,177,3,2119.7,Low effort,2116.0
635,27.8,Male,55.9,188.6,6995,12,Cycling,123,5,1612.5,,1608.0
636,43.3,Female,117.6,189.1,9182,23,Swimming,120,10,2380.3,Low effort,2378.0
637,36.6,Male,56.4,156.8,6502,11,HIIT,91,6,1523.3,Morning session,1522.0
638,56.5,Female,79.5,155.9,13920,38,Swimming,71,6,2233.8,Good workout,2230.0
639,20.1,Female,107.6,174.7,19882,27,HIIT,154,5,2698.7,Evening workout,2703.0
640,62.1,Male,112.9,190.1,3565,46,Walking,100,6,1994.2,Morning session,1996.0
641,30.5,Male,101.7,162.8,11789,54,Cycling,125,9,2616.5,High intensity,2617.0
642,45.8,Male,57.7,188.2,6024,54,HIIT,164,1,1844.9,Good workout,1842.0
643,37.8,,67.2,189.6,2031,33,Yoga,67,1,1209.0,Morning session,1212.0
644,45.3,Male,83.3,171.1,2241,55,Swimming,118,9,2077.8,Low effort,2080.0
645,25.2,Female,56.2,166.7,2742,21,HIIT,84,8,1482.9,Morning session,1485.0
646,58.5,Male,78.7,171.3,6709,62,HIIT,64,9,2177.0,High intensity,2178.0
647,56.1,Female,115.2,183.7,15739,54,Running,104,7,2771.4,,2769.0
648,18.5,Male,119.6,157.5,12830,41,HIIT,61,10,2483.7,Morning session,2482.0
649,20.6,Female,75.1,194.4,14778,27,Running,101,6,2167.6,High intensity,2170.0
650,30.4,Male,106.2,167.2,9160,22,Running,97,9,2197.9,Morning session,2194.0
651,45.7,Female,57.3,173.6,13375,13,Swimming,162,2,1922.0,Good workout,1920.0
652,42.2,Male,75.7,191.7,5403,32,HIIT,62,4,1540.6,Low effort,1536.0
653,50.4,Male,46.1,151.5,5897,71,Walking,105,2,1803.4,Low effort,1808.0
654,55.3,Female,59.4,151.4,1163,63,HIIT,171,6,1961.9,Evening workout,1961.0
655,23.6,Male,101.6,176.7,4310,83,Running,161,1,2141.8,High intensity,2141.0
656,61.5,Female,119.6,163.3,18379,64,Running,81,7,2944.0,Morning session,2940.0
657,62.5,Female,78.0,188.8,15991,78,Yoga,163,7,2981.4,,2982.0
658,49.3,Male,112.7,161.2,19261,49,Cycling,92,7,2839.4,Good workout,2835.0
659,62.5,Female,119.4,181.9,18732,23,Cycling,175,4,2754.2,Low effort,2755.0
660,64.9,Male,73.9,177.9,3251,107,Cycling,91,8,2380.2,Good workout,2380.0
661,38.9,Male,110.3,177.0,12092,37,Yoga,170,5,2481.0,,2485.0
662,33.4,Female,60.6,174.1,7590,81,Walking,76,2,1920.5,Evening workout,1921.0
663,38.0,Male,83.7,153.3,8658,89,Running,179,5,2582.6,High intensity,2587.0
664,28.0,Female,81.3,175.6,17816,104,HIIT,141,10,3324.3,,3324.0
665,54.9,Female,65.7,185.5,6247,80,Swimming,115,9,2346.6,,2351.0
666,53.4,Male,88.3,152.2,8715,76,Yoga,62,10,2466.1,High intensity,2462.0
667,52.7,Male,63.9,150.0,4817,38,HIIT,179,1,1716.9,Good workout,1719.0
668,36.5,Female,115.3,166.7,18454,109,Cycling,129,2,3128.4,Low effort,3132.0
669,37.5,Female,52.8,156.5,5600,70,Walking,108,10,2186.0,Good workout,2183.0
670,35.4,Male,110.0,154.6,10982,112,Yoga,114,8,3000.7,,3003.0
671,64.6,Male,85.5,168.5,1994,77,Swimming,136,5,2112.2,High intensity,2111.0
672,58.0,Male,119.9,188.8,5731,18,Running,178,9,2305.9,,2304.0
673,31.7,Male,114.1,183.8,8670,26,Running,177,6,2253.7,Morning session,2254.0
674,32.7,Female,105.3,184.7,18341,58,HIIT,90,8,2823.4,Good workout,2828.0
675,48.1,Male,70.4,165.6,9287,72,Running,140,1,2129.4,Evening workout,2132.0
676,18.6,Female,115.1,189.2,19538,93,Swimming,80,9,3231.9,,3232.0
677,20.3,Female,114.6,188.7,18015,87,Yoga,75,9,3121.0,High intensity,3123.0
678,33.8,Male,73.9,176.1,12876,55,HIIT,76,3,2124.1,Evening workout,2129.0
679,40.3,Female,110.0,190.7,18081,102,Yoga,155,1,3064.8,Good workout,3063.0
680,28.9,Male,63.0,187.3,17415,22,Swimming,60,8,2178.4,Evening workout,2181.0
681,29.7,Female,112.9,174.9,16852,109,Walking,171,8,3406.6,Evening workout,3406.0
682,27.3,Male,102.6,175.9,14490,54,Swimming,161,9,2845.1,,2845.0
683,49.6,Female,114.4,163.8,6562,62,Running,131,6,2361.3,Good workout,2366.0
684,33.5,Female,101.7,163.3,9740,26,Cycling,124,9,2273.3,Good workout,2273.0
685,25.0,Male,81.5,163.4,3248,56,Swimming,125,10,2106.3,,2107.0
686,55.7,Male,105.9,174.0,7192,71,HIIT,170,9,2735.6,,2736.0
687,29.7,Female,74.8,185.3,10895,59,Walking,96,4,2142.9,,2142.0
688,41.5,Female,115.8,153.4,7406,52,Walking,83,5,2125.1,Low effort,2123.0
689,,Male,117.8,164.1,2156,77,Swimming,150,6,2366.1,High intensity,2365.0
690,25.7,Female,69.2,181.2,15318,93,Cycling,143,6,2832.1,,2835.0
691,45.4,Male,109.7,167.5,9535,84,Yoga,170,10,2999.8,,3004.0
692,53.6,Female,50.3,163.2,6295,115,HIIT,121,2,2266.9,,2269.0
693,43.9,Male,62.3,150.0,13264,95,Running,80,4,2469.9,High intensity,2466.0
694,25.8,Female,54.5,191.3,7154,118,HIIT,165,9,2746.3,High intensity,2750.0
695,45.7,Male,55.7,169.3,19632,81,Running,96,7,2857.9,Evening workout,2853.0
696,45.4,Male,109.2,159.2,10136,37,Cycling,94,9,2386.2,Morning session,2385.0
697,54.9,Female,109.4,159.5,14213,54,HIIT,97,6,2600.9,Good workout,2602.0
698,58.2,Male,96.4,173.4,13072,50,HIIT,112,7,2507.0,Morning session,2509.0
699,53.2,Female,111.8,183.3,11242,103,Cycling,74,9,2892.4,High intensity,2889.0
700,44.9,Male,75.2,177.3,4285,106,Running,173,4,2479.0,,2474.0
701,34.8,Male,61.3,176.3,10522,106,Cycling,169,9,2889.1,Morning session,2891.0
702,26.9,Male,99.8,189.2,3003,45,HIIT,101,3,1710.4,,1715.0
703,50.0,Female,80.5,150.5,10979,100,Running,153,8,2930.8,High intensity,2932.0
704,37.8,Male,70.1,182.2,11438,93,Walking,63,3,2314.7,,2311.0
705,30.7,Female,97.7,153.0,15227,42,Cycling,166,3,2503.0,Low effort,2501.0
706,45.8,,61.8,156.9,4672,34,Cycling,175,3,1764.5,,1765.0
707,46.4,Female,69.5,158.3,8458,117,Yoga,98,9,2737.3,Low effort,2734.0
708,30.5,Female,46.4,165.0,19539,116,HIIT,138,10,3319.5,Morning session,3316.0
709,63.2,Female,49.9,154.1,4479,28,Swimming,82,3,1420.3,Good workout,1418.0
710,52.3,Male,48.8,183.1,15887,56,Swimming,164,6,2568.1,Morning session,2564.0
711,23.1,Female,80.2,172.8,1051,94,Swimming,74,4,1822.0,Good workout,1819.0
712,,Male,50.0,192.1,3159,115,HIIT,149,2,2131.3,High intensity,2130.0
713,22.6,Female,65.2,174.1,5390,42,HIIT,71,3,1531.3,High intensity,1533.0
714,64.6,Female,70.4,162.6,17080,76,Yoga,141,5,2812.0,Evening workout,2812.0
715,42.8,Female,99.7,173.3,3112,23,Yoga,129,10,2038.6,Low effort,2039.0
716,19.1,Female,83.5,160.5,13752,88,Swimming,141,4,2687.7,,2688.0
717,27.8,Male,77.9,166.8,15593,42,Swimming,173,5,2509.1,Morning session,2514.0
718,47.3,Female,58.7,186.5,16339,51,Yoga,113,1,2204.6,Morning session,2208.0
719,62.1,Female,100.3,162.8,2354,95,Yoga,147,4,2291.9,,2289.0
720,22.2,Male,65.1,176.1,6620,74,Cycling,97,10,2302.0,Evening workout,2307.0
721,50.3,Female,90.4,169.4,4754,104,Running,87,3,2220.3,Evening workout,2220.0
722,18.1,Female,60.7,182.1,17593,56,Yoga,138,2,2380.5,Good workout,2381.0
723,35.6,Female,60.8,191.5,17167,44,HIIT,78,7,2363.0,,2364.0
724,49.8,Female,73.5,181.1,1237,93,HIIT,128,10,2370.3,Morning session,2373.0
725,64.3,Male,52.8,157.2,9527,41,Running,123,9,2207.5,Evening workout,2204.0
726,28.1,Male,47.6,178.9,9075,64,HIIT,63,1,1709.8,,1712.0
727,38.8,Female,63.3,189.8,18960,63,Running,140,7,2824.7,Low effort,2820.0
728,43.5,Male,110.4,168.8,9691,85,HIIT,176,1,2579.8,Good workout,2581.0
729,42.3,Male,118.2,155.8,10756,60,Walking,69,5,2348.1,,2346.0
730,39.2,Female,66.3,193.1,4540,89,Walking,71,1,1801.4,,1799.0
731,44.1,Male,90.9,188.5,10327,68,HIIT,128,3,2331.3,High intensity,2329.0
732,30.2,Female,57.7,190.4,11540,81,Swimming,66,8,2358.5,,2360.0
733,50.7,Male,77.6,170.0,8257,23,Walking,103,4,1796.9,,1799.0
734,51.1,Male,49.9,171.1,17533,27,Cycling,82,1,1917.0,Evening workout,1912.0
735,58.2,Male,71.4,191.5,12720,64,Walking,61,1,2057.7,Good workout,2053.0
736,52.5,Female,68.6,159.8,2624,103,Running,153,8,2484.5,,2488.0
737,18.9,Male,111.4,159.8,8661,106,Swimming,175,8,2987.9,Morning session,2988.0
738,38.2,Female,107.0,178.4,19958,107,Cycling,172,4,3389.4,Morning session,3389.0
739,23.5,Female,92.8,165.3,8529,65,Walking,168,4,2312.8,Low effort,2309.0
740,45.7,Male,107.8,150.3,14654,117,Swimming,96,10,3249.3,Evening workout,3250.0
741,34.2,Female,56.6,166.8,3108,58,Cycling,128,2,1650.2,High intensity,1648.0
742,22.4,Male,72.2,179.3,4947,107,HIIT,79,2,2039.0,Morning session,2042.0
743,48.9,Female,88.2,175.1,8899,69,Swimming,149,6,2475.6,Morning session,2480.0
744,22.7,Female,87.3,168.6,14372,62,Cycling,103,8,2648.8,,2646.0
745,55.3,Male,61.1,170.5,5914,80,Swimming,167,7,2390.9,Good workout,2390.0
746,20.2,Male,84.3,166.3,7667,15,Swimming,162,7,1997.9,Evening workout,2001.0
747,40.2,Male,93.2,189.1,3263,79,Cycling,129,3,2060.3,Morning session,2062.0
748,54.8,Male,101.6,170.3,4815,95,Swimming,152,2,2381.7,,2384.0
749,54.3,Female,108.3,190.1,1577,17,Yoga,133,10,1939.6,High intensity,1938.0
750,27.8,Female,119.3,189.0,16029,110,Swimming,110,7,3191.8,,3196.0
751,27.4,Female,101.6,194.6,17806,24,Running,139,4,2440.4,Evening workout,2440.0
752,36.4,Male,118.5,168.4,3763,35,Cycling,157,1,1863.8,Evening workout,1867.0
753,34.0,Female,118.8,156.4,18613,48,Running,90,1,2498.8,,2495.0
754,38.5,Male,114.2,166.4,16645,12,HIIT,159,4,2452.3,Morning session,2456.0
755,31.3,Female,87.5,150.6,9945,66,Running,100,5,2271.2,Good workout,2268.0
756,26.5,Male,67.3,186.7,18071,19,Yoga,117,5,2271.6,Evening workout,2267.0
757,63.7,Female,71.8,155.3,18106,12,HIIT,64,1,1924.4,,1921.0
758,18.6,Female,102.7,175.1,14854,103,Walking,92,3,2775.9,,2778.0
759,62.9,Male,81.1,151.4,18130,55,HIIT,102,6,2710.4,,2706.0
760,30.4,Female,50.3,181.9,3712,31,HIIT,78,10,1650.2,Low effort,1648.0
761,21.5,Male,109.1,154.8,18091,76,HIIT,91,7,2933.6,Low effort,2935.0
762,18.6,Female,50.4,186.8,16857,74,HIIT,146,1,2431.1,Morning session,2434.0
763,57.5,Female,94.3,180.2,9626,106,Yoga,62,8,2690.2,Low effort,2691.0
764,49.9,Male,66.0,161.7,14068,28,HIIT,60,4,1945.5,Low effort,1943.0
765,51.0,Male,69.0,184.7,17867,109,Walking,159,9,3310.9,Morning session,3309.0
766,45.2,Female,116.4,179.1,15719,71,Running,100,6,2808.1,Morning session,2804.0
767,48.2,Female,95.3,155.1,2533,107,HIIT,151,1,2246.2,Good workout,2251.0
768,25.0,Female,92.8,164.2,17553,66,Running,107,2,2514.0,Evening workout,2509.0
769,56.3,Female,114.8,164.1,18404,104,Walking,98,3,3079.3,Morning session,3079.0
770,43.7,Female,109.1,165.8,8093,116,Yoga,64,2,2465.8,Good workout,2468.0
771,51.5,Female,104.3,169.7,14156,97,Running,136,10,3199.0,Morning session,3195.0
772,20.7,Male,90.3,162.5,18231,85,Swimming,70,7,2810.1,High intensity,2814.0
773,29.9,Male,80.9,193.4,14785,22,Swimming,169,1,2102.4,,2098.0
774,18.1,Male,102.6,191.2,16591,25,Cycling,81,9,2488.7,Low effort,2492.0
775,61.1,Female,82.2,180.4,15694,25,Running,172,2,2298.6,Morning session,2297.0
776,22.8,Female,55.7,183.6,4346,61,Running,146,4,1869.7,High intensity,1868.0
777,47.6,Female,56.4,178.6,5013,93,Running,123,8,2366.2,High intensity,2363.0
778,47.6,Male,86.4,152.5,1031,50,Swimming,71,3,1514.8,Good workout,1518.0
779,,Male,83.6,158.9,12156,57,Swimming,112,9,2514.7,,2515.0
780,64.2,Female,115.0,160.6,11304,100,Running,114,7,2962.0,High intensity,2963.0
781,40.3,Female,55.3,160.8,8877,48,Running,112,10,2226.1,Low effort,2223.0
782,32.4,Male,80.9,174.4,7170,22,Cycling,80,3,1578.2,Morning session,1578.0
783,54.2,Male,96.7,,13078,13,Cycling,78,3,1921.8,Good workout,1923.0
784,38.6,Male,75.9,191.6,3315,105,Running,128,5,2290.8,Morning session,2292.0
785,31.0,Female,77.8,158.1,1065,118,Swimming,147,5,2331.8,High intensity,2327.0
786,19.7,Female,57.9,169.4,13420,113,Swimming,153,10,3044.2,,3049.0
787,28.2,Female,62.4,170.0,19312,107,Swimming,131,5,3068.2,,3069.0
788,56.1,Male,85.6,159.5,8533,112,Yoga,125,9,2901.5,Evening workout,2904.0
789,55.8,Male,102.8,171.1,15204,52,Swimming,118,9,2817.8,Good workout,2822.0
790,51.2,Female,100.8,178.3,16317,90,Yoga,108,6,2953.5,Low effort,2955.0
791,55.6,Female,68.4,158.7,16457,97,HIIT,157,7,3037.4,Good workout,3035.0
792,51.5,Male,117.3,154.2,17968,102,Cycling,118,10,3507.8,Good workout,3504.0
793,35.2,Female,75.5,189.7,6244,55,HIIT,82,8,2031.0,,2030.0
794,47.4,Male,99.7,160.8,9154,101,Cycling,62,9,2691.9,Evening workout,2696.0
795,32.3,,54.9,150.7,19132,118,Running,115,6,3095.2,Morning session,3095.0
796,44.8,Female,104.6,191.1,19588,56,Cycling,175,8,3149.1,,3148.0
797,51.3,Male,46.1,150.0,12822,95,HIIT,117,2,2399.5,Evening workout,2402.0
798,55.8,Female,59.8,188.1,2892,101,Yoga,147,10,2496.0,,2498.0
799,50.8,Male,47.5,154.1,8018,62,Yoga,121,8,2192.7,Low effort,2189.0
800,41.7,Male,87.6,171.8,11621,34,Running,77,2,1893.1,,1889.0
801,32.2,Female,75.5,175.1,1973,50,HIIT,120,8,1879.2,Evening workout,1877.0
802,47.5,Male,114.8,155.0,11834,12,Walking,170,2,2119.6,Morning session,2124.0
803,59.7,Female,111.2,181.2,7615,86,Swimming,96,3,2436.4,High intensity,2436.0
804,,Female,100.8,160.8,5329,104,Cycling,113,7,2582.1,,2584.0
805,22.9,Male,107.4,159.7,2477,22,Walking,172,9,2041.4,,2046.0
806,46.7,Female,119.3,188.8,8329,114,Yoga,154,3,2855.9,Morning session,2858.0
807,21.5,Female,59.4,183.7,7444,27,HIIT,137,5,1815.1,,1814.0
808,27.5,Female,54.8,180.7,17385,46,HIIT,124,9,2599.4,Good workout,2595.0
809,34.3,Female,82.5,161.7,12406,52,HIIT,73,7,2278.7,Evening workout,2276.0
810,27.1,Female,91.9,193.9,7843,43,Swimming,164,2,2061.5,Low effort,2058.0
811,34.6,Female,101.6,165.8,6972,90,HIIT,64,5,2297.1,Morning session,2301.0
812,37.1,Male,94.5,187.4,16295,64,Walking,154,5,2794.4,,2798.0
813,41.2,Female,115.5,152.5,6105,61,Swimming,154,9,2552.1,,2555.0
814,22.5,Male,59.2,151.3,11931,94,HIIT,153,2,2452.1,,2454.0
815,51.2,Male,62.3,154.4,8702,45,HIIT,159,1,1944.0,High intensity,1939.0
816,23.7,Female,46.5,160.1,15136,63,HIIT,121,4,2294.1,,2292.0
817,19.7,Male,87.1,,3599,68,Swimming,60,4,1784.6,,1784.0
818,30.0,Male,70.3,184.3,3235,61,Yoga,122,1,1704.5,Evening workout,1700.0
819,60.1,Female,115.3,184.8,6473,113,Running,126,10,3026.3,Good workout,3031.0
820,60.6,Female,82.9,171.5,1018,28,Yoga,79,7,1601.0,Good workout,1601.0
821,28.5,Female,86.0,186.3,1858,21,Yoga,102,2,1348.5,Evening workout,1349.0
822,64.6,Male,49.5,171.6,6380,101,HIIT,171,9,2681.2,,2680.0
823,40.1,Male,55.3,160.7,4032,20,Swimming,166,7,1745.3,,1747.0
824,33.6,Female,109.8,181.0,19915,57,Walking,144,7,3035.4,Good workout,3037.0
825,48.8,Female,78.3,184.4,8471,110,Cycling,153,1,2524.3,Good workout,2524.0
826,28.2,Male,45.5,180.3,5719,101,Walking,101,9,2363.7,Low effort,2365.0
827,33.1,Male,46.5,194.6,13943,108,Walking,167,10,3078.1,Good workout,3080.0
828,25.5,Male,64.6,157.9,5863,117,Walking,153,9,2707.3,Evening workout,2706.0
829,21.4,Male,105.3,169.3,5038,88,Walking,128,2,2158.6,Evening workout,2163.0
830,57.5,Female,65.3,191.6,19836,25,Yoga,133,10,2744.3,Good workout,2745.0
831,21.6,Male,112.9,183.6,3846,118,Swimming,147,9,2839.4,High intensity,2839.0
832,42.0,Male,56.4,153.1,9064,80,Running,168,2,2270.8,Morning session,2272.0
833,20.1,Male,66.2,167.5,12394,56,Running,174,2,2230.6,,2231.0
834,49.4,Male,64.7,153.3,7622,76,Cycling,98,8,2298.0,High intensity,2294.0
835,20.9,Female,45.7,169.8,13295,40,Walking,121,3,1995.5,Good workout,2000.0
836,44.3,Female,74.5,158.6,12782,85,HIIT,107,3,2427.4,,2427.0
837,46.9,Male,68.2,165.4,2159,17,Yoga,65,7,1428.7,Low effort,1432.0
838,49.5,Male,58.7,175.8,5626,98,Cycling,133,10,2542.2,Evening workout,2539.0
839,36.3,,80.4,187.4,4722,70,Walking,101,6,2082.1,Good workout,2081.0
840,38.2,Female,113.5,174.8,12630,53,Yoga,117,7,2594.3,,2593.0
841,22.2,Male,119.6,153.1,12274,59,Yoga,102,6,2558.4,,2554.0
842,35.2,Male,68.8,190.0,15888,44,Walking,177,9,2741.6,Morning session,2738.0
843,45.5,Female,104.5,194.2,7589,85,Running,69,2,2197.5,Good workout,2196.0
844,59.8,Female,99.9,190.9,16473,70,Running,148,8,3079.3,,3082.0
845,39.0,Female,68.3,187.5,3243,94,HIIT,137,6,2262.8,High intensity,2262.0
846,38.3,Female,68.4,168.5,9177,99,Yoga,170,4,2590.2,Good workout,2588.0
847,23.5,Female,98.5,163.2,2760,64,Running,98,6,2004.3,Low effort,2003.0
848,18.5,Female,70.4,170.7,17202,75,Swimming,72,6,2575.5,Good workout,2573.0
849,22.4,Male,110.4,164.7,6442,23,Swimming,134,10,2189.6,Evening workout,2189.0
850,58.8,Female,82.1,152.3,15965,119,HIIT,98,3,2902.6,High intensity,2903.0
851,29.4,Female,109.8,186.3,4236,13,Cycling,70,8,1740.0,Good workout,1742.0
852,43.4,Female,119.3,165.2,16611,26,Yoga,169,5,2668.7,Morning session,2664.0
853,63.6,Female,95.1,163.8,9235,78,Cycling,172,10,2891.7,,2888.0
854,51.7,Male,79.3,158.5,16829,33,HIIT,75,4,2227.1,Morning session,2223.0
855,31.5,Male,87.1,156.7,9680,58,Walking,92,2,1987.3,High intensity,1986.0
856,43.2,Female,73.0,163.2,12340,64,Running,164,10,2762.1,Low effort,2758.0
857,62.2,Male,81.9,155.7,10148,80,Yoga,164,1,2407.6,Low effort,2403.0
858,44.8,Male,102.7,170.3,11306,32,Yoga,119,7,2376.0,High intensity,2375.0
859,26.2,Male,98.7,164.6,18499,90,Swimming,155,10,3370.2,Good workout,3366.0
860,43.2,Male,83.7,157.7,19165,21,Walking,118,3,2324.1,,2322.0
861,64.0,Male,86.4,183.3,12018,20,Walking,133,3,2055.6,Morning session,2052.0
862,39.8,Male,72.3,189.8,19260,84,HIIT,110,3,2704.4,Good workout,2704.0
863,64.2,Female,73.8,150.7,12142,107,HIIT,74,10,2852.0,Low effort,2848.0
864,47.8,Female,87.4,181.1,10546,110,Walking,139,3,2671.0,Good workout,2670.0
865,60.6,Female,47.4,154.3,4276,38,Running,102,2,1459.7,Good workout,1459.0
866,34.5,Female,54.1,179.7,17832,71,Swimming,86,6,2557.6,Low effort,2555.0
867,43.8,Female,103.2,171.5,17008,62,Running,115,10,2992.4,,2988.0
868,53.4,Male,58.6,169.0,5172,57,Cycling,172,3,1959.3,,1958.0
869,18.9,Female,91.3,165.8,14183,109,Yoga,119,1,2676.7,Evening workout,2678.0
870,25.5,Female,86.6,156.5,13836,100,Cycling,174,10,3163.9,Evening workout,3165.0
871,52.6,Male,76.1,156.4,9989,115,HIIT,168,9,3066.8,Good workout,3066.0
872,32.5,Male,76.1,151.7,14740,95,Running,155,6,2919.6,,2921.0
873,64.2,Female,86.6,163.7,14102,75,Running,129,6,2754.7,Good workout,2759.0
874,39.6,Male,76.1,180.2,16357,109,Walking,106,10,3189.7,Good workout,3187.0
875,31.4,Male,70.9,190.1,19566,57,HIIT,171,9,2979.3,,2978.0
876,43.6,Male,45.5,163.3,16613,103,Yoga,159,2,2739.4,Good workout,2743.0
877,45.2,Male,100.8,154.6,4326,68,Walking,67,10,2233.4,,2232.0
878,40.1,Female,46.6,160.4,1719,80,HIIT,122,9,2026.2,,2028.0
879,31.1,Male,74.8,189.9,18906,66,Running,148,3,2673.8,,2671.0
880,41.6,Female,115.5,154.4,2069,85,Swimming,66,3,2039.0,Low effort,2038.0
881,19.8,Female,96.9,178.3,8749,12,Swimming,140,3,1839.7,High intensity,1839.0
882,62.1,Male,53.4,160.2,13935,90,Walking,171,1,2597.6,Evening workout,2601.0
883,43.7,Male,66.9,154.9,5887,114,Cycling,153,10,2785.3,,2788.0
884,31.4,Male,78.2,181.7,12267,41,Running,61,7,2104.3,Low effort,2109.0
885,24.0,Female,93.7,185.6,19540,17,Yoga,76,10,2567.4,,2567.0
886,20.4,Male,45.6,164.7,8944,96,Cycling,63,7,2268.8,,2266.0
887,64.9,Male,117.8,168.7,16934,111,Cycling,85,2,3015.8,Evening workout,3013.0
888,40.5,Male,97.1,171.5,13747,39,Cycling,137,6,2473.5,,2473.0
889,63.7,Male,84.9,183.5,11505,24,Swimming,131,4,2110.9,High intensity,2111.0
890,60.5,Male,89.6,166.8,14449,83,HIIT,128,7,2907.6,Evening workout,2907.0
891,64.4,Female,112.3,161.1,12697,64,Walking,64,7,2576.4,,2576.0
892,62.7,Male,53.2,174.0,5139,47,Yoga,64,4,1613.0,Good workout,1611.0
893,35.7,Male,66.7,166.9,16221,24,Swimming,150,3,2186.3,Good workout,2189.0
894,55.5,Male,62.9,159.7,8087,39,Walking,128,7,2076.0,Good workout,2077.0
895,52.6,Female,87.6,177.1,1632,55,Swimming,62,9,1867.0,,1871.0
896,32.6,Male,83.8,167.6,3199,73,Cycling,97,4,1905.2,Morning session,1906.0
897,42.5,Female,117.1,167.4,15548,35,HIIT,153,6,2686.0,,2682.0
898,54.5,Female,50.0,194.8,12255,118,Yoga,60,7,2618.4,Good workout,2623.0
899,45.1,Male,92.8,181.0,18006,87,Swimming,67,10,3042.2,Morning session,
900,27.3,Male,51.7,163.5,7073,76,Swimming,72,3,1855.6,,1855.0
901,56.5,Male,113.5,165.3,17744,45,Yoga,143,5,2829.0,High intensity,2832.0
902,34.2,Female,60.2,167.3,11559,99,Swimming,129,1,2367.3,High intensity,2370.0
903,56.8,Female,45.1,165.4,17097,87,Swimming,173,6,2893.4,Low effort,2897.0
904,,Female,81.7,166.5,9401,40,Yoga,109,5,2042.2,Evening workout,2044.0
905,43.3,Female,81.1,156.2,12659,87,Yoga,171,7,2897.5,Good workout,2895.0
906,61.6,Female,108.1,161.2,10122,49,Running,67,9,2396.3,,2398.0
907,42.8,Female,106.4,183.6,14894,83,HIIT,89,4,2674.1,,2677.0
908,34.1,Male,116.6,159.6,1877,82,Swimming,172,9,2568.2,Good workout,2569.0
909,30.0,Male,105.2,154.1,14775,55,Running,99,6,2574.1,Evening workout,2571.0
910,37.1,Female,77.2,170.1,11691,113,Yoga,138,5,2810.5,Good workout,2815.0
911,42.9,Male,110.2,152.2,17110,116,HIIT,133,2,3118.5,Good workout,3118.0
912,21.0,Male,74.7,168.3,3523,51,Yoga,92,1,1510.8,Morning session,1512.0
913,27.5,Female,64.3,194.7,13543,27,Swimming,132,8,2265.4,,2263.0
914,20.6,Female,104.1,193.6,7270,109,Swimming,172,6,2762.7,Evening workout,2763.0
915,58.5,Male,118.7,184.5,6088,45,Cycling,111,7,2286.1,Evening workout,2284.0
916,62.4,,68.8,155.8,8564,85,Yoga,92,6,2350.0,,2351.0
917,35.4,Female,48.2,163.4,8066,59,HIIT,132,10,2326.0,,2323.0
918,64.6,Male,81.1,153.2,7545,70,Cycling,137,7,2460.7,,2457.0
919,53.6,Female,48.6,194.8,3321,49,HIIT,179,9,2074.2,Low effort,2074.0
920,64.4,Male,62.3,167.7,14132,12,Cycling,155,5,2147.4,,2148.0
921,39.8,Male,110.4,178.1,9330,91,Swimming,96,1,2340.7,,2338.0
922,51.3,Male,92.7,184.5,9294,16,Walking,129,1,1782.7,Evening workout,1778.0
923,64.6,Male,77.1,187.1,14553,40,HIIT,128,9,2564.7,High intensity,2563.0
924,25.2,Male,102.8,165.7,6333,74,Cycling,63,5,2093.1,Morning session,2089.0
925,57.4,Female,117.2,169.7,8858,104,Yoga,119,2,2612.9,,2610.0
926,61.5,Female,72.1,173.6,6389,73,Yoga,171,3,2268.5,Evening workout,2266.0
927,36.6,,79.4,184.5,19232,86,Swimming,139,1,2748.1,High intensity,2751.0
928,59.9,Female,54.4,193.1,4205,102,Walking,133,6,2356.6,Low effort,2357.0
929,58.2,Male,109.7,168.1,3161,12,Walking,90,6,1677.9,,1678.0
930,54.8,Male,86.7,153.2,18848,102,HIIT,154,3,3136.8,,3135.0
931,23.2,Female,53.2,182.2,1643,44,Swimming,73,3,1296.6,Evening workout,1294.0
932,43.8,Male,104.6,151.0,15986,24,Swimming,136,7,2566.3,,2570.0
933,51.2,Female,59.9,162.4,12628,30,Cycling,119,1,1841.8,Low effort,1846.0
934,62.7,Female,101.5,194.7,6351,71,Cycling,127,5,2312.9,Good workout,2316.0
935,23.1,Female,113.4,179.6,5553,92,Cycling,169,3,2505.3,Good workout,2503.0
936,54.4,Male,66.2,183.2,7518,37,Swimming,85,5,1813.4,,1812.0
937,50.5,Male,108.3,179.5,6723,13,Cycling,83,4,1725.2,,1725.0
938,39.7,Male,85.7,173.7,8946,118,Cycling,115,6,2716.0,High intensity,2719.0
939,38.7,Male,115.1,193.7,1610,22,Running,68,9,1748.8,Morning session,1744.0
940,23.4,Female,100.8,182.3,5302,88,Cycling,94,2,2062.7,Good workout,2065.0
941,23.8,Male,67.6,190.1,2543,60,Cycling,165,10,2170.3,Good workout,2172.0
942,21.3,Male,69.3,159.1,2466,57,Walking,138,8,1981.5,Morning session,1985.0
943,47.3,Male,50.8,167.4,10108,48,Swimming,83,2,1787.0,Evening workout,1783.0
944,28.6,Female,78.8,168.8,15656,105,Cycling,90,4,2737.6,High intensity,2740.0
945,47.8,Female,107.2,156.1,7236,76,Cycling,142,9,2629.9,Evening workout,2633.0
946,48.8,Male,53.3,168.6,14719,103,Running,125,4,2697.2,Low effort,2699.0
947,41.7,Male,104.9,173.6,18565,67,Walking,125,7,2988.0,,2984.0
948,26.7,Male,93.1,164.7,19530,93,Cycling,100,5,2969.8,,2971.0
949,20.6,Male,95.5,190.4,19656,11,Swimming,95,2,2143.4,Morning session,2146.0
950,48.4,Female,104.7,191.9,10043,34,Walking,160,8,2478.2,Low effort,2483.0
951,57.2,Male,114.5,,5536,20,Cycling,93,10,2059.7,Morning session,2057.0
952,54.1,Male,81.4,153.2,18103,10,Yoga,98,10,2469.0,Good workout,2467.0
953,53.3,Male,75.6,187.4,11206,57,Running,142,2,2230.9,Good workout,2226.0
954,41.1,Female,85.1,153.8,4642,57,Yoga,161,3,2013.9,,2017.0
955,48.1,Female,106.7,154.7,13062,19,Cycling,82,10,2388.7,Evening workout,2384.0
956,23.4,Male,102.6,190.9,17447,90,Running,139,7,3117.5,,3117.0
957,19.5,Male,58.4,193.6,14055,39,HIIT,169,5,2286.7,Good workout,2286.0
958,37.7,Male,80.1,172.5,1559,44,Swimming,103,10,1878.8,,1879.0
959,45.4,Male,80.3,189.4,2733,28,HIIT,129,3,1603.6,Morning session,1602.0
960,28.4,Male,52.1,186.3,9861,119,HIIT,117,2,2403.7,High intensity,2408.0
961,21.1,Female,70.2,160.7,2542,62,Swimming,118,6,1837.5,High intensity,1842.0
962,32.8,Female,80.3,160.5,10463,43,Walking,85,10,2248.2,Morning session,2244.0
963,23.1,Female,92.5,162.5,3415,41,Swimming,81,1,1508.7,High intensity,1504.0
964,47.1,Male,72.9,163.7,11983,85,Running,168,8,2827.5,Good workout,2824.0
965,55.2,Female,112.5,157.3,13905,116,Walking,170,5,3230.1,,3230.0
966,19.9,Female,106.2,174.3,6387,90,Swimming,147,5,2520.9,,2521.0
967,32.0,Female,95.4,167.7,9187,15,Yoga,169,2,1890.9,Low effort,1887.0
968,28.0,Male,86.0,193.1,7643,22,Running,99,7,1884.9,,1886.0
969,25.1,Male,73.7,193.1,16667,112,Swimming,144,5,3043.6,,3040.0
970,43.8,Female,54.3,167.7,12246,95,HIIT,153,8,2793.8,Good workout,2797.0
971,62.5,Male,83.5,159.5,3458,84,Running,175,5,2334.9,Evening workout,2332.0
972,61.8,Female,45.3,156.6,7028,73,Walking,70,9,2165.4,Low effort,2168.0
973,22.4,Female,83.6,193.6,6447,16,HIIT,176,5,1914.7,Good workout,1915.0
974,23.6,Female,65.5,163.9,2948,54,Swimming,68,3,1525.5,Good workout,1524.0
975,43.5,Female,109.8,164.8,7306,54,Swimming,71,2,1926.6,Morning session,1923.0
976,21.1,Male,59.9,165.6,9251,94,Running,85,5,2250.9,Evening workout,2252.0
977,36.2,Male,48.9,151.8,9092,74,HIIT,97,10,2377.5,,2374.0
978,37.6,Male,104.5,179.5,13363,103,Swimming,174,10,3320.9,,3317.0
979,50.1,Male,105.3,179.7,15066,28,HIIT,62,5,2220.5,Low effort,2225.0
980,37.4,Female,64.7,167.8,17129,56,Walking,156,6,2661.3,Good workout,2662.0
981,29.1,Male,54.7,180.4,16776,55,Running,74,2,2097.2,,2098.0
982,64.4,Female,78.3,193.6,1189,38,Running,106,5,1670.3,Low effort,1672.0
983,18.3,Male,92.0,162.5,12752,108,Cycling,64,1,2434.6,,2437.0
984,43.1,Male,77.3,169.5,8482,93,Yoga,113,3,2364.2,High intensity,2362.0
985,31.4,Male,105.7,184.2,17679,109,Running,83,3,2908.4,Good workout,2905.0
986,55.8,Female,54.4,172.6,1799,70,Swimming,70,3,1567.7,Low effort,1570.0
987,54.8,Female,98.6,191.7,10934,112,Running,178,3,2923.6,,2923.0
988,28.1,Female,109.7,182.1,9788,74,HIIT,92,8,2607.1,High intensity,2603.0
989,53.5,Female,45.7,187.1,10909,32,Walking,146,1,1820.3,High intensity,1822.0
990,30.4,Male,49.0,184.1,13415,104,Cycling,133,6,2694.4,,2691.0
991,60.2,Female,59.5,185.4,11790,60,Walking,116,6,2333.9,Good workout,2332.0
992,20.1,Female,72.6,169.6,14846,72,Running,111,1,2291.3,High intensity,2287.0
993,50.7,Male,67.5,152.7,5714,108,HIIT,123,1,2217.2,Morning session,2222.0
994,23.8,Male,61.0,157.3,12408,118,Cycling,102,3,2591.7,Evening workout,2588.0
995,27.4,Female,57.7,189.4,3839,31,Swimming,151,8,1865.3,Good workout,1864.0
996,22.5,Male,58.3,181.8,4513,119,Walking,162,6,2460.8,Low effort,2464.0
997,40.7,Female,55.6,178.6,14601,80,Walking,140,4,2504.6,,2508.0
998,27.4,Male,72.2,156.3,2135,42,HIIT,103,5,1611.5,,1611.0
999,61.7,Female,86.0,151.3,12913,118,Swimming,149,10,3301.5,Good workout,3304.0
1000,19.7,Female,105.6,170.6,11101,109,Swimming,148,3,2807.4,,2804.0
1001,30.1,Female,108.4,155.4,19631,53,Running,95,6,2790.9,,2795.0
1002,57.6,Female,75.8,177.8,7548,16,Swimming,71,6,1719.3,Good workout,1723.0
1003,19.8,Female,117.9,191.8,5516,100,HIIT,115,6,2569.1,Low effort,2574.0
1004,37.3,Male,54.1,185.5,5102,11,Swimming,62,9,1502.8,Evening workout,1507.0
1005,18.5,Female,52.1,181.6,17217,26,Swimming,109,10,2418.2,Low effort,2421.0
1006,54.7,Female,65.6,194.0,18932,74,Yoga,88,8,2868.0,Morning session,2865.0
1007,26.2,Female,103.1,191.7,5511,67,Cycling,167,6,2369.9,Good workout,2368.0
1008,34.2,Female,94.1,158.6,15024,119,HIIT,179,2,3062.4,,3059.0
1009,26.5,Female,113.3,160.5,12413,39,Cycling,147,4,2408.0,Evening workout,2405.0
1010,28.2,Male,114.8,172.4,17319,95,Walking,142,6,3216.5,Morning session,3217.0
1011,32.3,Male,74.4,160.3,13715,101,HIIT,136,9,2968.5,,2968.0
1012,41.1,Female,61.6,151.1,8975,106,Running,75,2,2251.8,Evening workout,2247.0
1013,55.5,Male,119.8,152.4,13621,35,Swimming,99,6,2444.0,High intensity,2443.0
1014,52.9,Female,64.8,160.0,11511,44,HIIT,86,10,2302.1,Evening workout,2305.0
1015,47.3,Male,92.5,184.8,11558,72,Yoga,129,10,2769.2,,2772.0
1016,48.4,Male,117.7,164.6,1526,84,HIIT,101,10,2443.3,Morning session,2440.0
1017,22.7,Female,46.5,192.9,2753,80,Yoga,116,7,1953.8,,1952.0
1018,61.3,Male,81.3,160.8,15656,37,HIIT,69,8,2408.7,Evening workout,2413.0
1019,31.1,Male,45.5,180.5,11220,34,Cycling,97,9,2047.1,Good workout,2048.0
1020,28.1,Female,48.8,177.4,19038,70,Cycling,67,5,2451.3,,2450.0
1021,26.3,Female,98.8,177.4,13741,114,Yoga,77,9,3020.9,Low effort,3020.0
1022,51.8,Male,69.6,181.8,5841,40,HIIT,155,9,2168.5,Good workout,2168.0
1023,29.8,Male,47.5,174.5,5041,63,Running,76,7,1830.1,Good workout,1826.0
1024,52.5,Male,53.0,169.9,9965,76,Cycling,117,2,2097.5,Good workout,2096.0
1025,52.7,Female,118.5,177.5,15418,106,HIIT,165,8,3366.3,High intensity,3364.0
1026,18.6,Male,78.3,174.5,5417,60,HIIT,125,5,2011.3,,2008.0
1027,57.5,Male,87.5,160.0,9977,67,Walking,103,8,2501.3,High intensity,2500.0
1028,39.1,Male,118.7,168.5,15587,43,Running,143,2,2521.3,Morning session,2525.0
1029,46.1,Female,66.1,177.8,1448,68,Walking,133,7,1995.1,,1997.0
1030,25.8,Female,114.4,150.6,5585,30,Yoga,68,5,1782.5,,1784.0
1031,28.8,Female,,154.5,13751,65,Walking,107,4,2205.8,Low effort,2207.0
1032,58.6,Female,110.2,159.7,9108,46,Yoga,98,10,2470.0,Morning session,2473.0
1033,54.4,Male,76.8,191.3,16534,73,Yoga,164,6,2855.4,Low effort,2854.0
1034,31.5,Female,60.3,183.0,12443,28,Running,148,5,2110.2,Low effort,2113.0
1035,47.7,Male,45.4,185.8,1294,110,Swimming,148,6,2225.9,High intensity,2223.0
1036,52.9,Male,116.5,151.3,2238,94,Walking,147,9,2659.5,Low effort,2657.0
1037,38.6,Male,92.9,167.8,16321,87,HIIT,65,1,2481.5,Evening workout,2486.0
1038,54.2,Male,94.5,162.9,17074,83,HIIT,89,1,2600.5,,2598.0
1039,22.3,Female,57.2,154.9,14049,62,Yoga,133,6,2421.7,Evening workout,2417.0
1040,36.1,Female,59.8,169.0,3816,80,Cycling,162,2,1975.4,,1973.0
1041,31.9,Female,97.2,151.2,2098,102,Swimming,154,8,2492.7,Low effort,2489.0
1042,43.3,Female,88.6,160.6,15679,72,Yoga,77,7,2668.0,High intensity,2672.0
1043,21.3,Female,52.6,179.5,2737,113,Running,102,6,2163.6,,2165.0
1044,42.7,Male,118.8,181.4,19573,71,Swimming,92,4,2901.1,Good workout,2900.0
1045,62.5,Female,90.5,181.8,3765,81,Swimming,112,9,2394.8,High intensity,2396.0
1046,59.3,Female,113.7,187.1,18606,112,Swimming,115,7,3392.4,Good workout,3391.0
1047,42.6,Female,63.7,177.0,15230,86,Running,78,7,2650.7,Good workout,2647.0
1048,35.6,Female,82.2,159.1,12434,119,HIIT,146,5,2934.4,Morning session,2939.0
1049,57.9,Male,55.5,171.9,13091,28,HIIT,128,1,1874.4,Low effort,1877.0
1050,25.4,Male,87.6,166.7,1410,84,Swimming,85,2,1812.3,,1808.0
1051,56.1,Male,64.3,171.3,5786,11,Swimming,88,8,1690.9,Good workout,1686.0
1052,57.4,Male,64.8,192.2,10069,15,Running,83,5,1788.7,High intensity,1789.0
1053,31.8,Male,65.6,168.8,18170,38,HIIT,65,2,2115.9,Evening workout,2117.0
1054,49.8,Female,101.7,166.7,19493,50,Running,113,5,2757.3,,2754.0
1055,55.7,Male,94.1,173.1,6835,60,Running,98,8,2291.3,Evening workout,2290.0
1056,50.6,,118.1,185.1,2986,14,HIIT,178,4,1902.7,Low effort,1905.0
1057,40.4,Male,70.2,181.6,9126,50,,63,3,1801.7,,1801.0
1058,32.1,Female,74.1,185.8,10070,71,HIIT,117,5,2343.5,Good workout,2339.0
1059,50.7,Female,117.2,177.3,8300,39,Running,107,7,2288.0,Good workout,2289.0
1060,42.2,Male,75.4,163.2,16548,112,Walking,119,2,2857.1,,2855.0
1061,34.2,Female,86.6,185.6,3403,71,Cycling,165,1,1984.5,High intensity,1987.0
1062,50.0,Female,112.3,155.1,9262,109,Yoga,85,5,2702.5,Morning session,2701.0
1063,64.3,Male,105.5,158.1,11502,36,Running,138,7,2476.4,Low effort,2474.0
1064,19.5,Female,105.3,170.5,7701,59,Walking,136,8,2422.4,,2425.0
1065,31.1,Female,114.8,161.6,4295,91,Walking,99,8,2421.8,,2418.0
1066,57.3,Female,112.2,179.5,16687,61,Yoga,145,10,3141.6,Low effort,3142.0
1067,57.8,Male,61.1,180.2,13875,58,Running,136,9,2675.6,,2678.0
1068,56.1,Male,63.2,189.3,3121,71,Cycling,115,1,1725.6,Evening workout,1729.0
1069,23.5,Male,95.6,153.8,4582,109,HIIT,98,7,2436.6,Evening workout,2436.0
1070,23.3,Female,114.6,180.3,15477,69,Yoga,140,10,3088.7,,3093.0
1071,20.5,Male,107.6,176.1,10821,89,HIIT,159,8,2908.7,High intensity,2912.0
1072,24.8,Female,119.2,174.9,6700,63,Cycling,98,6,2298.6,Good workout,2294.0
1073,25.8,Female,74.6,154.6,8232,14,Yoga,107,10,1970.8,,1974.0
1074,59.6,,69.7,155.2,5288,18,Cycling,84,4,1504.3,,1504.0
1075,32.3,Male,119.5,154.6,2085,43,Cycling,93,7,1952.4,Low effort,1954.0
1076,64.7,Male,115.7,176.9,16891,107,Yoga,80,3,2982.9,,2983.0
1077,46.3,Male,70.2,157.7,16600,45,Walking,84,2,2168.1,,2167.0
1078,50.3,Male,100.5,158.5,9645,104,Walking,148,6,2875.3,Good workout,2871.0
1079,47.0,Female,66.4,164.2,9810,29,,81,2,1695.1,Low effort,1692.0
1080,56.0,Male,63.5,185.4,9828,90,Swimming,82,6,2395.0,,2392.0
1081,44.4,Female,75.4,190.5,19732,93,Yoga,84,10,3150.9,,3153.0
1082,53.4,Male,,156.3,5874,101,Swimming,137,3,2330.8,Morning session,2335.0
1083,46.7,Male,86.3,181.6,14767,94,Cycling,137,2,2745.8,Morning session,2749.0
1084,55.9,Male,85.6,157.1,11913,92,HIIT,85,8,2729.0,Morning session,2725.0
1085,50.5,,67.6,164.3,17215,72,Swimming,163,4,2784.8,Evening workout,2789.0
1086,54.5,Female,91.7,186.8,19733,76,Running,89,4,2850.9,Morning session,2847.0
1087,44.3,Female,57.1,168.5,15332,39,Cycling,149,7,2467.3,Low effort,2463.0
1088,50.6,Female,110.3,188.4,5432,78,Swimming,97,8,2423.0,,2425.0
1089,21.2,Female,110.9,155.5,8265,115,HIIT,145,9,3030.6,High intensity,3029.0
1090,39.6,Male,60.1,168.4,7103,79,Running,162,10,2562.2,,2559.0
1091,19.2,Female,117.4,177.2,12012,12,Cycling,162,8,2380.5,,2378.0
1092,27.8,Female,72.7,166.2,16900,58,Cycling,93,4,2382.8,Good workout,2378.0
1093,22.3,Female,79.4,191.7,3031,51,HIIT,148,2,1718.4,,1718.0
1094,27.3,Female,85.6,168.3,18633,33,Swimming,159,10,2829.5,Evening workout,2827.0
1095,50.0,Male,75.3,180.8,9519,53,Running,136,5,2215.7,Low effort,2211.0
1096,55.8,Female,76.1,160.5,9988,10,Walking,152,7,2091.0,Evening workout,2092.0
1097,30.2,Male,98.1,164.2,6299,63,Cycling,165,2,2167.0,Evening workout,2165.0
1098,48.8,Male,116.5,159.2,13952,61,Cycling,132,4,2673.1,High intensity,2675.0
1099,64.9,Male,103.3,192.4,4094,45,Walking,74,6,1909.1,Evening workout,1907.0
1100,53.3,Female,85.8,172.8,3977,88,Cycling,154,8,2464.6,,2465.0
1101,62.3,Male,110.1,152.1,18346,114,Cycling,103,10,3491.1,,3495.0
1102,41.3,Female,98.6,152.4,6725,47,Swimming,150,6,2252.8,,2248.0
1103,32.3,Female,84.0,167.2,2268,53,Cycling,154,6,1996.3,Evening workout,1998.0
1104,46.5,Female,72.5,174.6,17161,91,Walking,69,6,2744.7,Morning session,2740.0
1105,25.2,Female,81.1,192.9,17756,96,Yoga,174,4,3040.1,Morning session,3039.0
1106,,Female,109.1,169.3,8617,56,Running,176,3,2334.8,High intensity,2335.0
1107,46.6,Male,118.1,178.5,16032,38,Cycling,96,1,2308.0,,2311.0
1108,64.7,Male,99.2,171.6,13934,60,Swimming,66,2,2309.8,Low effort,2305.0
1109,21.8,Female,48.8,164.9,12885,50,Cycling,91,2,1914.3,Good workout,1912.0
1110,29.9,Male,54.5,188.2,10796,95,Swimming,175,10,2892.4,High intensity,2888.0
1111,62.0,Female,91.5,159.8,7279,73,Running,70,7,2270.3,High intensity,2266.0
1112,19.0,Male,119.8,170.0,1095,97,Cycling,107,6,2261.2,Low effort,2262.0
1113,44.7,Male,58.2,178.1,16478,118,Running,168,8,3243.2,,3239.0
1114,48.0,Male,82.3,181.8,8021,57,HIIT,151,9,2476.2,Low effort,2478.0
1115,53.6,Male,56.9,159.3,16185,86,HIIT,127,5,2758.8,High intensity,2754.0
1116,53.5,Male,89.1,162.7,6868,106,Running,107,3,2413.3,,2416.0
1117,43.7,Female,61.3,172.4,14071,31,Walking,104,4,2035.2,Morning session,2037.0
1118,60.2,,79.2,172.0,9041,108,HIIT,154,8,2867.2,Evening workout,2870.0
1119,44.2,Male,110.5,180.2,17515,26,HIIT,152,3,2520.6,,2516.0
1120,22.2,Female,119.7,153.4,12307,95,Swimming,92,2,2594.5,Morning session,2594.0
1121,37.2,Male,85.4,152.9,8290,14,Swimming,177,7,2120.6,High intensity,2120.0
1122,28.4,Female,111.3,170.1,16495,70,HIIT,63,4,2589.6,,2589.0
1123,27.6,Male,73.6,151.2,7516,98,Swimming,106,8,2477.6,,2482.0
1124,57.2,Male,62.4,153.8,10341,15,Running,149,1,1731.2,,1731.0
1125,55.2,Male,64.6,150.6,12702,62,HIIT,112,8,2514.2,Morning session,2510.0
1126,23.3,Female,58.4,164.7,1807,90,Running,90,5,1859.2,,1855.0
1127,25.2,Female,78.2,182.1,14031,104,Walking,90,2,2534.8,Evening workout,2534.0
1128,40.4,Male,93.9,155.3,17434,26,Walking,86,1,2115.4,Low effort,2112.0
1129,64.2,Male,98.1,156.3,12400,68,Swimming,148,6,2689.7,,2694.0
1130,43.6,Female,75.3,168.3,17439,106,Swimming,107,9,3187.2,,3184.0
1131,63.6,Female,102.2,193.2,4664,48,Swimming,95,9,2170.8,Morning session,2175.0
1132,60.4,Female,86.1,150.0,1743,63,Cycling,108,9,2077.8,Low effort,2075.0
1133,29.7,Female,102.0,188.1,7030,57,Yoga,90,4,2043.2,Low effort,2048.0
1134,43.2,Female,74.3,168.8,15661,46,Cycling,166,6,2597.4,Low effort,2602.0
1135,30.7,Male,69.2,194.8,15975,57,Walking,160,10,2803.0,Low effort,2802.0
1136,57.0,Female,107.2,175.1,1079,77,Swimming,168,6,2348.2,Evening workout,2345.0
1137,35.5,Male,63.8,193.7,15809,116,Running,103,5,2871.1,High intensity,2875.0
1138,42.2,Male,116.6,161.8,13132,87,Cycling,118,2,2689.4,Low effort,2687.0
1139,50.6,Female,52.6,171.9,3966,86,Cycling,82,7,2045.2,Low effort,2047.0
1140,64.3,Female,47.4,162.6,16534,36,Swimming,158,1,2174.7,,2175.0
1141,57.5,Male,111.3,177.7,4728,97,Yoga,127,6,2564.0,Evening workout,2561.0
1142,60.5,Female,61.9,163.8,5536,36,Running,151,5,1885.5,Good workout,1883.0
1143,29.2,Male,58.9,171.1,17509,81,HIIT,101,5,2611.2,Good workout,2611.0
1144,61.9,Female,53.2,179.8,6813,72,Running,164,8,2425.4,Good workout,2428.0
1145,53.4,Female,106.5,193.1,1947,61,Yoga,101,9,2150.5,,2154.0
1146,21.1,Female,65.5,169.4,13565,56,Running,72,7,2247.6,Evening workout,2249.0
1147,22.3,Male,81.7,193.5,16844,112,HIIT,60,10,3063.8,,3067.0
1148,54.3,Female,55.8,176.1,1594,30,Cycling,135,8,1715.7,Evening workout,1715.0
1149,25.4,Male,64.6,187.3,17524,66,HIIT,166,2,2608.1,Morning session,2606.0
1150,59.6,Female,79.7,191.9,15017,114,Cycling,112,2,2811.6,Good workout,2808.0
1151,45.6,Male,97.9,190.8,5205,84,Yoga,99,8,2412.2,,2410.0
1152,48.6,Female,91.6,183.7,8782,104,Running,149,6,2740.2,Evening workout,2745.0
1153,26.2,Male,119.4,188.4,3660,100,Running,178,8,2776.9,,2775.0
1154,46.3,Male,96.3,190.8,17013,51,Swimming,105,9,2829.0,Good workout,2834.0
1155,31.9,Male,52.9,193.4,7856,119,Swimming,169,9,2811.0,Evening workout,2815.0
1156,57.7,Male,48.3,186.3,7089,57,Walking,175,6,2207.4,Evening workout,2205.0
1157,58.4,Male,71.1,150.7,6318,36,Swimming,146,8,2082.8,Evening workout,2084.0
1158,39.0,Male,88.4,164.4,16405,81,Cycling,172,2,2794.9,Low effort,2795.0
1159,28.4,Female,84.3,181.0,19936,42,Running,81,8,2645.1,Good workout,2645.0
1160,40.2,Male,91.8,157.4,9062,85,Yoga,174,3,2546.8,High intensity,2547.0
1161,18.8,Male,88.1,182.3,18424,44,Running,111,1,2330.0,Evening workout,2329.0
1162,63.7,Male,92.6,167.4,9506,107,Swimming,179,7,3022.1,Morning session,3026.0
1163,54.5,Female,96.7,194.7,12651,25,Swimming,87,1,1925.9,Good workout,1921.0
1164,38.3,Female,112.4,178.5,16730,45,Cycling,112,1,2432.4,,2433.0
1165,43.7,Female,55.5,181.7,4236,75,Cycling,176,1,1954.3,Good workout,1954.0
1166,63.4,Male,117.1,182.1,4680,85,HIIT,122,4,2368.6,High intensity,2369.0
1167,53.1,Female,48.0,154.6,16383,100,Cycling,76,4,2543.7,Good workout,2548.0
1168,40.7,Female,117.1,167.1,12298,65,Walking,123,10,2874.9,Low effort,2871.0
1169,18.0,Male,92.6,159.5,18921,26,Walking,65,6,2332.3,,2331.0
1170,57.8,Male,70.1,185.9,4872,29,Yoga,73,10,1862.0,Morning session,1864.0
1171,32.1,Female,83.7,182.5,2867,94,Running,173,3,2216.0,High intensity,2218.0
1172,38.3,Male,102.8,172.9,16820,103,Swimming,76,10,3192.7,High intensity,3189.0
1173,64.1,Male,63.8,189.4,18545,115,Swimming,97,6,3115.1,Low effort,3112.0
1174,26.1,Male,102.8,154.8,4920,93,Yoga,128,7,2483.6,,2481.0
1175,26.6,Male,72.2,183.5,6693,17,Walking,72,1,1309.8,Morning session,1308.0
1176,27.1,Female,110.4,173.6,11948,27,Swimming,171,6,2426.8,High intensity,2429.0
1177,,Male,54.4,166.2,9456,27,Running,112,10,2070.1,,2066.0
1178,58.2,Female,102.2,180.2,7331,27,Walking,68,1,1647.3,Low effort,1643.0
1179,52.5,Female,117.8,156.4,14107,11,Cycling,103,7,2339.9,,2337.0
1180,42.8,Female,58.2,166.2,10494,85,Swimming,165,10,2795.0,Good workout,2793.0
1181,43.6,Female,59.7,177.6,14853,105,Running,85,5,2652.1,Morning session,2657.0
1182,28.4,Male,77.2,187.8,10386,115,Running,136,10,3004.1,Evening workout,3002.0
1183,55.2,Male,61.5,171.0,18910,81,Walking,78,4,2638.1,,2638.0
1184,19.3,Male,68.4,164.0,9131,60,,107,1,1883.5,Morning session,1883.0
1185,24.2,Female,74.4,186.9,12796,19,Yoga,140,9,2298.6,Low effort,2301.0
1186,35.8,Female,106.2,164.2,2158,84,Cycling,139,7,2345.0,,2341.0
1187,44.3,Female,57.4,174.1,18528,23,Walking,89,2,2068.4,,2065.0
1188,51.8,Male,106.1,170.7,1068,35,Cycling,91,4,1634.4,Morning session,1633.0
1189,44.8,Female,91.2,187.8,4717,56,Walking,137,4,2049.7,Morning session,2049.0
1190,34.0,Male,60.8,151.4,16218,39,HIIT,171,8,2601.5,,2598.0
1191,60.5,Male,110.7,176.8,12200,65,Yoga,179,2,2639.4,High intensity,2640.0
1192,61.1,Male,87.3,181.1,16855,51,Walking,138,5,2677.7,Evening workout,2676.0
1193,41.8,Male,52.7,170.7,10361,13,Running,135,10,2085.7,,2082.0
1194,42.7,Female,47.3,153.5,16692,112,Swimming,160,8,3134.4,Low effort,3139.0
1195,24.3,Male,56.7,193.3,12526,20,Swimming,134,6,1994.1,Low effort,1999.0
1196,23.3,Female,60.8,168.5,11207,33,Walking,128,4,1989.9,Good workout,1990.0
1197,41.0,Male,103.2,151.3,10231,95,Swimming,179,5,2860.4,Morning session,2856.0
1198,50.7,Female,93.3,175.3,16063,76,Walking,179,2,2827.6,,2831.0
1199,46.4,Female,107.0,183.1,5723,46,Cycling,70,5,1896.1,Morning session,1893.0
1200,60.7,Male,106.7,163.8,5213,11,Cycling,157,3,1833.9,,1835.0
1201,39.9,Male,93.8,164.8,4466,21,Cycling,142,3,1724.3,Good workout,1725.0
1202,43.8,Male,95.4,169.5,13449,30,Cycling,85,7,2287.5,Good workout,2283.0
1203,45.4,Female,,183.9,3747,78,Swimming,85,3,1849.5,Evening workout,1846.0
1204,38.2,Male,74.2,185.3,13454,80,Yoga,76,4,2372.3,,2372.0
1205,24.4,Male,103.9,168.6,13587,73,Cycling,154,7,2812.5,Morning session,2817.0
1206,34.4,Female,59.6,158.2,17383,77,HIIT,142,3,2646.8,Low effort,2647.0
1207,37.9,Male,67.4,156.5,3203,52,Yoga,103,10,1967.7,Good workout,1970.0
1208,58.6,Female,89.0,179.1,14635,63,Running,143,10,2936.5,Low effort,2936.0
1209,37.9,Male,106.4,162.3,2144,114,Cycling,82,2,2163.1,High intensity,2163.0
1210,39.1,Female,115.7,176.2,13213,109,Yoga,84,10,3163.7,,3159.0
1211,45.5,Female,59.7,193.2,17944,71,Cycling,151,7,2857.5,Low effort,2857.0
1212,57.1,Male,90.6,184.5,2187,95,HIIT,96,5,2157.2,,2158.0
1213,24.7,Female,108.3,162.6,4133,102,Running,135,1,2253.7,,2250.0
1214,18.7,Male,90.7,164.5,4411,82,Swimming,171,10,2568.7,,2566.0
1215,49.5,Male,100.8,158.5,2689,99,Running,124,8,2433.1,,2434.0
1216,30.4,Female,88.4,194.4,5407,21,Swimming,61,3,1505.6,Evening workout,1506.0
1217,47.0,Male,119.2,172.7,3423,10,Swimming,133,7,1911.1,High intensity,1915.0
1218,40.9,Female,73.7,185.6,18753,81,Swimming,157,6,3004.6,Evening workout,3003.0
1219,36.9,Female,106.2,189.2,7728,42,Yoga,91,10,2312.1,Morning session,2316.0
1220,49.2,Female,96.5,152.1,1976,73,Walking,148,6,2207.8,Morning session,2204.0
1221,47.1,Female,98.5,183.1,13801,77,HIIT,133,8,2892.8,,2897.0
1222,46.1,Female,101.5,168.8,11548,23,HIIT,114,4,2124.8,,2120.0
1223,62.2,Female,110.3,177.1,1118,102,Yoga,109,4,2269.2,Good workout,2268.0
1224,46.0,Female,66.2,172.5,2542,23,Swimming,124,3,1465.1,Evening workout,1470.0
1225,47.6,Female,64.4,189.4,1972,18,HIIT,91,1,1147.7,Good workout,1143.0
1226,33.2,Male,77.6,194.4,1915,82,Running,96,10,2194.0,Morning session,2195.0
1227,57.7,Male,116.8,156.1,7621,35,Running,135,3,2109.6,,2109.0
1228,36.4,Female,69.0,190.1,17970,58,HIIT,172,1,2536.9,Low effort,2538.0
1229,35.1,Male,90.7,161.4,15530,115,HIIT,174,6,3235.9,Morning session,3234.0
1230,18.1,Male,117.2,163.3,8354,26,Running,141,8,2261.8,,2264.0
1231,31.4,Male,101.7,164.8,14761,114,HIIT,153,3,3046.8,Low effort,3048.0
1232,64.9,Male,49.9,152.2,5591,77,HIIT,72,4,1885.2,,1883.0
1233,19.7,Male,99.1,164.4,19946,69,HIIT,113,5,2928.3,,2927.0
1234,45.7,Male,105.3,173.2,9464,119,HIIT,62,7,2755.5,Low effort,
1235,47.4,Female,52.8,157.8,13550,12,Yoga,144,6,2070.5,Good workout,2070.0
1236,55.3,Male,60.7,154.7,15351,102,HIIT,101,2,2617.9,Good workout,2614.0
1237,21.2,Male,92.8,153.5,5290,34,HIIT,137,7,1994.4,Evening workout,1991.0
1238,18.5,Male,105.6,163.7,7446,30,Cycling,99,8,2043.2,Low effort,2046.0
1239,25.3,Male,59.3,165.0,14432,21,Yoga,133,1,1872.4,Low effort,1874.0
1240,46.5,Female,109.4,169.6,2522,63,Yoga,125,6,2111.3,Evening workout,2115.0
1241,56.5,Female,66.3,173.5,1561,10,HIIT,119,9,1593.4,Low effort,1590.0
1242,20.2,Female,47.3,155.4,4540,10,Walking,168,7,1646.7,Low effort,1643.0
1243,49.1,Female,98.6,180.0,13328,54,HIIT,160,5,2665.5,High intensity,2668.0
1244,27.4,Male,58.6,155.6,2479,55,Yoga,70,10,1856.6,,1852.0
1245,27.0,Female,80.4,184.7,7677,57,Cycling,179,10,2514.7,Good workout,2518.0
1246,36.6,Female,111.0,164.3,18589,16,Running,60,9,2529.0,Low effort,2533.0
1247,63.1,Female,54.4,178.1,9848,19,Swimming,85,2,1583.1,High intensity,1588.0
1248,51.7,Female,93.0,152.2,17973,24,Swimming,101,7,2494.5,Good workout,2493.0
1249,50.7,Male,109.4,160.2,13766,49,Yoga,121,9,2735.7,Low effort,2736.0
1250,40.8,Female,101.6,152.2,14520,20,Cycling,120,2,2091.6,,2087.0
1251,45.7,Male,71.4,177.4,12943,65,Cycling,136,10,2681.5,Good workout,2686.0
1252,49.3,Female,119.5,159.8,11292,55,HIIT,151,6,2667.3,Low effort,2668.0
1253,24.2,Male,49.3,182.6,11076,54,Cycling,159,9,2433.6,Low effort,2433.0
1254,46.1,Male,115.8,165.7,17017,96,Yoga,144,3,3016.3,Good workout,3018.0
1255,25.6,Female,101.7,159.1,9655,22,Running,121,8,2206.6,,2205.0
1256,18.6,Female,59.4,182.7,9945,36,Running,133,5,1985.2,Evening workout,1988.0
1257,20.4,Female,74.4,185.0,9774,114,Running,71,7,2567.9,Good workout,2566.0
1258,41.8,Female,64.3,152.0,3205,90,Walking,169,3,2148.0,,2148.0
1259,40.0,Male,81.8,154.3,13342,59,HIIT,86,8,2522.0,Evening workout,2518.0
1260,25.3,Male,47.8,161.1,5027,70,HIIT,126,2,1796.9,Morning session,1798.0
1261,64.2,Female,117.7,193.1,17327,22,Cycling,87,8,2630.4,Evening workout,2626.0
1262,54.8,Female,85.3,162.8,8188,21,HIIT,125,2,1769.8,Good workout,1772.0
1263,20.8,Male,83.0,173.0,3808,38,Yoga,87,7,1753.5,Evening workout,1752.0
1264,50.2,Female,70.2,193.6,14851,94,Running,174,2,2781.8,Morning session,2780.0
1265,45.6,Male,46.7,181.2,16354,93,Yoga,154,7,2900.3,,2904.0
1266,64.3,Female,67.2,165.5,16058,29,Cycling,166,1,2271.8,Morning session,2269.0
1267,25.4,Male,67.6,181.5,15620,40,Cycling,80,6,2197.6,Evening workout,2197.0
1268,51.3,Male,60.9,194.6,4913,17,Cycling,66,10,1691.6,,1690.0
1269,52.2,Male,53.6,186.0,18803,33,Running,173,7,2653.5,Morning session,2656.0
1270,49.1,Male,57.8,185.4,3167,84,Yoga,154,4,2074.9,Morning session,2070.0
1271,41.4,Male,72.2,170.1,3144,48,Cycling,73,1,1497.0,Good workout,1499.0
1272,31.5,Female,71.5,161.9,3167,42,HIIT,98,6,1692.1,,1688.0
1273,49.5,Male,95.8,170.7,10752,51,Running,177,4,2447.3,Low effort,2448.0
1274,63.5,Female,108.5,170.0,10368,24,Yoga,162,3,2231.4,High intensity,2227.0
1275,60.5,Male,96.4,192.4,18550,77,Cycling,178,4,3089.4,High intensity,3094.0
1276,33.5,Male,82.1,155.1,4575,74,Running,132,6,2187.2,Morning session,2187.0
1277,21.6,Female,109.0,158.7,19254,41,Walking,146,5,2757.7,Good workout,2760.0
1278,54.7,Female,62.2,150.7,17543,20,Running,121,2,2130.5,High intensity,2132.0
1279,38.9,Female,107.6,161.3,8243,103,Swimming,71,2,2369.2,Good workout,2369.0
1280,31.3,Female,95.9,163.1,13926,46,Swimming,152,3,2406.4,,2409.0
1281,48.1,Male,53.5,155.5,2055,28,Running,97,6,1439.8,Good workout,1441.0
1282,35.5,Female,57.8,150.9,17717,60,Running,117,1,2320.0,Morning session,2324.0
1283,24.8,Male,84.1,171.5,10083,109,Running,115,7,2775.2,,2771.0
1284,27.7,Female,99.2,183.7,2362,43,HIIT,98,8,1917.8,Morning session,1916.0
1285,24.7,Female,87.3,160.2,1925,80,Walking,145,7,2184.4,Evening workout,2188.0
1286,50.7,Male,88.6,152.1,19827,69,Yoga,63,3,2596.5,Morning session,2593.0
1287,40.4,Male,112.2,191.6,17321,118,Swimming,107,6,3293.3,,3290.0
1288,38.3,Female,77.1,155.0,11769,93,Running,66,4,2381.0,Morning session,2382.0
1289,36.7,Male,68.2,155.6,4980,62,Yoga,119,5,1988.4,Morning session,1990.0
1290,36.5,Male,80.7,169.1,8260,21,Cycling,99,3,1729.0,Low effort,1726.0
1291,53.7,Male,54.6,170.3,17151,71,Walking,67,5,2444.2,Evening workout,2449.0
1292,46.7,Male,64.0,151.6,11597,105,Yoga,175,6,2864.4,Good workout,2863.0
1293,35.2,Male,119.9,175.6,2419,75,Walking,117,8,2343.7,High intensity,2345.0
1294,19.5,Male,56.6,180.2,12067,95,Yoga,116,6,2509.8,Morning session,2505.0
1295,18.6,Male,106.6,175.2,1059,114,Running,94,9,2501.2,Good workout,2497.0
1296,64.7,Male,62.7,181.8,3524,57,HIIT,132,10,2179.4,High intensity,2176.0
1297,22.4,Female,107.5,159.5,2578,49,HIIT,174,10,2320.0,Morning session,2324.0
1298,37.4,Male,69.8,172.2,13598,33,Running,72,10,2298.1,High intensity,2298.0
1299,28.1,Female,56.1,155.2,15527,59,Walking,98,10,2588.3,,2584.0
1300,59.6,Male,65.9,172.1,17047,104,Yoga,143,4,2931.8,,2934.0
1301,19.7,Male,69.7,177.9,1707,77,HIIT,80,2,1607.0,Morning session,1608.0
1302,20.7,Male,55.8,179.5,6277,97,Running,106,9,2329.1,,2329.0
1303,40.2,Male,108.6,163.9,2780,52,Walking,142,3,1949.6,,1952.0
1304,29.5,Female,117.7,186.0,14811,26,Cycling,61,7,2335.9,,2335.0
1305,37.4,Female,94.7,181.8,19797,113,Running,103,4,3145.1,,3143.0
1306,22.2,Male,106.3,183.1,14145,92,Yoga,163,1,2736.6,High intensity,2733.0
1307,54.7,Female,93.3,190.1,15662,113,Cycling,89,8,3114.5,,3117.0
1308,55.6,Male,58.8,193.2,19545,111,Cycling,146,4,3095.6,Evening workout,3095.0
1309,47.6,Male,45.6,171.4,12731,64,Swimming,114,6,2326.3,Low effort,2326.0
1310,26.6,Female,69.7,180.4,9800,43,Running,99,7,2107.4,High intensity,2106.0
1311,51.2,Female,103.6,156.1,17692,106,Running,136,8,3305.5,,3302.0
1312,61.7,Male,116.5,190.2,6439,79,Yoga,156,10,2825.5,,2822.0
1313,52.7,Male,113.6,170.8,5307,69,HIIT,155,2,2239.3,,2239.0
1314,39.6,Female,49.5,165.9,3364,60,HIIT,151,9,2067.1,,2068.0
1315,61.5,Male,63.2,169.8,17568,109,Swimming,83,10,3156.7,Morning session,3153.0
1316,41.0,Female,67.4,192.0,6324,86,HIIT,101,3,2064.5,Morning session,2064.0
1317,34.1,Male,53.4,193.0,6483,82,Running,87,1,1835.6,Low effort,1837.0
1318,27.3,Male,94.6,168.0,1245,44,Running,153,2,1733.9,Good workout,1737.0
1319,47.4,Female,60.2,181.4,9430,43,Yoga,176,8,2325.7,Morning session,2328.0
1320,63.8,Female,77.4,164.4,9183,25,HIIT,179,10,2406.1,High intensity,2402.0
1321,40.2,Female,46.3,154.6,6924,91,Cycling,164,6,2367.3,Evening workout,2371.0
1322,49.6,Male,58.1,160.6,17903,27,HIIT,152,1,2253.5,Evening workout,2252.0
1323,34.4,Male,45.9,164.6,14901,47,HIIT,157,9,2521.3,Low effort,2525.0
1324,34.5,Male,102.0,178.4,4907,52,Yoga,110,7,2148.5,Evening workout,2148.0
1325,31.1,Male,60.1,194.8,1276,41,Walking,81,10,1692.3,Good workout,1696.0
1326,26.4,Female,91.2,153.1,6101,16,Swimming,148,3,1734.6,Good workout,1737.0
1327,57.3,Male,88.6,185.5,15537,96,Yoga,137,7,3080.8,Evening workout,3076.0
1328,19.2,Male,58.9,172.0,13501,96,Running,133,6,2664.2,High intensity,
1329,62.2,Male,68.6,164.8,5603,55,Cycling,133,3,1953.1,Good workout,1952.0
1330,42.3,Female,99.5,193.1,17335,70,Swimming,67,8,2800.8,Evening workout,2801.0
1331,56.5,Male,59.1,152.9,14386,27,Walking,73,1,1787.1,,1789.0
1332,26.3,Male,116.3,181.1,5053,80,Cycling,104,5,2303.1,High intensity,2306.0
1333,39.2,Female,78.3,159.2,7073,115,Yoga,97,8,2647.8,Evening workout,
1334,60.6,Male,46.2,189.3,17525,49,Yoga,91,3,2232.9,Morning session,2229.0
1335,63.5,Male,71.9,187.1,11561,97,Swimming,176,10,3087.7,Low effort,3086.0
1336,21.4,Female,118.4,171.3,19101,87,HIIT,121,6,3126.7,,3126.0
1337,43.2,Male,116.4,163.8,13748,59,Running,168,10,3037.2,,3037.0
1338,46.9,Male,67.8,166.8,8313,14,Swimming,155,2,1684.7,Good workout,1685.0
1339,62.0,Male,112.3,170.6,6714,119,Running,126,9,2986.2,High intensity,2991.0
1340,51.0,Female,58.5,164.6,17783,63,Yoga,143,2,2492.2,Low effort,2497.0
1341,40.6,Male,107.3,164.7,10526,95,Yoga,120,5,2688.3,Low effort,2686.0
1342,54.0,Male,109.2,150.5,14582,67,Running,72,3,2483.2,Good workout,2484.0
1343,28.3,Female,112.5,173.3,11815,31,Yoga,178,10,2694.5,High intensity,2695.0
1344,23.1,Female,107.2,161.8,14760,83,Yoga,146,9,3080.8,Low effort,3083.0
1345,35.1,Male,108.4,159.8,7255,99,Yoga,142,9,2844.8,,2840.0
1346,38.8,Male,76.3,191.8,17622,88,Cycling,139,7,3015.8,Evening workout,3016.0
1347,59.1,Male,57.2,191.1,4215,47,HIIT,159,10,2140.8,High intensity,2144.0
1348,53.1,Male,110.0,180.3,8541,114,Walking,158,5,2896.4,High intensity,2901.0
1349,58.7,Female,63.3,160.1,4647,115,Cycling,106,9,2551.1,Good workout,2550.0
1350,55.5,Male,68.8,165.4,10808,58,HIIT,170,7,2493.8,Low effort,2496.0
1351,51.4,Female,55.6,158.6,19813,10,Swimming,173,2,2263.3,High intensity,2266.0
1352,34.7,Female,103.0,163.6,4652,87,Running,113,10,2533.3,High intensity,2537.0
1353,54.2,Male,59.2,168.2,15028,45,Walking,130,1,2146.9,,2151.0
1354,42.2,Male,54.4,180.1,14803,104,HIIT,111,10,2928.6,,2925.0
1355,55.6,Female,85.7,158.2,7307,37,HIIT,160,10,2339.8,Evening workout,2342.0
1356,29.1,Female,71.7,185.8,2535,107,Running,131,4,2171.7,High intensity,2174.0
1357,40.3,Male,104.7,188.3,15932,44,HIIT,84,10,2675.8,Evening workout,2674.0
1358,59.3,Female,117.3,175.1,16749,69,HIIT,82,8,2883.5,Low effort,2885.0
1359,39.6,Male,96.8,157.8,9727,112,Cycling,133,6,2852.0,Good workout,2849.0
1360,38.1,Male,72.3,173.4,18332,71,Running,89,2,2507.0,Morning session,2507.0
1361,44.2,Female,109.9,157.0,11834,96,Swimming,156,5,2927.6,Morning session,2928.0
1362,48.4,Female,61.9,168.6,10213,55,Running,70,9,2205.2,High intensity,2208.0
1363,23.7,Male,88.4,179.1,16437,117,Yoga,94,6,3025.8,,3022.0
1364,44.3,Female,54.1,171.1,2403,92,Running,86,6,1971.1,Low effort,1974.0
1365,57.8,Male,107.4,158.5,8506,91,Swimming,176,7,2870.7,Low effort,2867.0
1366,51.1,Male,91.8,193.6,8591,88,HIIT,126,5,2477.9,Good workout,2481.0
1367,29.7,Male,82.1,153.4,13996,70,Walking,106,3,2420.1,High intensity,2419.0
1368,62.1,Female,114.7,186.4,6060,74,Swimming,172,3,2455.8,Good workout,2455.0
1369,24.2,Male,97.7,157.5,16062,98,Cycling,109,5,2897.6,Evening workout,2896.0
1370,27.2,Male,88.5,150.4,2602,35,Running,67,4,1500.6,,1498.0
1371,62.4,Male,118.3,177.3,14472,44,Running,114,5,2595.8,,2593.0
1372,34.6,Male,98.0,155.4,3196,66,Running,136,9,2300.1,,2301.0
1373,43.9,Male,64.1,185.5,12091,88,Swimming,101,5,2456.4,Low effort,2457.0
1374,,Male,75.2,160.1,16040,72,Yoga,126,4,2601.0,,2600.0
1375,45.0,Male,51.6,154.6,17494,13,Swimming,79,4,1960.2,,1961.0
1376,63.2,Male,102.6,173.1,17016,88,HIIT,169,1,2926.0,High intensity,2924.0
1377,19.8,Male,54.1,167.4,7023,51,,104,10,2111.3,High intensity,2107.0
1378,60.1,Male,54.4,169.3,4867,111,Walking,94,4,2195.4,High intensity,2191.0
1379,18.8,Male,83.4,177.2,10569,54,HIIT,136,4,2202.8,,2203.0
1380,53.7,Female,72.5,162.2,8641,48,Cycling,79,9,2156.6,Evening workout,2161.0
1381,43.0,Male,74.8,154.8,6004,74,Yoga,83,4,2017.3,,2015.0
1382,46.4,Male,81.9,179.7,10963,31,Walking,116,7,2182.3,,2185.0
1383,38.3,Male,111.7,150.7,14796,20,Yoga,114,1,2142.5,Evening workout,2146.0
1384,28.6,Female,87.6,171.1,9204,119,HIIT,68,7,2646.7,,2650.0
1385,57.5,Male,96.8,167.8,8077,111,Cycling,153,2,2611.8,,2616.0
1386,28.1,Female,100.7,154.1,13526,46,Yoga,148,8,2626.6,High intensity,2627.0
1387,53.7,Male,112.9,180.3,4261,99,Swimming,75,1,2127.9,,2132.0
1388,56.6,Male,53.5,155.5,18046,60,HIIT,178,10,3008.6,Low effort,3006.0
1389,57.3,Female,67.8,176.1,14397,100,Swimming,114,3,2652.7,Morning session,2651.0
1390,52.3,Male,107.4,174.9,4390,67,Swimming,131,8,2368.0,Morning session,2363.0
1391,51.4,Female,105.7,178.1,16299,86,HIIT,167,10,3299.2,Morning session,3301.0
1392,64.7,Female,84.7,177.1,2902,16,Swimming,117,8,1731.5,Morning session,1735.0
1393,41.1,Male,88.1,165.7,17712,17,Yoga,123,5,2412.5,,2415.0
1394,39.1,Male,68.8,161.5,10631,119,HIIT,151,5,2787.4,Morning session,2789.0
1395,22.7,Male,95.2,169.7,16562,60,HIIT,135,8,2842.0,,2840.0
1396,,Male,102.5,167.5,14540,32,Walking,174,10,2790.2,,2790.0
1397,53.7,Female,77.7,183.7,4846,99,Swimming,147,5,2441.8,Good workout,2440.0
1398,64.1,Female,60.2,172.7,13359,117,Swimming,108,9,2988.5,,2988.0
1399,37.3,Male,66.9,194.4,17608,100,Walking,88,1,2634.3,High intensity,2635.0
1400,36.8,Female,101.1,176.9,3520,18,Walking,138,5,1799.3,,1800.0
1401,52.3,Female,106.4,166.6,9064,55,Cycling,177,3,2388.7,Morning session,2385.0
1402,60.7,Male,115.4,170.6,19791,47,HIIT,141,3,2861.0,High intensity,2858.0
1403,34.9,Female,116.7,189.8,7683,22,Walking,66,2,1740.0,High intensity,1743.0
1404,62.2,Female,114.4,180.1,18194,16,Running,136,3,2458.9,Morning session,2457.0
1405,60.6,Male,74.5,152.2,4117,20,Walking,142,7,1805.7,Evening workout,1802.0
1406,51.3,Female,67.8,166.0,16604,83,Running,171,8,3002.2,Evening workout,3002.0
1407,26.6,Male,76.5,175.4,13578,106,Cycling,166,8,3038.2,,3038.0
1408,43.3,Female,101.3,172.5,3251,112,Swimming,128,8,2617.3,High intensity,2613.0
1409,19.6,Male,53.0,155.9,14513,59,Walking,149,1,2185.5,,2190.0
1410,26.7,Female,75.7,177.1,5661,76,Running,61,7,2024.1,Low effort,2025.0
1411,26.1,Female,115.1,157.8,15103,50,Swimming,92,2,2373.3,High intensity,2371.0
1412,57.3,Male,53.0,194.8,7421,38,Swimming,107,10,2074.6,,2075.0
1413,34.9,Male,57.5,157.4,5925,46,Swimming,96,4,1710.0,Evening workout,1713.0
1414,18.5,Male,102.5,168.1,13202,65,Swimming,148,5,2640.8,,2640.0
1415,42.6,Male,47.5,187.0,3646,118,Yoga,148,1,2142.6,Good workout,2144.0
1416,60.4,Female,79.7,178.0,19130,89,Walking,162,4,3060.5,Evening workout,3065.0
1417,57.4,Female,65.7,172.5,5309,25,Cycling,89,4,1551.1,Good workout,1555.0
1418,59.1,Female,108.3,181.5,17832,53,Running,100,9,2941.1,Good workout,2941.0
1419,42.0,Male,96.6,159.5,18952,59,HIIT,63,9,2831.6,High intensity,2828.0
1420,56.2,Female,78.7,176.8,13667,116,Walking,142,10,3247.7,Morning session,3243.0
1421,52.8,Female,79.3,150.2,8310,80,Cycling,150,1,2237.5,High intensity,2242.0
1422,20.5,Male,59.4,188.8,15967,88,HIIT,175,8,2971.3,,2968.0
1423,54.3,Male,50.6,178.6,10239,111,Walking,170,4,2651.2,,2652.0
1424,61.6,Female,76.8,194.7,8088,15,Swimming,98,4,1723.3,,1726.0
1425,61.7,Male,96.2,152.1,13822,27,Swimming,83,5,2207.0,High intensity,2202.0
1426,47.1,Female,72.4,186.7,18448,28,Walking,109,2,2236.4,Evening workout,2241.0
1427,55.4,Female,108.2,180.3,4821,60,Yoga,96,1,1881.7,Evening workout,1882.0
1428,51.1,Male,63.5,160.8,2436,75,HIIT,112,5,1927.0,,1925.0
1429,29.6,Female,59.2,171.8,13897,12,Yoga,84,7,1960.4,,1959.0
1430,36.5,Male,50.1,167.8,19867,119,Cycling,152,10,3423.0,Low effort,3424.0
1431,54.5,Male,117.0,184.9,8719,98,Running,90,9,2803.8,Low effort,2804.0
1432,61.1,Female,82.5,155.1,3794,109,Swimming,168,2,2379.4,,2382.0
1433,34.7,Female,70.9,152.0,12528,63,Swimming,158,8,2644.4,Morning session,2647.0
1434,27.8,Female,95.8,154.3,11082,58,Swimming,151,7,2548.5,Good workout,2548.0
1435,64.5,Male,117.3,158.4,14018,37,Walking,97,2,2285.6,,2284.0
1436,29.9,Female,97.2,177.7,18481,47,Swimming,117,5,2669.8,Low effort,2669.0
1437,33.8,Male,100.1,168.8,19022,37,HIIT,167,7,2898.4,High intensity,2895.0
1438,41.7,Male,103.2,177.2,16584,41,Yoga,112,3,2418.0,,2416.0
1439,36.4,Female,114.6,176.7,10850,50,HIIT,173,2,2396.7,Evening workout,2393.0
1440,25.5,Male,102.5,162.7,9455,45,Cycling,109,6,2208.5,Good workout,2212.0
1441,48.1,Female,57.5,187.1,12184,112,Swimming,63,10,2785.8,Morning session,2785.0
1442,,Female,87.9,192.5,14207,45,Swimming,151,6,2526.5,Evening workout,2530.0
1443,34.6,Female,95.0,170.6,1160,116,Walking,111,4,2267.4,,2264.0
1444,40.2,Female,63.8,176.4,9418,96,Swimming,90,1,2145.2,Morning session,2150.0
1445,54.4,Female,65.5,155.0,8081,75,HIIT,146,5,2369.7,,2369.0
1446,33.5,Female,68.3,187.2,5412,19,Yoga,137,1,1500.7,High intensity,1501.0
1447,23.7,Female,70.7,160.4,11114,79,Running,151,8,2633.1,Evening workout,2630.0
1448,25.4,Male,89.2,190.5,19722,81,Swimming,73,2,2643.4,Evening workout,2642.0
1449,42.3,Female,72.3,166.7,18985,88,Running,60,9,2938.7,Low effort,2936.0
1450,35.4,Male,73.2,188.5,6888,118,Yoga,102,9,2655.4,,2660.0
1451,42.9,Male,61.1,156.4,4718,102,Swimming,155,3,2258.1,High intensity,2261.0
1452,29.4,Male,112.3,179.6,11614,72,Running,177,6,2807.9,,2808.0
1453,32.7,Female,88.0,170.1,19309,101,Walking,118,9,3262.7,High intensity,3264.0
1454,43.6,Male,105.4,150.7,9443,31,HIIT,120,7,2195.5,,2194.0
1455,58.8,Male,112.7,174.1,16203,107,Cycling,100,4,3007.5,Evening workout,3007.0
1456,62.1,Female,118.2,181.3,17369,29,Walking,77,3,2385.8,Evening workout,2390.0
1457,43.0,Female,69.2,157.7,8274,42,Yoga,119,2,1851.9,High intensity,1855.0
1458,64.2,Male,111.2,154.8,16759,24,Swimming,128,10,2784.8,,2787.0
1459,49.8,Female,46.2,179.3,18986,16,HIIT,165,10,2615.7,Evening workout,2617.0
1460,27.3,Female,93.6,157.1,17897,97,Yoga,138,1,2850.9,Low effort,2846.0
1461,33.7,Female,114.3,168.2,16104,99,Walking,118,10,3264.4,,3266.0
1462,24.7,Female,70.5,193.2,9633,59,Yoga,101,1,1877.5,Morning session,1879.0
1463,34.2,Male,116.1,179.7,9192,19,Cycling,139,4,2060.0,,2058.0
1464,40.1,Female,71.6,164.3,7501,88,HIIT,159,4,2391.1,Morning session,2393.0
1465,43.8,Female,62.4,185.8,18286,46,Swimming,95,9,2615.7,,2612.0
1466,38.7,Female,98.3,193.2,6719,68,Yoga,99,10,2440.9,High intensity,2437.0
1467,39.4,Male,45.1,176.8,10412,97,Cycling,89,1,2107.9,Good workout,2112.0
1468,24.2,Male,105.2,162.2,16963,84,Walking,161,4,3002.5,,2998.0
1469,31.2,Female,47.0,163.8,19705,113,HIIT,146,3,3012.5,High intensity,3011.0
1470,32.8,Female,112.8,186.6,1855,72,HIIT,70,9,2141.4,,2137.0
1471,24.1,Male,85.1,179.7,2017,30,Walking,84,5,1510.2,Good workout,1512.0
1472,26.6,Female,81.3,188.1,6279,113,Cycling,104,9,2611.0,Low effort,2612.0
1473,25.9,Female,95.9,162.6,11412,111,Running,110,10,3017.7,Evening workout,3013.0
1474,40.7,Male,59.7,165.3,8712,88,Yoga,102,6,2310.8,Low effort,2314.0
1475,46.2,Female,52.3,193.2,16817,88,HIIT,125,9,2923.6,Low effort,2926.0
1476,35.0,Female,82.1,156.4,7624,46,Yoga,158,1,1971.6,,1970.0
1477,48.8,Male,100.6,176.1,17579,54,Running,106,4,2602.1,High intensity,2600.0
1478,47.5,Male,91.3,194.8,16131,23,Running,83,4,2186.5,Good workout,2184.0
1479,56.5,Female,54.8,184.3,5694,52,HIIT,136,10,2181.3,Low effort,2185.0
1480,52.5,Male,93.7,164.4,15047,94,Walking,165,10,3269.9,Morning session,3271.0
1481,35.6,Female,85.7,177.5,5651,117,Swimming,96,6,2527.7,High intensity,2529.0
1482,59.6,Female,74.7,184.6,13726,93,Walking,115,10,2947.2,,2950.0
1483,56.4,Female,49.5,156.2,12299,42,Swimming,153,1,2032.4,High intensity,2029.0
1484,34.5,Male,115.2,169.5,18441,12,Cycling,134,10,2793.1,Good workout,2796.0
1485,31.5,Male,75.6,181.9,6207,113,HIIT,146,5,2525.2,,2522.0
1486,48.8,Female,96.7,187.3,11897,96,HIIT,105,3,2605.2,High intensity,2606.0
1487,41.4,Female,67.1,189.7,3792,53,Walking,87,1,1544.0,,1544.0
1488,52.6,Male,92.4,181.6,1420,96,Yoga,152,6,2328.6,Low effort,2333.0
1489,61.5,Male,84.8,175.1,3840,100,Yoga,111,3,2232.5,,2228.0
1490,62.6,Male,50.8,188.2,14437,44,Cycling,74,4,2092.9,,2092.0
1491,51.8,Female,82.1,169.6,18415,34,Running,104,9,2654.5,Evening workout,2653.0
1492,20.9,Male,85.7,167.8,8639,105,Walking,117,2,2382.9,Evening workout,2382.0
1493,54.0,Male,71.7,164.2,18875,95,Running,126,1,2756.7,Evening workout,2759.0
1494,60.3,Female,119.1,171.8,5975,17,Cycling,132,10,2262.6,,2266.0
1495,57.4,Female,113.1,171.0,17893,71,Walking,131,6,3054.8,High intensity,3051.0
1496,43.1,Female,101.3,170.1,19243,111,Walking,170,1,3185.8,,3182.0
1497,40.3,Male,61.4,151.1,16535,27,Running,178,1,2191.6,Evening workout,2194.0
1498,61.1,Female,115.8,189.3,6061,101,Yoga,156,7,2816.2,,2818.0
1499,56.7,Female,91.7,192.7,2858,37,Cycling,157,2,1797.0,Low effort,1802.0
1500,32.4,Female,57.4,167.2,14678,84,Cycling,132,4,2549.3,Low effort,2549.0
1501,21.1,Female,55.5,172.8,3065,21,Cycling,176,4,1571.0,Good workout,1569.0
1502,46.2,,68.7,162.1,15391,73,,140,2,2506.9,Evening workout,2508.0
1503,39.5,Female,117.9,190.4,14346,11,Walking,100,6,2297.4,Evening workout,2295.0
1504,42.8,Male,48.9,158.4,16237,68,Yoga,124,10,2744.4,High intensity,2744.0
1505,30.7,Male,90.1,156.9,7773,46,Walking,99,2,1855.0,Low effort,1860.0
1506,35.1,Male,62.5,190.1,10788,13,Walking,64,8,1842.9,Evening workout,1838.0
1507,50.1,Female,87.5,150.6,15094,50,Walking,153,4,2571.7,Morning session,2571.0
1508,33.3,Male,77.3,151.8,5442,54,Yoga,134,1,1790.6,Evening workout,1786.0
1509,62.1,Female,54.8,153.8,10247,118,Running,87,7,2619.2,High intensity,2622.0
1510,59.6,Female,117.0,163.1,14195,43,Yoga,97,6,2543.2,Good workout,2547.0
1511,61.1,Female,103.7,181.5,10215,96,HIIT,140,6,2847.1,High intensity,2848.0
1512,19.3,Male,75.8,185.2,4204,22,Cycling,173,3,1670.8,Morning session,1674.0
1513,52.6,Female,72.4,151.3,17959,16,Cycling,146,10,2610.3,Good workout,2615.0
1514,59.1,Female,104.9,189.1,17582,41,HIIT,77,7,2660.5,Low effort,2663.0
1515,51.1,Female,47.1,163.4,2365,32,Cycling,96,6,1478.8,High intensity,1477.0
1516,47.2,Male,99.3,169.3,19382,58,Running,86,10,2955.1,High intensity,2952.0
1517,30.5,Male,58.3,174.2,18400,81,Swimming,84,10,2896.5,High intensity,2893.0
1518,30.3,Male,102.1,191.4,1025,56,Cycling,128,9,2089.6,High intensity,2094.0
1519,35.3,Female,59.2,157.9,4724,46,Running,142,3,1774.5,Morning session,1779.0
1520,49.5,Male,46.2,177.8,4458,107,Walking,86,3,2011.5,,2009.0
1521,49.0,Female,68.5,170.2,11559,57,Cycling,136,4,2269.3,Evening workout,2272.0
1522,52.2,Female,108.6,172.3,5746,38,Swimming,113,3,1938.9,High intensity,1934.0
1523,56.1,Male,115.1,181.4,14217,46,Cycling,66,4,2376.3,Evening workout,2380.0
1524,63.2,Female,68.4,157.4,10067,32,Yoga,149,6,2216.1,Evening workout,2215.0
1525,46.5,Male,71.4,180.8,10133,47,Swimming,137,1,2010.5,Good workout,2007.0
1526,46.4,Female,81.2,186.4,4041,102,Walking,86,2,2089.1,High intensity,2094.0
1527,61.1,Male,83.3,165.3,8765,53,Cycling,118,10,2439.3,High intensity,2441.0
1528,33.6,Female,107.8,189.8,6404,14,Running,131,6,1941.8,Morning session,1945.0
1529,61.0,Female,70.4,191.8,1571,61,Cycling,90,6,1816.1,Low effort,1821.0
1530,64.3,Female,109.1,176.1,9796,49,Running,158,1,2268.2,Low effort,2267.0
1531,27.2,Female,48.5,189.9,13612,20,HIIT,150,6,2052.7,,2057.0
1532,47.5,Female,73.1,190.1,16305,87,Cycling,127,9,2985.9,,2983.0
1533,42.7,Male,45.2,167.7,9573,115,Running,165,8,2788.6,Evening workout,2792.0
1534,56.8,Female,94.0,184.2,2236,11,Swimming,63,10,1669.1,Morning session,1666.0
1535,37.3,Male,55.4,164.9,3380,44,Walking,77,5,1565.0,Good workout,1565.0
1536,22.1,Male,118.0,176.2,8177,54,HIIT,122,4,2263.9,,2259.0
1537,18.6,Male,103.7,166.7,15538,58,Swimming,146,6,2760.9,,2764.0
1538,47.6,Female,106.6,189.2,12971,44,Cycling,155,5,2543.8,Good workout,2548.0
1539,20.1,Female,80.3,151.2,11297,115,Swimming,135,6,2801.6,Evening workout,2800.0
1540,62.2,Female,100.1,180.2,2517,101,Walking,111,10,2574.9,Good workout,2572.0
1541,31.6,Male,65.0,186.3,18917,81,Yoga,143,3,2756.4,,2755.0
1542,47.6,Female,57.6,190.3,6887,41,Running,170,7,2128.3,Morning session,2132.0
1543,21.1,Female,53.4,190.3,12486,77,Swimming,122,8,2526.0,,2525.0
1544,35.3,Male,55.4,183.1,5642,118,Swimming,104,5,2320.6,,2317.0
1545,54.4,Male,119.2,183.7,19534,80,Walking,71,5,2962.4,High intensity,2960.0
1546,42.3,Male,114.1,152.3,12423,48,Yoga,67,4,2249.0,High intensity,2247.0
1547,18.1,Male,45.7,166.5,12399,57,Cycling,177,10,2541.4,Evening workout,2543.0
1548,63.7,Male,114.3,163.3,7061,100,Swimming,81,5,2536.3,,2539.0
1549,32.5,Male,100.6,163.5,13685,46,HIIT,150,10,2776.1,Evening workout,2775.0
1550,26.7,Female,75.0,187.0,5487,69,Cycling,100,8,2156.4,,2159.0
1551,32.3,Male,81.8,184.4,13018,90,HIIT,175,5,2805.6,Good workout,2805.0
1552,41.7,Female,91.5,150.7,8750,83,Swimming,100,9,2591.8,,2589.0
1553,21.3,Female,91.6,178.0,18461,13,Running,140,1,2171.2,,2167.0
1554,29.4,Female,113.6,153.2,18684,32,Cycling,116,7,2697.0,Evening workout,2697.0
1555,54.4,Male,102.3,182.4,11350,23,Walking,91,5,2099.1,,2098.0
1556,54.7,Female,80.1,166.7,15410,14,Cycling,156,4,2299.1,Good workout,2303.0
1557,60.8,Male,76.2,177.7,16105,75,HIIT,154,3,2747.1,High intensity,2744.0
1558,23.7,Male,108.5,175.4,19913,119,Running,114,10,3548.9,Low effort,3549.0
1559,56.8,Female,115.3,157.8,4260,33,Swimming,65,7,1928.1,Morning session,1925.0
1560,63.9,Male,86.8,183.1,17747,27,Running,98,2,2253.3,Morning session,2256.0
1561,41.5,Female,92.6,167.1,15574,36,Yoga,68,5,2270.4,Morning session,2266.0
1562,28.3,Female,118.1,180.1,14712,33,Cycling,165,2,2487.2,Good workout,2491.0
1563,,Male,74.1,176.8,18229,38,Yoga,91,7,2457.0,High intensity,2458.0
1564,51.7,Female,65.4,165.6,18711,20,Running,95,6,2316.3,,2318.0
1565,42.6,Female,104.6,159.5,4255,27,Running,75,10,1969.8,Low effort,1973.0
1566,24.0,Female,57.1,189.6,4237,13,Swimming,71,7,1393.9,,1397.0
1567,21.8,Male,45.1,161.2,13433,42,Cycling,100,9,2180.1,,2182.0
1568,25.5,Female,109.9,171.8,10497,87,Running,126,2,2464.4,Low effort,2467.0
1569,37.8,Male,77.9,165.4,17350,117,HIIT,117,9,3271.2,Evening workout,3268.0
1570,46.5,Male,82.3,161.2,16941,51,Walking,150,7,2773.0,,2774.0
1571,62.1,Female,69.1,160.3,11224,41,Yoga,150,2,2124.0,Good workout,2119.0
1572,63.1,Female,70.3,169.8,9956,60,Swimming,68,10,2365.1,Evening workout,2368.0
1573,27.9,Male,103.5,150.3,6465,13,Cycling,76,2,1528.5,Good workout,1530.0
1574,60.4,Male,77.7,176.9,17882,29,Yoga,169,4,2524.9,Morning session,2521.0
1575,51.5,Female,85.7,152.8,3944,94,Running,64,2,1969.8,High intensity,1967.0
1576,43.0,Female,74.1,161.3,6856,76,Yoga,85,1,1928.9,High intensity,1924.0
1577,58.7,Male,101.5,179.6,12996,98,Cycling,144,6,2991.8,Low effort,2996.0
1578,20.5,Male,93.2,158.8,13652,77,Walking,60,10,2711.6,,2716.0
1579,23.8,Male,92.6,186.2,7077,71,Cycling,60,5,2047.8,High intensity,2046.0
1580,22.4,Male,116.5,150.9,1135,67,Yoga,94,3,1835.0,Morning session,1837.0
1581,22.3,Male,93.4,191.3,16773,56,Yoga,68,1,2231.8,,2235.0
1582,64.5,Female,91.4,153.0,10292,84,Walking,146,9,2799.8,,2802.0
1583,40.4,Male,100.3,164.1,5033,89,Walking,97,8,2450.2,Good workout,2446.0
1584,26.3,Male,109.9,176.2,15178,68,Running,164,6,2894.3,Morning session,2891.0
1585,52.4,Female,56.1,157.7,7546,109,Yoga,63,6,2321.8,,2317.0
1586,37.8,Female,113.1,172.9,9396,15,HIIT,111,4,1940.4,High intensity,1945.0
1587,59.8,Male,50.7,164.7,11563,104,Swimming,78,2,2321.9,,2323.0
1588,52.1,Male,109.6,176.4,13882,49,Yoga,160,4,2615.9,Evening workout,
1589,35.9,Female,69.3,180.6,17945,86,HIIT,64,2,2524.4,,2523.0
1590,34.0,Male,45.3,188.5,4314,32,Swimming,151,7,1769.4,,1768.0
1591,41.2,Male,76.5,157.3,19595,61,Running,169,9,3090.9,Morning session,3095.0
1592,20.1,Female,47.4,179.1,19755,13,Cycling,165,2,2196.1,,2193.0
1593,49.4,Male,93.2,191.8,13927,46,Swimming,178,9,2807.8,Evening workout,2804.0
1594,52.3,Female,63.5,167.8,3681,51,Yoga,107,9,1971.2,Evening workout,1973.0
1595,55.0,Female,104.4,153.1,3806,110,HIIT,146,8,2761.5,Low effort,2766.0
1596,30.6,Female,73.1,192.5,12961,53,Walking,122,1,2079.6,Good workout,2081.0
1597,64.7,Female,94.4,171.1,19639,106,Walking,97,5,3159.1,,3163.0
1598,42.0,Male,46.5,152.1,13602,51,Running,111,10,2427.3,,2429.0
1599,26.6,Female,117.7,164.7,10092,38,Swimming,146,4,2263.9,,2266.0
1600,21.3,Male,100.9,184.4,7382,110,HIIT,105,7,2669.4,Low effort,2666.0
1601,31.0,,61.7,187.6,10942,28,Yoga,141,8,2145.9,Good workout,2149.0
1602,54.8,Male,104.3,182.0,4159,93,Swimming,152,10,2734.1,Evening workout,2738.0
1603,51.7,Male,80.2,163.9,6656,41,Running,151,8,2192.7,Morning session,2197.0
1604,28.8,Male,105.4,150.1,2452,53,Swimming,68,2,1632.2,Low effort,1637.0
1605,58.8,Female,61.8,175.9,10435,64,Running,162,3,2336.2,Evening workout,2332.0
1606,20.4,Female,93.1,157.2,19706,89,Walking,109,10,3233.0,Evening workout,3228.0
1607,45.5,Female,104.2,165.8,10862,14,Walking,133,10,2367.1,Evening workout,2363.0
1608,46.3,Female,64.7,187.3,11219,55,Swimming,125,7,2314.8,Low effort,2314.0
1609,26.7,Male,94.7,159.3,2768,85,Running,136,4,2160.1,,2165.0
1610,20.5,Female,47.8,191.7,7096,54,Swimming,97,6,1852.7,Low effort,1851.0
1611,42.5,Male,87.4,186.9,6185,30,Yoga,86,8,1934.6,,1934.0
1612,51.9,Male,101.4,175.1,12855,87,Cycling,178,8,3095.3,Low effort,3098.0
1613,29.6,Female,94.7,177.4,11494,110,Yoga,164,7,3024.5,Morning session,3021.0
1614,59.1,Female,112.3,161.3,15460,31,Walking,79,2,2260.2,,2256.0
1615,26.8,Female,94.1,169.7,2169,39,Cycling,163,2,1750.2,High intensity,1753.0
1616,32.6,Female,81.3,163.7,7590,32,Cycling,121,3,1820.4,Evening workout,1824.0
1617,57.7,Male,90.3,184.7,17770,14,Cycling,133,4,2370.6,,2367.0
1618,42.6,Male,86.8,178.5,19814,72,Cycling,75,1,2558.4,,2556.0
1619,22.6,Female,59.1,161.3,18789,102,Swimming,138,5,2968.4,Low effort,2969.0
1620,28.5,Male,77.6,167.0,1123,68,Walking,72,7,1818.8,Low effort,1817.0
1621,51.2,Male,55.2,193.7,16626,103,Yoga,173,10,3223.7,Morning session,3222.0
1622,41.8,Male,64.4,151.7,6909,91,Yoga,161,5,2392.5,Evening workout,2395.0
1623,32.9,Female,68.5,151.6,4896,119,Swimming,79,7,2410.7,Evening workout,2406.0
1624,55.9,Male,108.9,166.6,9066,61,Cycling,83,5,2299.6,Evening workout,2295.0
1625,25.6,Female,109.3,159.3,10373,74,Walking,164,10,2891.6,Good workout,2893.0
1626,22.6,Female,117.6,167.5,18111,48,Walking,109,8,2877.5,High intensity,2880.0
1627,43.0,Male,61.6,171.7,8039,90,Swimming,66,7,2279.4,,2277.0
1628,35.7,Male,105.7,168.8,13076,12,HIIT,146,1,2049.3,High intensity,2054.0
1629,23.7,Female,59.4,150.5,4670,51,Walking,147,1,1670.9,,1669.0
1630,54.7,Male,95.5,173.1,18525,80,Walking,88,5,2874.6,High intensity,2870.0
1631,30.8,Male,71.5,185.8,11567,36,Running,64,2,1770.7,High intensity,1771.0
1632,45.4,Female,118.2,174.6,16029,37,Swimming,166,9,2904.4,Morning session,2904.0
1633,22.4,Female,105.1,185.4,16793,117,HIIT,168,2,3149.6,Low effort,3152.0
1634,30.5,Female,102.4,180.6,9550,63,Running,94,9,2483.4,,2482.0
1635,34.1,Female,75.5,180.7,16338,104,Cycling,124,10,3158.6,Evening workout,3162.0
1636,57.6,Male,56.3,151.5,19595,24,HIIT,159,2,2359.3,Good workout,2362.0
1637,62.6,Male,90.6,168.2,1972,62,Yoga,174,4,2092.5,,2088.0
1638,49.7,Female,75.4,161.4,1360,81,Running,141,3,1958.7,Morning session,1963.0
1639,46.5,Female,76.6,159.6,3632,79,Running,129,6,2177.7,Evening workout,2174.0
1640,20.1,Female,76.2,180.4,4190,101,Swimming,146,4,2284.1,,2285.0
1641,57.6,Male,97.3,194.3,5948,13,Yoga,133,9,2056.1,Low effort,2055.0
1642,51.3,Female,105.8,171.9,16346,103,Running,66,9,3125.4,High intensity,3130.0
1643,57.7,Male,90.5,172.3,16554,116,Walking,103,10,3304.0,Evening workout,3303.0
1644,44.7,Female,118.6,172.0,19008,26,Running,131,9,2882.4,High intensity,2882.0
1645,30.6,Female,51.5,164.9,13120,43,Walking,72,3,1880.3,Low effort,1878.0
1646,62.3,Female,48.9,175.3,19140,15,Walking,153,3,2226.3,Low effort,2223.0
1647,50.4,Male,96.2,152.4,8818,45,Swimming,141,4,2176.3,Good workout,2175.0
1648,23.7,Male,75.3,172.6,6119,108,HIIT,137,9,2640.5,High intensity,2639.0
1649,41.4,Male,119.4,169.6,13953,112,Walking,134,6,3157.4,Evening workout,3159.0
1650,36.2,Female,80.5,194.5,15900,48,Swimming,165,9,2792.1,High intensity,2791.0
1651,33.4,Male,98.7,189.8,1975,89,Cycling,97,8,2259.5,Morning session,2260.0
1652,57.2,Male,98.2,188.2,17265,75,Running,72,7,2839.1,,2843.0
1653,45.1,Female,61.2,157.4,5318,17,Yoga,113,5,1560.4,High intensity,1561.0
1654,50.5,Female,119.2,167.6,3313,24,Yoga,165,9,2181.3,Low effort,2179.0
1655,58.3,Male,74.8,190.3,18171,72,Cycling,103,4,2665.8,,2662.0
1656,30.7,Male,66.3,155.2,19812,100,Cycling,156,4,3048.1,High intensity,3046.0
1657,60.0,Male,87.6,176.9,9747,89,Walking,173,8,2877.0,Morning session,2873.0
1658,62.1,Male,71.4,185.6,11301,74,Cycling,72,4,2272.0,,2272.0
1659,42.2,Female,81.7,164.7,16048,68,HIIT,84,7,2621.8,Low effort,2619.0
1660,59.8,Female,90.1,186.0,14134,19,HIIT,83,4,2087.0,,2091.0
1661,53.6,Female,79.7,154.7,7664,16,Cycling,88,1,1492.5,High intensity,1496.0
1662,44.4,Male,48.3,188.4,14382,83,HIIT,159,10,2887.2,Good workout,2888.0
1663,55.6,Male,70.2,158.1,11841,85,Yoga,129,9,2784.6,High intensity,2780.0
1664,24.2,Female,63.2,156.2,13427,90,HIIT,77,4,2402.3,,2398.0
1665,22.6,Female,89.6,190.7,8483,118,Swimming,151,3,2688.2,,2693.0
1666,60.2,Male,70.7,169.8,2363,21,Swimming,64,3,1345.6,High intensity,1345.0
1667,62.1,Male,66.5,159.5,4959,88,Walking,77,9,2292.8,Good workout,2295.0
1668,48.8,Female,102.3,175.8,2749,55,Swimming,122,8,2125.2,Good workout,2123.0
1669,40.3,Female,107.5,153.3,1540,41,Cycling,96,10,2082.4,High intensity,2084.0
1670,59.8,Female,72.7,187.1,8634,41,Cycling,130,7,2198.5,Low effort,2200.0
1671,27.2,Male,109.2,173.8,11614,99,HIIT,114,7,2882.7,Good workout,2884.0
1672,49.6,Male,88.9,163.4,11282,87,Swimming,132,4,2589.3,,2585.0
1673,60.2,Male,87.1,190.8,4958,99,Yoga,158,3,2419.9,Morning session,2416.0
1674,47.1,Male,81.8,150.1,16412,70,HIIT,71,4,2479.5,Morning session,2476.0
1675,56.2,Male,110.3,166.3,4859,78,Swimming,111,6,2378.5,,2375.0
1676,48.4,Male,61.1,194.4,9050,70,HIIT,116,4,2151.0,Morning session,2152.0
1677,35.8,Female,84.3,173.1,19041,111,Yoga,105,4,3057.5,Good workout,3059.0
1678,53.3,Female,82.5,176.6,7185,55,Swimming,163,2,2088.3,Low effort,2089.0
1679,19.6,Male,105.9,156.7,18423,77,Walking,103,7,2981.4,Evening workout,2978.0
1680,31.7,Female,53.9,158.1,19500,101,Swimming,162,6,3102.4,High intensity,3101.0
1681,30.0,Male,119.6,192.1,15388,64,Yoga,83,2,2506.1,Morning session,2510.0
1682,46.0,Female,105.4,184.6,9876,10,Cycling,68,5,1887.5,Morning session,1887.0
1683,29.3,Male,60.8,161.5,5018,86,Swimming,71,6,2014.1,Morning session,2015.0
1684,56.8,Female,46.9,170.6,10989,116,HIIT,159,5,2776.9,,2773.0
1685,19.9,Female,116.5,152.8,19208,76,Walking,160,4,3088.4,Good workout,3093.0
1686,49.4,Male,87.7,164.9,9452,58,Cycling,68,9,2320.3,,2323.0
1687,30.2,Male,86.7,170.2,4571,34,Swimming,162,3,1835.3,High intensity,1831.0
1688,63.4,Female,101.5,159.3,10680,115,Walking,169,2,2896.4,High intensity,2897.0
1689,44.6,Female,111.4,182.6,15318,25,Running,175,9,2779.2,,2775.0
1690,58.1,Male,74.5,155.5,17738,94,Yoga,81,8,2962.2,,2959.0
1691,34.2,Female,57.6,151.8,6029,22,Running,76,9,1729.9,Evening workout,1732.0
1692,57.2,Male,63.9,178.4,16668,61,Running,92,10,2707.3,Evening workout,2712.0
1693,48.2,Male,51.8,189.1,3774,117,Running,106,3,2139.8,,2140.0
1694,51.4,Female,53.2,182.9,17972,45,Walking,147,1,2306.3,Low effort,2310.0
1695,41.7,Male,98.5,153.6,15048,81,Swimming,74,1,2457.7,,2453.0
1696,62.3,Female,105.7,153.5,1604,53,HIIT,152,3,2000.3,Low effort,2005.0
1697,52.8,Female,,178.7,11420,92,HIIT,155,4,2505.2,Evening workout,2502.0
1698,23.7,Male,94.4,186.6,9365,56,Walking,92,2,1976.3,Good workout,1979.0
1699,36.9,Female,119.2,169.9,15689,89,Cycling,152,8,3221.3,Evening workout,3221.0
1700,47.8,Male,75.0,190.6,17737,85,Yoga,74,3,2584.1,Low effort,2588.0
1701,24.6,Male,77.2,172.7,17014,29,Cycling,86,4,2179.3,Morning session,2178.0
1702,27.4,Male,55.5,194.2,1433,27,Swimming,157,6,1575.7,Morning session,1572.0
1703,58.8,Female,77.4,167.4,12144,63,Yoga,120,10,2673.0,,2675.0
1704,49.9,Male,51.7,174.2,1867,21,HIIT,127,6,1475.1,High intensity,1471.0
1705,51.5,Female,75.6,150.6,15340,34,Walking,172,2,2326.2,,2326.0
1706,45.2,Male,92.3,164.1,12837,69,HIIT,171,6,2738.7,Morning session,2736.0
1707,32.7,Male,91.4,183.3,15291,84,Running,141,4,2804.9,Evening workout,2803.0
1708,47.4,Male,97.1,169.2,9787,95,Swimming,144,5,2695.1,Good workout,2695.0
1709,54.4,Female,63.2,186.2,1393,119,Swimming,107,7,2325.3,Morning session,2326.0
1710,46.6,Female,50.6,176.8,13056,43,Swimming,67,7,2089.9,,2093.0
1711,39.2,Male,93.0,171.2,11392,22,Swimming,65,6,1988.7,Low effort,1987.0
1712,21.3,Male,117.1,154.8,13189,119,Swimming,122,10,3313.8,Morning session,3311.0
1713,37.4,Female,94.7,183.9,14141,47,Yoga,177,6,2671.3,,2670.0
1714,49.9,Female,56.3,188.9,12621,21,Yoga,143,6,2128.0,High intensity,2132.0
1715,53.3,Female,67.5,152.4,19510,112,Walking,61,4,2917.9,Morning session,2914.0
1716,21.6,Male,98.4,166.5,9330,45,Cycling,174,3,2258.7,Evening workout,2261.0
1717,44.4,Female,113.1,173.8,4960,37,Cycling,168,1,1924.6,Morning session,1929.0
1718,34.5,Male,103.6,173.9,1663,100,Running,81,3,2029.3,,2032.0
1719,29.3,Female,80.8,152.0,15533,48,Cycling,177,3,2530.9,High intensity,2532.0
1720,39.4,Male,,194.4,15491,86,Yoga,80,9,2673.3,,2676.0
1721,34.5,Male,102.3,156.4,10265,52,Swimming,65,3,2031.3,High intensity,2030.0
1722,27.1,Male,99.0,174.1,5574,113,Swimming,155,8,2786.7,,2791.0
1723,18.6,Female,101.1,152.4,6546,100,Walking,129,8,2665.0,Good workout,2666.0
1724,39.2,Female,61.7,164.3,1185,40,Yoga,72,3,1324.8,Evening workout,1327.0
1725,43.5,Female,83.2,178.2,19364,11,Walking,60,10,2445.0,,2449.0
1726,35.7,Male,112.6,178.8,8808,91,Yoga,81,10,2714.5,,2717.0
1727,31.6,Male,99.0,159.8,1829,99,HIIT,176,6,2466.8,High intensity,2467.0
1728,64.7,Female,89.1,181.1,14560,51,HIIT,83,8,2560.0,,2560.0
1729,46.0,Male,45.3,172.6,12520,40,Walking,123,8,2215.2,Evening workout,2217.0
1730,29.5,Male,65.3,188.4,12540,70,Cycling,100,10,2563.8,Good workout,2564.0
1731,53.7,Male,65.0,158.9,11677,111,Cycling,153,10,3047.7,Evening workout,3052.0
1732,52.7,Female,96.6,186.2,13803,65,Cycling,81,9,2660.5,,2664.0
1733,29.6,Male,87.6,189.6,14888,95,HIIT,120,9,2992.4,Low effort,2995.0
1734,24.8,Female,96.8,163.8,14234,109,Yoga,167,8,3214.9,High intensity,3216.0
1735,46.1,Female,111.6,153.4,2225,92,Running,71,7,2232.1,Good workout,2237.0
1736,28.4,Female,88.2,169.5,6774,23,Yoga,149,10,2152.2,,2152.0
1737,50.3,Female,76.7,177.3,14043,23,HIIT,63,3,1874.9,Good workout,1871.0
1738,23.5,Female,54.7,163.1,17163,38,Running,142,7,2483.3,Good workout,2482.0
1739,64.5,Male,108.4,193.8,3844,90,Yoga,139,4,2410.8,Low effort,2415.0
1740,32.4,Female,113.1,183.7,8347,59,HIIT,71,2,2055.2,Good workout,2055.0
1741,49.7,Female,112.2,162.0,4996,59,HIIT,92,8,2259.0,Low effort,2263.0
1742,28.6,Female,72.6,180.5,10690,72,Running,178,2,2363.4,High intensity,2366.0
1743,40.4,Male,97.7,182.1,2688,110,Yoga,80,1,2060.7,,2065.0
1744,43.8,Male,,188.0,15287,82,Running,159,5,2935.4,Morning session,2934.0
1745,51.3,,97.4,177.2,19831,74,Yoga,132,10,3264.8,Morning session,3267.0
1746,63.1,Male,48.7,174.1,18251,77,Swimming,162,9,2991.3,Morning session,2991.0
1747,51.8,Female,61.5,181.1,13504,80,Walking,165,5,2631.2,,2628.0
1748,46.2,Female,111.7,158.2,7952,20,HIIT,168,2,2015.5,High intensity,2015.0
1749,21.0,Male,118.1,177.6,12716,23,Swimming,131,10,2520.0,Good workout,2525.0
1750,34.4,Male,91.1,180.1,16763,115,Walking,143,4,3112.5,,3112.0
1751,52.7,Male,100.8,166.6,7084,92,Swimming,133,8,2704.2,,2708.0
1752,30.1,Male,67.7,172.1,14219,113,Swimming,155,7,3004.2,High intensity,3008.0
1753,58.7,Female,62.8,162.2,11204,12,Yoga,151,5,1982.3,Low effort,1979.0
1754,56.4,Male,45.3,159.4,17097,17,Running,133,4,2121.3,High intensity,2121.0
1755,32.1,Male,79.5,165.5,5049,102,Running,131,5,2353.9,Good workout,2353.0
1756,46.5,,108.8,155.1,4457,110,Yoga,111,7,2585.8,Morning session,2589.0
1757,46.3,Male,102.2,160.2,18632,52,Running,106,5,2696.4,Morning session,2695.0
1758,28.0,Male,103.5,152.5,18551,18,Cycling,156,8,2680.5,,2680.0
1759,49.5,Male,45.6,177.0,4490,28,Cycling,118,7,1670.5,High intensity,1671.0
1760,19.6,Male,47.0,190.1,16470,21,Walking,106,7,2131.9,,2128.0
1761,64.1,Female,111.9,164.9,17189,36,Running,115,9,2810.1,High intensity,2814.0
1762,31.6,Female,81.1,162.4,14162,110,Swimming,172,8,3139.7,Good workout,3142.0
1763,37.7,Female,73.2,191.7,19281,67,Cycling,72,8,2775.4,High intensity,2777.0
1764,39.6,Female,77.4,194.6,12728,34,Running,103,6,2166.6,,2167.0
1765,28.9,Female,105.6,166.2,19563,54,Running,94,7,2876.5,High intensity,2874.0
1766,44.6,Female,48.9,,13912,111,HIIT,178,8,3057.6,,3062.0
1767,20.8,Male,58.1,177.2,6955,57,HIIT,174,5,2059.1,,2064.0
1768,34.9,Male,77.1,187.8,11162,59,Swimming,88,10,2472.7,High intensity,2471.0
1769,61.8,Female,66.1,162.4,3720,90,Swimming,115,2,1992.6,Morning session,1988.0
1770,45.6,Male,92.6,166.5,11573,53,Cycling,64,7,2280.0,High intensity,2276.0
1771,46.4,Female,47.8,164.1,19327,68,Walking,126,10,2911.4,,2909.0
1772,38.2,Male,67.4,185.1,12338,42,HIIT,112,3,2068.1,Morning session,2072.0
1773,64.7,Male,112.8,177.4,12675,112,Yoga,160,10,3407.7,Evening workout,3408.0
1774,33.8,Male,65.5,164.6,15371,87,HIIT,179,8,3000.6,Evening workout,2996.0
1775,54.8,Male,87.6,160.4,14936,37,Walking,119,6,2427.1,,2426.0
1776,37.8,Male,70.1,180.6,11019,27,HIIT,164,4,2103.0,High intensity,2101.0
1777,23.7,Male,85.7,153.4,9414,64,Running,65,2,1932.7,,1929.0
1778,36.2,Female,82.8,184.6,2746,42,Running,107,7,1844.3,High intensity,1847.0
1779,22.3,Female,55.5,183.1,17913,115,Swimming,165,1,2883.0,,2886.0
1780,20.2,Male,73.4,176.5,9325,24,Walking,139,7,2013.7,Good workout,2018.0
1781,18.2,Female,104.4,159.7,12995,70,Cycling,94,10,2793.1,Morning session,2790.0
1782,55.6,Male,111.5,179.0,5486,20,Cycling,77,10,2044.5,Good workout,2048.0
1783,32.5,Female,109.6,194.6,17485,45,HIIT,70,7,2618.9,,2614.0
1784,51.7,Male,105.0,169.6,15328,24,Running,110,10,2612.7,Low effort,2617.0
1785,52.0,Female,63.9,178.7,19929,62,Running,82,3,2483.9,,2484.0
1786,42.2,Male,90.3,178.8,19942,71,HIIT,106,4,2819.6,,2817.0
1787,41.0,Female,93.6,172.1,12233,57,HIIT,134,4,2450.1,High intensity,2448.0
1788,29.3,Male,66.8,170.0,18332,103,Yoga,118,4,2854.7,Evening workout,2855.0
1789,,Female,101.1,192.3,10760,24,Walking,116,9,2309.1,Good workout,2314.0
1790,32.7,Male,58.6,159.1,16702,72,HIIT,152,6,2752.7,,2748.0
1791,61.9,Male,88.0,190.7,19437,96,Yoga,177,10,3558.9,Low effort,3561.0
1792,33.4,Male,60.5,161.8,1193,52,Yoga,115,9,1822.7,,1818.0
1793,44.6,Female,56.4,179.9,12612,59,Walking,165,4,2354.9,Morning session,2354.0
1794,25.5,Female,99.1,182.1,9229,69,HIIT,86,7,2370.8,Evening workout,2368.0
1795,,Female,95.1,167.1,5566,68,Swimming,132,10,2524.5,Good workout,2528.0
1796,42.7,Male,83.5,163.8,7595,24,,94,9,2025.6,Good workout,2028.0
1797,34.8,Female,77.7,171.6,6609,38,HIIT,114,10,2128.9,High intensity,2125.0
1798,46.0,Male,77.6,170.2,6108,84,HIIT,68,3,2026.3,High intensity,2027.0
1799,25.3,Female,73.3,150.3,2783,118,HIIT,77,3,2024.3,,2027.0
1800,32.7,Female,113.2,192.3,11158,91,Cycling,103,6,2720.3,,2718.0
1801,44.0,Female,114.7,164.3,6831,49,Cycling,178,8,2545.2,Low effort,2544.0
1802,63.4,Female,75.3,185.0,1041,40,Cycling,80,1,1375.6,Low effort,1379.0
1803,24.7,Male,75.4,171.6,12186,82,Walking,115,4,2417.4,,2414.0
1804,20.4,Female,90.5,181.6,12561,95,Running,107,8,2814.7,,2819.0
1805,46.3,Female,96.2,182.9,18445,20,Walking,159,6,2606.6,Good workout,2602.0
1806,61.6,Male,54.2,190.4,10868,90,HIIT,60,2,2162.7,,2159.0
1807,41.3,Male,118.4,188.0,4689,106,Running,86,8,2607.9,Morning session,2608.0
1808,20.3,Female,85.6,172.2,8595,71,Yoga,104,1,2013.8,,2015.0
1809,37.3,Female,47.0,192.7,15687,84,Cycling,122,1,2376.5,,2375.0
1810,63.9,Male,103.3,151.6,1325,112,HIIT,117,7,2506.4,Morning session,2511.0
1811,32.4,Male,96.6,151.5,2120,17,Walking,99,10,1821.0,Evening workout,1824.0
1812,42.7,Male,78.4,187.5,17491,60,Yoga,122,3,2572.6,Evening workout,2568.0
1813,47.7,Female,93.7,178.7,11870,66,Running,97,8,2545.1,Morning session,2548.0
1814,31.5,Female,72.5,152.2,7294,13,Yoga,88,9,1779.4,Morning session,1783.0
1815,24.6,Female,57.0,188.0,6193,45,Running,99,8,1858.4,Low effort,1861.0
1816,34.3,Male,113.4,156.1,16213,28,Swimming,78,1,2161.2,,2157.0
1817,61.5,Male,111.6,185.4,16611,33,Swimming,147,1,2462.4,,2459.0
1818,37.3,Male,105.9,178.8,15230,50,Walking,115,6,2618.6,High intensity,2618.0
1819,53.2,Female,104.5,186.4,19423,58,Yoga,103,1,2608.5,Low effort,2610.0
1820,26.7,Male,115.2,185.7,18187,91,HIIT,124,8,3229.6,,3228.0
1821,55.8,Female,68.9,172.0,11040,106,Swimming,159,6,2801.0,,2797.0
1822,39.7,Male,107.7,194.7,1766,55,Running,146,5,2046.6,Low effort,2051.0
1823,19.7,Female,105.2,165.9,14696,45,Cycling,72,6,2365.4,,2361.0
1824,41.8,Female,67.6,180.5,4527,19,Cycling,89,4,1446.7,Low effort,1445.0
1825,25.8,Male,74.5,183.2,19690,87,HIIT,108,1,2695.9,Low effort,2693.0
1826,28.9,Female,104.5,150.9,12021,16,Yoga,174,7,2350.0,,2347.0
1827,30.7,Male,62.3,167.0,18872,21,Yoga,174,10,2717.8,High intensity,2714.0
1828,34.7,Female,100.0,189.9,5129,95,Cycling,177,9,2752.1,High intensity,2750.0
1829,25.8,Male,97.8,192.5,12758,100,HIIT,160,4,2845.2,Morning session,2850.0
1830,38.2,Male,51.0,164.2,19757,57,Running,134,4,2537.5,,2538.0
1831,35.5,Female,113.3,166.4,15312,46,Running,122,9,2795.5,Evening workout,2796.0
1832,47.4,Male,116.5,193.1,12804,84,Yoga,130,4,2814.9,Evening workout,2817.0
1833,35.2,Female,96.2,159.3,14777,45,Walking,94,10,2600.8,Evening workout,2605.0
1834,63.5,Male,48.9,169.5,11983,69,Walking,70,4,2146.0,,2150.0
1835,64.2,Male,78.4,155.8,7990,86,Cycling,108,8,2528.6,Good workout,2528.0
1836,48.5,Male,113.0,157.8,4983,105,Yoga,166,4,2653.7,Good workout,2658.0
1837,55.3,Male,77.2,194.6,4768,17,Walking,170,9,2004.3,Good workout,2005.0
1838,49.0,Female,113.2,183.1,2504,16,Cycling,174,8,2014.8,Low effort,2017.0
1839,28.5,Male,82.6,181.9,3450,116,Swimming,99,5,2315.1,,2315.0
1840,62.8,Male,70.4,191.7,12236,52,Swimming,171,9,2660.3,Evening workout,2660.0
1841,42.3,Female,45.2,153.9,19417,67,Running,80,8,2655.1,High intensity,2658.0
1842,50.5,Female,48.1,193.9,9002,90,Running,106,10,2502.0,,2498.0
1843,55.2,Female,83.9,188.6,10891,95,Swimming,62,4,2431.2,Good workout,2427.0
1844,58.1,Female,98.8,169.9,7019,55,Yoga,89,4,2066.1,Morning session,2071.0
1845,25.6,Female,77.7,173.7,14898,43,Swimming,147,1,2233.3,Good workout,2237.0
1846,28.0,Female,77.7,173.3,11472,93,HIIT,161,4,2646.7,,2647.0
1847,39.6,Male,116.2,175.4,16264,81,Yoga,126,8,3138.2,,3142.0
1848,41.8,Female,64.0,174.5,18691,31,Running,121,5,2433.5,Low effort,2437.0
1849,58.7,Male,60.6,185.3,11719,100,Cycling,96,6,2594.9,,2590.0
1850,34.3,Female,65.1,156.2,1975,107,Swimming,156,4,2215.7,Evening workout,2215.0
1851,29.9,Male,89.7,159.3,11248,30,Cycling,81,5,1976.4,,1981.0
1852,63.0,Male,106.8,161.4,14002,24,HIIT,90,10,2486.9,Low effort,2490.0
1853,49.6,Male,75.6,150.9,15213,14,HIIT,105,8,2255.3,,2256.0
1854,32.3,Female,86.9,174.7,11618,111,Running,135,9,3004.1,Low effort,3005.0
1855,33.8,Female,56.8,165.5,11620,26,Swimming,104,3,1779.7,Evening workout,1781.0
1856,39.8,Female,109.1,154.7,4733,81,HIIT,73,10,2430.6,High intensity,2433.0
1857,45.3,Female,117.7,168.5,9551,28,Yoga,71,4,1958.3,Good workout,1958.0
1858,37.6,Male,47.7,153.7,3223,14,HIIT,178,1,1344.8,High intensity,1342.0
1859,50.5,Female,53.8,155.5,17868,32,Walking,122,5,2293.2,,2290.0
1860,27.8,Male,95.8,175.0,2428,92,Yoga,150,4,2212.1,Evening workout,2209.0
1861,57.2,Male,60.0,188.7,3080,23,Yoga,136,6,1651.6,Low effort,1647.0
1862,49.2,Female,47.3,188.5,14776,19,Yoga,147,6,2183.3,,2180.0
1863,50.2,Female,68.3,158.6,1695,40,Walking,97,10,1869.0,,1874.0
1864,19.8,Female,117.3,194.1,1201,22,Running,176,6,1853.1,Morning session,1852.0
1865,50.5,Male,57.1,163.3,13049,31,Swimming,106,3,1974.0,Good workout,1970.0
1866,50.7,Female,46.8,158.4,16628,46,Running,113,7,2400.9,Evening workout,2399.0
1867,58.3,Male,115.6,164.5,9265,48,Walking,114,3,2229.4,Low effort,2233.0
1868,30.8,Female,65.8,186.2,13460,19,Cycling,107,6,2045.1,,2042.0
1869,47.2,Male,63.3,169.7,4477,40,HIIT,132,10,2073.6,Good workout,2076.0
1870,50.1,Female,91.8,157.7,3202,52,HIIT,131,1,1817.2,Low effort,1822.0
1871,30.1,Female,66.1,181.1,16542,108,Running,160,8,3183.3,Morning session,3181.0
1872,43.7,Male,119.4,170.3,15624,86,Yoga,74,7,2915.8,Morning session,2912.0
1873,39.1,Female,77.8,190.7,9449,103,Swimming,130,9,2771.2,,2768.0
1874,56.7,Female,76.5,168.2,12850,107,Swimming,147,3,2781.4,High intensity,2786.0
1875,19.2,Female,108.4,178.7,7317,45,Cycling,172,8,2430.1,,2432.0
1876,55.8,Female,83.9,180.3,6350,44,Running,75,2,1699.8,Low effort,1696.0
1877,56.6,Female,116.1,155.4,3806,77,HIIT,147,9,2603.0,Low effort,2604.0
1878,43.2,Female,86.2,153.3,8163,64,HIIT,102,1,1978.5,High intensity,1983.0
1879,63.2,Female,53.6,192.7,1185,77,Cycling,66,10,1938.5,,1941.0
1880,32.9,Male,69.8,178.1,9070,56,Yoga,102,7,2168.1,Evening workout,2169.0
1881,51.1,Male,46.5,191.8,12545,15,Walking,87,10,2021.9,Morning session,2022.0
1882,59.1,Female,63.1,152.9,19458,37,Swimming,125,1,2301.7,Low effort,
1883,61.6,Female,,150.3,17006,39,Swimming,157,6,2586.0,Morning session,2581.0
1884,57.5,Female,114.4,193.0,1201,36,Yoga,119,1,1650.8,Low effort,1647.0
1885,28.5,Male,61.4,164.5,12284,78,Running,161,4,2474.3,Evening workout,2474.0
1886,20.8,Male,112.8,170.3,6710,117,Swimming,62,7,2610.1,Evening workout,2612.0
1887,23.6,Female,47.2,180.6,16698,48,Yoga,60,2,2004.6,,2002.0
1888,26.6,Male,95.0,156.9,3102,44,Walking,90,3,1667.8,,1670.0
1889,23.1,Female,70.9,166.4,10102,112,Cycling,115,4,2523.3,Evening workout,2525.0
1890,26.2,Female,100.2,168.1,2571,53,Walking,146,6,2043.3,High intensity,2043.0
1891,56.3,Female,108.6,188.5,6125,24,HIIT,143,9,2216.6,Good workout,2215.0
1892,48.1,Female,52.5,152.2,7697,92,Running,139,4,2268.3,,2265.0
1893,49.3,Male,81.4,179.8,19543,103,HIIT,105,6,3133.7,Good workout,3132.0
1894,58.1,Male,71.4,184.3,15034,111,Swimming,91,7,2957.0,Low effort,2953.0
1895,29.8,Female,89.3,178.6,2329,41,HIIT,140,4,1761.8,,1757.0
1896,25.7,Male,48.3,163.6,9652,113,Swimming,77,6,2411.0,Morning session,2412.0
1897,25.1,Male,81.7,184.4,4699,38,Cycling,127,3,1750.4,Morning session,1755.0
1898,45.8,Female,115.3,177.1,7027,72,Running,94,5,2345.6,Low effort,2344.0
1899,37.8,Male,77.5,179.8,19657,15,Swimming,163,10,2740.8,Low effort,2739.0
1900,64.1,Female,75.5,175.8,11667,99,Walking,159,4,2749.9,Morning session,2753.0
1901,24.5,Female,99.1,156.4,5823,36,HIIT,82,7,1903.0,Good workout,1903.0
1902,28.7,Female,56.8,188.6,10347,108,Swimming,138,6,2632.0,Morning session,2635.0
1903,37.7,Female,55.8,180.2,17881,37,Cycling,72,7,2303.2,Morning session,2305.0
1904,33.7,Male,116.3,154.7,7959,14,Swimming,137,6,2040.8,,2043.0
1905,21.3,Female,76.5,184.9,14616,50,Cycling,73,2,2061.0,Low effort,2062.0
1906,23.3,Male,101.2,163.8,7210,65,HIIT,96,7,2223.3,Low effort,2228.0
1907,39.2,Female,82.4,185.3,13517,63,HIIT,64,8,2441.6,Morning session,2439.0
1908,43.3,Female,104.2,176.2,13620,89,Walking,81,7,2795.4,Good workout,2800.0
1909,20.5,Male,63.3,173.7,4976,114,Running,87,4,2181.5,Low effort,2179.0
1910,58.2,Female,100.7,189.4,18991,27,Walking,168,4,2704.5,,2704.0
1911,59.1,Male,58.5,178.6,9912,86,Yoga,63,5,2231.2,High intensity,2231.0
1912,31.8,Male,77.0,194.8,18658,52,Walking,109,9,2765.1,Low effort,2768.0
1913,28.3,Female,54.6,171.6,13059,98,HIIT,161,5,2732.3,Low effort,
1914,35.2,Female,108.4,157.0,1690,83,Swimming,88,2,1917.2,Evening workout,1915.0
1915,29.9,Female,108.7,164.6,13344,38,HIIT,96,5,2303.3,,2299.0
1916,40.3,Female,106.5,154.2,4437,19,Running,94,3,1616.4,,1616.0
1917,29.1,Female,112.5,153.7,3355,15,Swimming,79,10,1829.8,Good workout,1827.0
1918,30.5,Female,87.6,160.1,1749,89,HIIT,94,8,2179.9,,2181.0
1919,42.2,Male,103.8,167.7,13965,98,Yoga,158,10,3239.1,High intensity,
1920,62.1,Male,96.9,191.1,13847,117,Yoga,143,10,3350.9,Low effort,3352.0
1921,36.4,Female,63.4,179.8,6758,13,Swimming,61,2,1291.9,Morning session,1296.0
1922,63.0,Male,65.8,164.1,19088,110,Yoga,175,4,3171.8,Evening workout,3174.0
1923,53.4,Male,66.3,155.9,12637,43,Swimming,117,5,2167.1,Evening workout,2164.0
1924,62.3,Female,53.1,165.8,7074,92,Cycling,77,4,2084.5,Morning session,2081.0
1925,25.8,Female,53.2,189.4,14378,42,Running,153,5,2304.2,,2301.0
1926,46.7,Male,117.4,158.8,19761,13,Swimming,165,10,2969.3,,2965.0
1927,49.1,Female,71.2,192.6,15529,53,Cycling,115,4,2386.4,,2388.0
1928,61.5,Male,61.5,183.6,6274,107,Running,123,3,2289.7,,2294.0
1929,35.5,Female,88.6,176.8,15007,85,Yoga,176,1,2744.2,Good workout,2743.0
1930,23.9,Male,89.3,162.1,7409,40,Yoga,152,4,2026.4,Good workout,2024.0
1931,35.7,Male,52.7,185.6,19599,89,Swimming,162,9,3136.4,Low effort,3141.0
1932,36.1,Male,62.0,176.2,7288,75,Swimming,111,1,1891.7,Morning session,1891.0
1933,39.3,Male,77.1,158.1,1885,67,Cycling,81,7,1845.2,,1841.0
1934,54.3,Female,45.6,154.1,1864,69,Swimming,152,3,1790.2,High intensity,1793.0
1935,49.2,Female,50.0,171.5,7917,11,Yoga,119,8,1821.6,Morning session,1822.0
1936,58.2,Male,85.4,180.7,12686,45,Yoga,169,6,2545.9,High intensity,2548.0
1937,20.2,Male,99.5,152.6,4054,79,Yoga,69,1,1836.9,Good workout,1832.0
1938,45.4,Female,49.8,179.8,9977,69,Walking,143,10,2547.1,Good workout,2550.0
1939,27.8,Female,103.4,170.4,17199,32,Walking,139,5,2560.1,High intensity,2561.0
1940,52.7,Male,62.1,184.8,9536,112,Swimming,65,8,2579.8,Morning session,2581.0
1941,46.6,Male,93.0,155.1,16070,56,Walking,140,3,2590.2,,2589.0
1942,32.7,Male,109.5,177.2,17937,117,Swimming,65,4,3052.0,,3054.0
1943,50.2,Male,98.7,181.0,8683,110,HIIT,145,7,2899.6,High intensity,2899.0
1944,24.4,Male,105.1,191.1,18171,55,Walking,141,6,2835.6,Morning session,2834.0
1945,29.6,Female,52.6,186.5,11011,89,Cycling,155,7,2605.1,Evening workout,2603.0
1946,47.1,Male,47.2,174.4,16271,116,Swimming,87,9,2971.5,Low effort,2967.0
1947,38.1,Female,69.6,181.7,9896,53,Cycling,101,9,2297.0,Evening workout,2292.0
1948,48.0,Female,113.7,184.1,15582,28,Running,133,2,2368.2,,2371.0
1949,41.9,Female,99.0,171.2,8190,58,HIIT,100,3,2134.0,Good workout,2137.0
1950,37.5,Male,84.3,173.4,10144,97,HIIT,122,4,2547.9,,2551.0
1951,54.2,Female,94.8,188.7,1814,67,Cycling,81,6,1950.0,,1948.0
1952,21.4,Female,77.5,179.2,10740,100,Running,151,5,2658.9,Evening workout,2658.0
1953,45.8,Female,62.7,181.9,3777,16,Running,138,6,1617.4,,1619.0
1954,61.1,Female,101.3,180.6,5958,103,HIIT,166,8,2843.0,Morning session,2839.0
1955,37.1,Male,60.7,172.2,4825,50,Cycling,88,2,1575.8,Good workout,1580.0
1956,41.4,Male,82.1,189.2,18600,87,Cycling,130,6,3025.4,Evening workout,3026.0
1957,49.9,Female,85.5,182.0,15800,117,Yoga,173,9,3387.1,Low effort,3392.0
1958,58.7,Female,51.6,174.6,10999,24,Swimming,93,5,1854.4,,1857.0
1959,53.9,Male,97.8,185.1,13964,85,Yoga,155,1,2670.1,Low effort,2672.0
1960,51.0,Male,107.1,173.7,7772,62,Cycling,61,8,2290.7,Low effort,2290.0
1961,53.6,Male,76.2,180.7,10481,102,Cycling,85,4,2490.7,,2491.0
1962,19.2,Female,82.1,188.7,16737,32,Running,168,8,2639.5,Good workout,2637.0
1963,32.8,,66.5,162.8,18246,86,Walking,134,4,2809.3,,2805.0
1964,51.1,Female,60.1,159.6,11677,82,HIIT,148,8,2697.1,Evening workout,2693.0
1965,53.9,Female,96.1,172.4,3355,97,Yoga,78,9,2425.6,Good workout,2429.0
1966,23.5,Male,73.6,167.4,10157,112,Cycling,79,5,2524.3,,2528.0
1967,56.2,Female,60.5,181.5,3395,103,Swimming,92,5,2097.8,,2097.0
1968,59.6,Male,61.6,182.7,1524,74,HIIT,140,2,1814.5,Morning session,1815.0
1969,29.3,Female,108.1,185.7,1561,69,Cycling,175,9,2392.1,Evening workout,2388.0
1970,20.5,Male,57.6,177.3,9167,19,Yoga,153,4,1798.9,Good workout,1802.0
1971,62.6,Female,116.8,165.1,17184,111,HIIT,141,3,3198.7,,3196.0
1972,35.7,Female,100.6,165.4,5664,67,Walking,155,2,2159.2,,2155.0
1973,57.6,Male,49.5,167.0,2205,56,Running,163,3,1717.4,High intensity,1718.0
1974,38.2,Male,56.1,157.5,13039,24,Yoga,168,4,2099.9,Good workout,2104.0
1975,32.8,Male,85.3,191.0,13393,18,,63,9,2144.1,Low effort,2141.0
1976,50.4,Male,47.3,165.0,3238,22,Yoga,91,6,1427.4,Good workout,1432.0
1977,52.5,Female,77.8,160.2,18544,32,Walking,78,10,2595.8,High intensity,2598.0
1978,43.0,Male,94.3,155.1,13987,42,HIIT,62,5,2223.1,Evening workout,2219.0
1979,25.4,Male,100.6,150.7,6239,18,Cycling,161,9,2108.0,High intensity,2107.0
1980,53.3,Female,53.9,161.5,13017,12,Swimming,151,8,2139.8,,2144.0
1981,47.5,Male,94.5,187.3,17455,103,HIIT,120,6,3121.0,,3124.0
1982,40.2,Male,73.7,177.3,18138,82,Swimming,97,3,2673.8,Morning session,2670.0
1983,59.1,Female,83.4,194.5,10096,34,Running,177,7,2404.0,Morning session,2406.0
1984,61.3,Male,89.6,166.7,15814,97,Yoga,65,10,2985.3,Evening workout,2988.0
1985,31.9,Male,61.7,150.6,14291,105,Swimming,115,6,2786.6,,2791.0
1986,31.6,Male,100.7,181.4,3621,80,HIIT,99,8,2304.9,,2306.0
1987,19.5,Male,90.9,157.7,4190,45,Running,140,6,1957.7,Good workout,1962.0
1988,54.5,Male,111.4,189.3,4948,98,Yoga,165,10,2872.0,Morning session,2874.0
1989,22.7,Male,113.8,192.7,2287,29,Yoga,179,4,1878.4,,1881.0
1990,55.5,Female,58.9,173.1,15590,90,Yoga,128,10,2989.8,Good workout,2990.0
1991,62.2,Male,111.3,159.6,16668,63,Swimming,142,7,2983.4,,2986.0
1992,58.8,Female,67.6,188.3,2772,109,Cycling,166,7,2513.3,,2517.0
1993,64.3,Female,105.3,188.8,7200,99,Swimming,101,8,2683.1,,2681.0
1994,31.2,Female,67.9,159.2,16762,28,Swimming,158,2,2210.7,,2211.0
1995,56.8,Female,71.6,185.1,4138,69,Yoga,145,6,2143.3,High intensity,2143.0
1996,42.7,Male,98.3,174.7,8213,46,Cycling,147,3,2130.3,Good workout,2127.0
1997,37.4,Male,54.8,159.8,15941,12,Running,133,8,2241.8,,2244.0
1998,19.6,Male,60.2,168.4,3416,116,Swimming,61,4,2019.7,,2024.0
1999,56.8,Female,85.6,194.2,16964,101,Cycling,87,4,2864.2,Evening workout,2867.0
2000,23.5,Male,99.3,164.6,18968,95,Cycling,164,2,3061.7,Good workout,3063.0
2001,34.3,Male,105.1,165.1,2046,28,Cycling,160,6,1910.4,High intensity,1907.0
2002,42.5,Male,93.7,151.7,15909,62,Cycling,176,6,2828.0,High intensity,2832.0
2003,45.4,Female,117.2,178.8,14578,55,HIIT,76,1,2315.8,,2313.0
2004,19.5,Female,96.2,153.6,19549,89,Yoga,129,8,3185.4,Low effort,3188.0
2005,52.1,Male,46.4,178.6,6719,65,HIIT,166,3,2039.1,,2043.0
2006,54.9,Female,94.8,180.1,16960,79,Yoga,128,1,2672.9,Good workout,2673.0
2007,22.9,Female,87.1,166.2,18560,110,Swimming,98,10,3311.5,Morning session,3310.0
2008,18.6,Male,52.4,159.2,16598,40,Swimming,66,1,1881.5,,1885.0
2009,57.0,Female,103.5,176.5,16624,62,Yoga,91,1,2471.1,High intensity,2472.0
2010,29.7,Female,109.1,190.3,7411,43,HIIT,63,5,1955.0,Morning session,1952.0
2011,53.8,Male,56.8,164.9,9074,40,HIIT,80,5,1841.9,,1839.0
2012,62.6,Female,48.0,193.7,11352,69,Running,165,1,2193.0,,2193.0
2013,40.1,Female,85.5,180.9,16003,20,Swimming,91,5,2209.6,Good workout,2212.0
2014,64.9,Female,51.1,170.4,10223,109,Cycling,179,7,2842.6,High intensity,2840.0
2015,48.5,Female,113.6,190.8,13718,15,Swimming,141,5,2351.0,Good workout,2352.0
2016,28.7,Female,113.6,194.6,2315,36,Running,156,9,2131.2,Morning session,2134.0
2017,27.8,Female,74.4,175.3,18276,16,Swimming,73,4,2072.2,Morning session,2072.0
2018,20.3,Female,117.5,187.2,9936,58,Yoga,129,9,2600.9,Good workout,2597.0
2019,31.8,Female,50.1,185.7,14767,105,Walking,134,8,2857.2,Good workout,2856.0
2020,33.5,Male,63.2,166.6,7466,81,Swimming,105,1,1955.3,Low effort,1958.0
2021,27.0,Male,110.6,152.7,16185,69,Swimming,79,4,2595.9,Low effort,2592.0
2022,46.3,Male,54.4,163.1,6090,42,Running,152,7,2037.9,Low effort,2037.0
2023,27.7,Male,60.3,162.3,5240,56,Swimming,117,1,1668.9,Low effort,1666.0
2024,29.6,Female,81.0,190.8,17795,53,HIIT,158,8,2872.0,Evening workout,2873.0
2025,47.5,Male,76.3,176.9,15910,88,Cycling,139,2,2664.0,Low effort,2660.0
2026,58.1,Male,91.7,150.3,3446,36,Swimming,107,8,1956.3,Good workout,1953.0
2027,18.1,Female,116.1,166.1,4346,103,Yoga,66,4,2264.7,Morning session,2266.0
2028,22.7,Female,87.3,183.9,13411,31,Swimming,99,8,2291.7,,2296.0
2029,37.5,Female,80.3,163.7,17469,56,Swimming,118,1,2402.8,High intensity,2402.0
2030,25.6,Female,70.1,166.9,8749,102,Walking,95,5,2387.0,,2383.0
2031,60.0,Female,54.7,152.7,5142,114,Yoga,103,9,2490.2,,2494.0
2032,29.4,Male,75.5,183.2,17070,57,HIIT,167,7,2768.4,Morning session,2766.0
2033,18.8,Female,73.6,189.3,15187,39,HIIT,90,3,2103.9,,2106.0
2034,37.3,Male,49.0,174.3,8087,11,HIIT,101,4,1501.3,,1501.0
2035,45.9,Male,45.8,151.3,16635,24,Yoga,103,10,2337.9,Morning session,2339.0
2036,60.8,Female,47.6,183.4,16807,56,Walking,102,7,2486.9,Morning session,2486.0
2037,54.9,Male,111.5,175.9,11197,36,Cycling,102,6,2301.3,,2298.0
2038,64.5,Male,115.5,180.4,13271,80,HIIT,106,4,2696.8,High intensity,2695.0
2039,54.6,Female,79.3,158.3,18187,36,Yoga,65,3,2280.2,Good workout,2276.0
2040,29.7,Male,59.4,179.2,15724,94,Cycling,152,2,2603.6,,2606.0
2041,54.1,Male,111.1,169.8,10261,22,Cycling,150,10,2512.4,Low effort,2515.0
2042,61.7,Male,74.9,170.2,14479,64,Running,166,9,2899.7,Evening workout,2897.0
2043,45.5,Female,119.1,178.3,16804,26,Running,125,3,2456.7,High intensity,2461.0
2044,64.6,Female,87.4,174.1,13333,84,Cycling,179,7,2982.8,High intensity,2985.0
2045,32.7,Female,104.9,187.9,13827,68,Swimming,145,1,2504.6,,2509.0
2046,23.4,Male,84.4,193.5,10600,19,Running,68,8,1948.9,High intensity,1944.0
2047,61.2,Female,109.0,174.7,12932,42,,70,1,2127.4,Evening workout,2129.0
2048,37.4,Male,73.1,158.6,17648,87,Running,139,2,2761.0,,2756.0
2049,31.3,Female,118.1,188.1,13040,46,Swimming,168,1,2436.6,,2436.0
2050,19.0,Male,63.0,193.1,17127,17,Swimming,136,4,2121.5,,2120.0
2051,26.5,Female,47.2,175.5,13473,42,Swimming,177,2,2136.9,,2141.0
2052,54.7,Female,80.6,186.1,17709,16,Yoga,177,1,2326.5,High intensity,2328.0
2053,37.6,Male,87.0,165.5,2206,43,Cycling,77,1,1458.1,High intensity,1456.0
2054,43.5,Female,59.0,186.2,10696,80,HIIT,176,2,2407.9,,2403.0
2055,46.1,Male,85.8,161.0,14714,16,Yoga,84,6,2122.8,Evening workout,2118.0
2056,18.7,Female,80.0,173.8,2440,50,Yoga,156,2,1717.4,Low effort,1716.0
2057,52.3,Female,77.5,175.2,10147,109,Running,175,2,2723.0,Evening workout,2719.0
2058,23.2,Male,49.7,169.9,17267,64,HIIT,133,8,2681.4,,2678.0
2059,54.7,Male,58.8,158.3,9746,16,Walking,117,5,1810.2,Morning session,1809.0
2060,22.2,Male,112.8,172.5,6136,93,Running,89,8,2512.2,High intensity,2516.0
2061,50.3,Female,91.6,,12446,27,Yoga,174,8,2513.8,Low effort,2515.0
2062,31.5,Male,98.7,178.0,13331,118,HIIT,172,2,2971.1,Good workout,2972.0
2063,29.1,Female,48.2,180.3,14188,52,HIIT,60,7,2148.4,High intensity,2153.0
2064,59.5,Male,53.7,168.0,6819,114,Running,122,9,2710.3,,2714.0
2065,37.0,Male,97.9,169.2,9069,87,Cycling,156,8,2765.0,High intensity,2762.0
2066,41.9,Male,104.2,172.9,13769,49,Walking,172,9,2811.0,,2812.0
2067,60.2,Male,90.7,192.2,19420,62,Cycling,138,8,3040.8,Good workout,3037.0
2068,51.2,Male,98.4,176.1,6560,23,Walking,88,4,1783.2,,1779.0
2069,42.3,Male,118.1,179.7,13853,30,Swimming,125,10,2689.0,Good workout,2693.0
2070,46.5,Female,81.6,170.8,11459,66,Walking,134,7,2525.3,,2528.0
2071,56.1,Male,67.4,193.8,4629,100,Running,112,9,2453.1,Morning session,2456.0
2072,48.6,Female,71.8,184.8,12657,55,HIIT,157,9,2662.9,Low effort,2662.0
2073,64.3,Male,114.2,156.1,6314,35,Walking,175,4,2214.1,Good workout,2216.0
2074,60.6,Male,110.2,171.8,19840,100,Running,164,7,3478.8,Evening workout,3483.0
2075,40.6,Male,105.2,159.6,9662,33,Yoga,78,6,2073.3,Evening workout,2069.0
2076,61.7,Female,95.9,172.1,18754,14,Walking,125,3,2401.6,High intensity,2399.0
2077,55.4,Female,94.9,164.5,8629,51,HIIT,171,10,2619.8,Good workout,2623.0
2078,37.7,Male,,,12324,111,Running,143,6,2824.0,Evening workout,2823.0
2079,40.5,Female,45.9,183.8,18558,101,Running,164,8,3104.6,,3100.0
2080,62.6,Male,84.1,162.9,17494,115,Running,111,2,2964.7,High intensity,2966.0
2081,33.0,Male,76.8,153.4,7692,52,Cycling,90,3,1922.5,Morning session,1923.0
2082,59.1,Female,66.7,167.8,10218,41,Swimming,119,8,2283.3,Good workout,2279.0
2083,25.3,Female,110.2,172.1,12746,97,Swimming,176,4,2949.7,,2946.0
2084,38.1,Female,84.4,182.9,16372,15,Yoga,127,4,2243.4,High intensity,2247.0
2085,18.4,Female,82.6,183.5,13631,83,Swimming,152,2,2561.4,Morning session,2559.0
2086,25.8,Male,92.5,183.6,2472,119,Walking,179,10,2867.5,,2869.0
2087,46.0,Female,99.4,185.8,15599,76,Walking,89,1,2502.3,Good workout,2505.0
2088,49.8,Female,119.2,184.1,5872,16,Swimming,72,7,1910.0,Low effort,1907.0
2089,55.1,Male,99.4,166.6,11573,38,HIIT,74,4,2067.5,Evening workout,2067.0
2090,22.4,Female,95.6,177.5,14691,43,Running,79,6,2346.3,,2342.0
2091,64.1,Female,104.6,163.0,12482,16,Cycling,93,8,2261.8,High intensity,2266.0
2092,39.4,Female,52.2,183.6,5753,90,Walking,151,7,2361.1,,2359.0
2093,64.9,Female,112.3,160.7,2833,86,HIIT,79,7,2313.8,Good workout,2315.0
2094,51.2,Male,119.5,162.2,6928,67,,109,6,2432.6,,2434.0
2095,18.5,Male,116.3,182.8,9645,94,HIIT,148,4,2710.3,Good workout,2715.0
2096,43.7,Female,53.5,151.8,7816,40,Running,86,4,1695.0,Low effort,1691.0
2097,60.6,Female,46.4,183.7,18124,82,Running,89,9,2791.3,Low effort,2792.0
2098,27.0,Male,114.8,178.6,8256,54,Running,115,5,2262.1,Good workout,2259.0
2099,47.7,Female,103.0,186.8,19764,56,HIIT,164,9,3204.5,Good workout,3202.0
2100,35.1,,63.5,153.3,11549,86,Yoga,143,9,2744.8,Low effort,2742.0
2101,34.6,Female,72.2,161.6,16062,90,HIIT,124,4,2719.7,Morning session,2724.0
2102,43.6,Female,116.1,175.3,10635,81,HIIT,158,2,2631.9,Evening workout,2632.0
2103,25.6,Female,58.6,177.6,10940,82,Yoga,114,2,2204.6,,2201.0
2104,64.5,Female,68.5,152.8,3401,82,Yoga,172,9,2458.1,Good workout,2461.0
2105,57.8,Female,88.8,169.6,14111,49,Yoga,166,9,2813.2,,2811.0
2106,29.2,Female,100.2,159.6,12363,39,Walking,83,3,2105.9,,2101.0
2107,44.8,Female,95.4,167.5,13432,71,Yoga,84,5,2507.4,Morning session,2503.0
2108,25.8,Male,76.8,176.4,19390,80,Swimming,163,5,3006.0,High intensity,3008.0
2109,42.6,Male,94.1,180.3,10978,26,Swimming,112,2,1924.9,High intensity,1922.0
2110,63.7,Male,85.6,176.4,18793,112,Running,135,2,3126.7,High intensity,3124.0
2111,21.6,Female,110.5,191.6,19146,111,Cycling,70,10,3367.6,,3368.0
2112,50.7,Female,69.3,150.5,1909,14,HIIT,153,1,1401.9,Good workout,1404.0
2113,18.6,Male,105.3,155.7,1760,90,Cycling,119,2,1996.6,,1995.0
2114,36.8,Female,110.3,160.4,6612,113,Running,136,7,2810.2,High intensity,2807.0
2115,48.9,Male,86.1,183.7,4240,10,Walking,106,1,1392.6,Evening workout,1395.0
2116,33.7,Female,109.0,188.3,1530,89,Walking,84,1,1907.7,Morning session,1906.0
2117,31.7,Male,80.3,169.5,10551,90,Swimming,175,9,2875.0,Good workout,2875.0
2118,22.7,Male,53.4,170.5,11219,103,Yoga,84,2,2249.7,,2252.0
2119,58.6,Male,80.3,170.6,17216,40,Running,76,4,2345.2,Good workout,2349.0
2120,43.7,Female,82.8,167.3,3560,44,Yoga,71,3,1588.2,,1591.0
2121,45.5,Male,77.7,170.8,19561,118,HIIT,174,4,3291.9,High intensity,3291.0
2122,19.1,Female,86.8,168.1,6103,81,Walking,111,7,2344.3,Low effort,2345.0
2123,23.1,Female,105.9,153.4,18921,39,HIIT,70,10,2718.5,Morning session,2719.0
2124,26.4,Female,90.5,162.3,10465,112,Cycling,69,2,2402.7,Morning session,2403.0
2125,50.5,Female,105.4,167.8,3781,94,Cycling,140,2,2267.8,Evening workout,2271.0
2126,58.6,Female,62.7,178.7,18330,24,Cycling,119,9,2533.5,Evening workout,2529.0
2127,42.6,Female,114.8,174.7,6257,107,Yoga,113,6,2669.8,,2667.0
2128,30.7,Female,59.1,162.5,19895,65,Yoga,168,7,2978.2,Morning session,2975.0
2129,26.8,Male,92.1,176.7,3188,69,Swimming,139,5,2070.3,Low effort,2072.0
2130,30.9,Male,116.4,168.9,7063,36,Cycling,122,5,2115.3,Low effort,2119.0
2131,48.1,Male,57.5,150.2,16615,11,Running,175,4,2264.2,Low effort,2263.0
2132,58.4,Female,87.5,187.7,1881,83,Running,79,8,2132.6,,2137.0
2133,28.4,Female,104.1,168.3,2847,73,Yoga,172,7,2361.5,High intensity,2366.0
2134,21.9,Female,101.2,150.3,7599,14,Cycling,64,10,1934.7,,1937.0
2135,51.0,Female,115.8,189.0,19359,100,Cycling,100,2,3035.8,,3035.0
2136,55.5,Male,61.5,166.6,5568,77,Walking,177,2,2108.3,Low effort,2104.0
2137,63.2,Female,94.1,170.6,17314,22,Walking,122,6,2534.6,Good workout,2530.0
2138,21.6,Male,76.8,171.8,8163,90,Yoga,115,1,2150.6,High intensity,2148.0
2139,55.2,Female,66.5,164.5,12156,94,Swimming,91,7,2611.4,,2611.0
2140,36.7,Male,99.7,188.2,12255,32,Cycling,86,8,2288.7,,2292.0
2141,23.2,Female,101.8,188.5,12320,106,Cycling,127,10,3089.8,Morning session,3089.0
2142,51.6,Male,57.7,181.2,3216,59,Walking,164,8,2126.0,Morning session,2123.0
2143,35.4,Female,91.7,153.7,6701,88,Yoga,107,3,2215.9,,2217.0
2144,30.6,Male,106.7,193.5,19992,87,Swimming,66,7,3021.6,,3026.0
2145,58.4,Female,98.4,194.3,12780,82,HIIT,105,1,2469.0,,2468.0
2146,40.5,Male,73.2,181.8,11694,117,HIIT,137,3,2690.1,,2687.0
2147,36.6,Male,66.1,153.6,5809,46,Cycling,162,6,2039.2,Good workout,2041.0
2148,62.8,Female,109.7,150.3,17562,39,Cycling,147,9,2940.0,,2936.0
2149,28.5,Male,73.1,182.3,15392,102,HIIT,171,5,2982.7,,2981.0
2150,18.3,Female,92.8,156.2,8771,32,Walking,77,5,1877.0,Morning session,1876.0
2151,41.5,Female,49.7,158.6,2929,43,Walking,97,9,1781.2,Evening workout,1783.0
2152,24.4,Female,79.3,150.3,15306,73,Running,162,9,2886.3,Good workout,2888.0
2153,42.3,Male,118.5,165.8,19932,64,Cycling,174,6,3195.3,Good workout,3192.0
2154,38.3,Male,115.5,167.1,15244,80,Cycling,163,5,2999.9,Morning session,2996.0
2155,32.3,Female,90.2,155.3,1111,18,HIIT,124,10,1814.4,Morning session,1811.0
2156,18.1,Female,79.7,151.1,12411,13,Yoga,76,2,1662.6,,1661.0
2157,29.2,Male,89.2,158.6,18098,75,Running,149,8,3036.4,,3038.0
2158,24.8,Male,57.6,153.7,12116,100,HIIT,174,8,2886.6,High intensity,2887.0
2159,32.5,Male,54.6,194.1,16707,42,Cycling,145,7,2538.5,,2536.0
2160,38.3,Female,110.1,172.0,18765,41,Yoga,162,8,3015.0,High intensity,3012.0
2161,36.1,Female,114.7,192.7,4127,53,Yoga,141,3,2081.4,Good workout,2079.0
2162,46.8,Female,116.2,194.7,14100,118,Running,97,3,2968.3,,2970.0
2163,42.5,Female,69.8,192.7,12203,119,Running,151,2,2745.4,Low effort,2746.0
2164,50.6,Female,88.3,157.2,2208,46,Yoga,144,1,1738.2,Good workout,1738.0
2165,49.7,Male,104.3,188.1,12317,100,Cycling,122,3,2740.4,Morning session,2743.0
2166,52.6,Female,91.2,174.3,1036,101,Swimming,161,3,2235.4,Low effort,2231.0
2167,61.1,Male,84.4,165.8,19212,76,Walking,156,7,3129.2,,3134.0
2168,55.1,Male,51.4,184.5,12252,69,Running,153,10,2683.0,,2681.0
2169,43.1,Female,90.2,166.6,8006,68,Running,101,9,2417.2,Morning session,2417.0
2170,28.9,Male,67.1,167.8,16067,45,Walking,178,1,2352.8,,2355.0
2171,52.5,Female,90.7,176.6,6347,58,Walking,67,8,2134.6,Low effort,2131.0
2172,25.2,Male,57.6,164.5,1809,60,Cycling,89,1,1421.8,Low effort,1426.0
2173,63.6,Female,65.3,166.9,5118,116,Yoga,162,3,2483.2,High intensity,2481.0
2174,31.3,Female,45.3,192.8,18910,17,Running,123,4,2098.7,Good workout,2102.0
2175,27.9,Male,63.1,154.8,14083,117,Swimming,68,8,2840.0,,2837.0
2176,19.9,Female,104.9,165.6,17879,59,Cycling,156,1,2690.7,Morning session,2687.0
2177,63.9,Male,77.8,164.6,14187,50,Running,116,2,2293.7,Low effort,2293.0
2178,26.2,Female,48.4,191.6,1424,110,HIIT,166,5,2118.5,,2119.0
2179,20.4,Female,47.2,183.7,2982,118,Cycling,118,6,2229.1,Good workout,2226.0
2180,38.2,Female,96.2,168.1,18852,47,Swimming,152,5,2739.2,Good workout,2743.0
2181,43.4,Male,72.4,157.6,16918,95,Cycling,154,3,2884.8,Evening workout,2887.0
2182,25.2,Male,114.5,159.2,16398,87,Cycling,126,10,3239.7,,3237.0
2183,19.0,Female,114.4,154.2,12992,88,Walking,173,7,3040.3,,3038.0
2184,23.3,Male,99.8,175.4,2233,64,Cycling,161,1,1842.6,Low effort,1844.0
2185,45.8,Female,101.1,171.7,10989,119,Swimming,134,2,2799.0,Low effort,2798.0
2186,46.5,Male,60.5,193.8,15546,77,Yoga,64,9,2603.0,,2604.0
2187,43.6,Male,68.9,172.5,9756,27,Swimming,154,4,1996.8,Morning session,1994.0
2188,42.5,Female,113.4,162.9,4019,74,HIIT,143,8,2474.5,Evening workout,2470.0
2189,29.1,Female,85.6,158.2,2304,73,Yoga,63,9,2046.4,Good workout,2042.0
2190,22.7,Female,91.9,169.9,15144,21,Running,67,7,2169.7,High intensity,2172.0
2191,51.6,Female,113.7,177.5,17516,50,Yoga,101,1,2526.4,,2529.0
2192,54.6,Female,75.6,193.4,17832,51,Swimming,94,5,2523.7,,2522.0
2193,32.7,Male,74.0,186.6,11022,69,HIIT,72,6,2241.6,,2242.0
2194,,Male,62.3,173.6,11350,59,Walking,172,8,2589.3,Morning session,2585.0
2195,53.2,Female,88.7,193.0,12818,90,Yoga,64,10,2823.3,High intensity,2824.0
2196,32.3,Female,71.1,182.1,1849,92,Yoga,99,8,2170.8,,2172.0
2197,60.7,Female,70.6,169.5,4962,45,Yoga,78,9,1911.5,,1908.0
2198,40.2,Male,104.4,179.5,5854,57,HIIT,141,9,2401.2,High intensity,2397.0
2199,23.3,Female,62.4,193.6,2539,80,Cycling,156,4,1974.0,,1978.0
2200,63.3,Female,100.6,158.6,19283,82,,63,6,2964.9,Evening workout,2963.0
2201,61.3,Male,75.2,194.4,3944,17,Running,118,3,1559.0,,1559.0
2202,60.7,Male,103.9,166.6,4244,34,Cycling,77,1,1617.3,Morning session,1620.0
2203,62.0,Male,46.2,185.9,14255,16,Cycling,169,6,2227.6,Low effort,2224.0
2204,38.8,Male,83.4,163.3,2591,115,HIIT,83,1,2073.1,,2073.0
2205,40.8,Female,105.2,168.2,16768,17,Walking,166,9,2742.6,,2738.0
2206,60.1,Male,107.4,156.0,8855,97,Cycling,152,6,2855.7,,2851.0
2207,33.1,Male,62.5,152.6,19511,90,Cycling,90,1,2603.0,,2600.0
2208,64.7,Female,61.0,182.1,2601,85,Walking,117,3,1967.9,,1965.0
2209,32.8,Female,83.8,193.3,13809,119,HIIT,87,1,2617.3,,2622.0
2210,42.8,Female,115.8,181.0,18606,40,Running,68,2,2394.4,Evening workout,2395.0
2211,53.5,Male,98.2,160.8,6690,21,Swimming,104,6,1894.9,Low effort,1897.0
2212,28.2,Female,79.8,191.7,13521,66,Cycling,149,7,2649.7,High intensity,2646.0
2213,32.4,Male,55.4,151.3,2842,75,Cycling,108,1,1671.2,Morning session,1671.0
2214,21.5,Male,105.7,175.5,11483,21,Running,170,10,2555.6,Good workout,2552.0
2215,38.5,Male,88.8,153.1,9058,36,Walking,61,5,1879.0,,1877.0
2216,30.6,Female,112.2,166.7,14704,55,Swimming,65,6,2537.6,Morning session,2540.0
2217,39.1,Male,69.9,166.1,6565,16,Cycling,88,4,1542.9,Evening workout,1538.0
2218,36.4,Female,92.7,177.4,12088,70,Running,85,6,2446.0,Good workout,2451.0
2219,51.4,Female,76.7,179.9,5488,67,Running,87,5,2004.7,Evening workout,2009.0
2220,31.8,Female,48.6,189.0,9906,67,HIIT,66,7,2071.4,Evening workout,2068.0
2221,21.6,Male,82.2,172.9,2927,22,HIIT,93,4,1440.2,Evening workout,1443.0
2222,63.9,Male,107.8,173.8,16512,62,Swimming,115,1,2572.7,,2571.0
2223,44.1,Male,91.8,178.1,9301,109,Walking,168,2,2660.1,High intensity,2660.0
2224,46.1,Female,45.3,153.8,9457,74,Running,69,6,2069.6,High intensity,2072.0
2225,64.4,Male,47.5,187.8,6492,58,HIIT,171,10,2360.7,,2363.0
2226,45.3,Male,106.5,178.1,4223,44,Walking,164,2,1968.4,Evening workout,1967.0
2227,52.7,Male,108.7,168.1,1954,103,Cycling,163,5,2491.5,High intensity,2491.0
2228,25.2,Male,61.8,176.6,10541,104,Walking,116,4,2483.0,,2482.0
2229,33.4,Male,106.8,178.4,16007,26,Swimming,106,7,2433.7,Low effort,2437.0
2230,59.1,Female,79.5,185.5,2574,81,Walking,145,4,2132.0,,2136.0
2231,53.9,Female,57.0,184.5,16674,76,Walking,86,7,2644.2,,2643.0
2232,47.9,Female,79.4,155.9,16426,19,Swimming,98,8,2356.6,Good workout,2361.0
2233,35.4,Female,87.4,172.5,8095,43,Swimming,81,7,2026.7,,2022.0
2234,19.6,Male,46.5,188.0,13023,95,Yoga,178,2,2501.8,,2502.0
2235,30.7,Female,100.1,193.1,4255,13,HIIT,78,1,1366.0,Evening workout,1368.0
2236,21.6,Male,,157.1,2058,105,Yoga,159,5,2376.2,,2376.0
2237,43.4,Female,98.3,151.1,2957,38,Walking,68,7,1755.8,Evening workout,1751.0
2238,42.6,Female,60.1,162.4,5944,55,Swimming,78,1,1601.8,Good workout,1599.0
2239,47.3,Female,62.4,189.7,6058,84,Yoga,61,8,2154.6,Evening workout,2158.0
2240,28.6,Male,51.2,170.3,3519,55,Running,151,3,1747.8,Good workout,1744.0
2241,24.3,Male,89.6,180.7,12845,86,Yoga,120,7,2757.0,Good workout,2755.0
2242,48.2,Female,80.8,185.5,3570,68,Running,118,3,1926.5,Morning session,1925.0
2243,61.4,Male,85.6,187.7,8450,70,Running,162,4,2422.9,Morning session,2424.0
2244,27.9,Female,86.6,176.1,8703,77,Cycling,145,8,2590.9,Good workout,2591.0
2245,56.5,Female,51.8,185.6,16898,75,Swimming,174,2,2629.7,Evening workout,2630.0
2246,30.4,Female,59.6,172.8,15389,43,Cycling,129,6,2364.1,,2366.0
2247,48.6,Male,104.4,170.5,16414,116,Cycling,170,10,3542.5,Low effort,3546.0
2248,24.8,Female,84.6,162.8,1744,95,Running,130,9,2344.7,,2343.0
2249,59.6,Female,81.7,186.0,4514,14,Swimming,129,10,1980.3,,1981.0
2250,59.5,Female,110.3,175.2,11871,18,Running,92,9,2354.8,,2352.0
2251,53.8,Male,99.3,189.6,14536,29,Cycling,137,5,2434.8,Low effort,2437.0
2252,37.2,Female,100.7,156.5,1175,30,Yoga,124,3,1577.0,Evening workout,1577.0
2253,21.4,Male,88.8,188.0,17949,26,Running,84,6,2307.3,Low effort,2308.0
2254,24.5,Female,101.7,171.8,4217,21,Running,129,9,1946.3,Morning session,1949.0
2255,18.8,Male,50.0,188.7,16106,101,Yoga,87,6,2662.9,,2662.0
2256,61.8,Female,76.7,172.9,14696,91,Swimming,77,4,2602.9,,2606.0
2257,62.1,Female,118.6,179.5,10586,76,Yoga,122,5,2695.5,Evening workout,2698.0
2258,59.2,Male,62.7,167.5,6802,14,Cycling,150,7,1855.3,Low effort,1856.0
2259,64.1,Male,112.6,191.9,8034,69,Yoga,108,10,2652.1,Low effort,2654.0
2260,30.7,Female,117.6,167.7,17263,62,HIIT,125,3,2764.1,Good workout,2761.0
2261,39.9,Male,51.2,159.7,10412,61,Cycling,99,9,2258.3,,2256.0
2262,38.0,Female,52.6,188.1,18331,87,Walking,144,1,2633.4,,2634.0
2263,39.7,Female,108.3,179.8,9776,57,Yoga,146,8,2559.2,High intensity,2562.0
2264,45.1,Female,51.5,175.7,12054,99,Swimming,178,5,2716.1,Low effort,2716.0
2265,26.2,Male,85.4,156.5,10812,28,Running,125,10,2352.7,,2355.0
2266,43.4,Female,84.8,156.8,12399,114,Yoga,139,9,3119.0,High intensity,3115.0
2267,26.3,Male,47.5,154.4,15963,26,Running,63,2,1807.0,Low effort,1808.0
2268,32.3,Female,61.7,150.0,11768,63,Swimming,93,1,1996.0,Low effort,2001.0
2269,27.9,Male,110.1,167.3,1531,112,Running,178,10,2820.7,Morning session,2821.0
2270,41.6,Male,96.1,162.0,18615,115,Walking,64,7,3120.1,Low effort,3122.0
2271,59.3,Female,66.1,174.2,19081,77,HIIT,172,10,3273.1,Evening workout,3275.0
2272,25.2,Male,48.9,189.3,18929,115,Swimming,157,9,3305.8,Morning session,3310.0
2273,41.4,Female,50.2,157.7,12357,44,Cycling,81,5,1981.2,Morning session,1979.0
2274,33.7,Female,82.1,159.1,2437,97,Walking,169,4,2306.5,,2311.0
2275,43.0,Female,70.2,181.3,6502,50,HIIT,79,4,1814.3,Morning session,1819.0
2276,44.8,Female,55.7,166.1,8608,22,Yoga,162,8,2069.9,,2068.0
2277,54.1,Female,61.4,187.7,6566,42,Yoga,106,1,1651.9,,1649.0
2278,21.6,Male,75.1,164.7,9808,24,HIIT,173,1,1870.0,,1866.0
2279,41.4,Female,79.5,164.3,5014,72,Cycling,136,8,2348.8,Good workout,2346.0
2280,36.5,Male,60.8,189.7,19640,24,Cycling,167,2,2344.9,Morning session,2349.0
2281,53.8,Male,62.6,169.2,14613,40,Yoga,93,10,2451.3,Morning session,2455.0
2282,56.2,Female,106.4,164.7,8399,116,HIIT,103,6,2830.5,Low effort,2832.0
2283,27.8,Male,71.1,184.9,1931,37,Swimming,65,2,1316.0,Morning session,1319.0
2284,42.4,Female,79.5,155.8,19713,19,Walking,115,5,2382.0,,2386.0
2285,35.2,Male,89.1,179.1,17777,66,Cycling,88,3,2534.8,,2534.0
2286,36.1,Male,79.1,157.7,3465,80,Walking,156,7,2281.9,Low effort,2281.0
2287,53.5,Male,72.4,180.9,16623,42,Cycling,112,9,2628.7,Low effort,2628.0
2288,27.4,Female,53.2,181.3,15008,16,Swimming,60,2,1664.2,Evening workout,1667.0
2289,50.7,Male,59.6,194.1,9817,14,Cycling,170,7,2048.7,Morning session,2050.0
2290,22.3,Female,65.9,164.6,6988,99,Yoga,118,8,2459.6,High intensity,2459.0
2291,64.3,Male,96.5,167.6,8509,89,Yoga,107,10,2777.7,,2773.0
2292,52.7,Male,79.7,162.3,13849,66,Yoga,177,8,2845.4,,2845.0
2293,61.4,Male,95.1,173.3,12071,81,Running,66,7,2612.5,Good workout,2615.0
2294,51.3,Male,99.9,189.6,15081,95,Swimming,145,4,2923.4,Morning session,2924.0
2295,50.1,Female,88.6,163.5,14228,107,Running,91,4,2752.0,,2750.0
2296,38.4,Female,109.4,177.6,12614,49,Running,137,10,2740.5,Morning session,2741.0
2297,34.1,Male,69.3,160.9,11301,37,Yoga,120,9,2264.5,Evening workout,2263.0
2298,39.2,Male,91.1,155.8,3781,119,Swimming,116,10,2725.1,Morning session,2723.0
2299,54.2,Female,100.5,174.2,11083,45,Cycling,110,9,2496.5,Low effort,2494.0
2300,32.2,Female,82.2,150.7,12374,65,Cycling,147,5,2481.5,Good workout,2477.0
2301,52.8,Female,55.3,174.1,2639,56,Yoga,78,7,1714.3,Evening workout,1716.0
2302,45.1,Female,111.0,151.8,14838,80,,86,7,2841.5,,2838.0
2303,24.3,Male,59.5,181.7,9973,49,Walking,122,9,2264.1,Evening workout,2267.0
2304,49.9,Male,45.6,162.4,14982,68,,119,7,2509.7,Evening workout,2508.0
2305,28.5,Female,51.5,182.0,13884,52,Swimming,120,8,2382.7,Morning session,2379.0
2306,27.6,Female,45.3,181.1,11248,101,Running,120,7,2549.4,,2546.0
2307,26.1,Female,93.3,173.1,11515,75,Yoga,146,4,2530.1,High intensity,2527.0
2308,31.4,Female,117.4,176.1,3274,18,Cycling,104,2,1599.3,Evening workout,1601.0
2309,30.1,Female,73.7,153.1,11830,15,Yoga,80,3,1774.7,Low effort,1776.0
2310,42.1,Female,70.2,173.1,3480,74,Swimming,103,7,2051.9,Good workout,2050.0
2311,19.9,Male,89.1,172.0,7799,12,Cycling,152,9,2061.9,Evening workout,2064.0
2312,52.1,Male,115.4,178.1,9547,83,HIIT,60,2,2303.5,Low effort,2308.0
2313,24.4,Male,56.4,183.5,15328,46,Yoga,154,7,2476.9,Morning session,2476.0
2314,38.0,Female,76.4,170.7,13679,117,Swimming,150,4,2937.2,,2939.0
2315,35.6,Female,64.5,179.1,14928,96,Running,103,7,2759.1,,2760.0
2316,20.8,Female,95.2,175.1,11659,42,Swimming,159,5,2360.8,Evening workout,2357.0
2317,59.1,Male,80.7,169.9,7104,18,HIIT,121,7,1942.9,Low effort,1939.0
2318,56.7,Female,111.7,165.3,17547,62,Cycling,120,6,2908.8,,2905.0
2319,58.8,Female,45.7,152.9,13925,86,Swimming,150,2,2463.4,Evening workout,2465.0
2320,28.8,Male,71.1,186.7,4381,101,Walking,138,7,2406.8,Morning session,2404.0
2321,56.3,Female,84.5,189.8,3064,60,Swimming,148,5,2061.7,High intensity,2061.0
2322,41.8,Male,58.3,193.2,7589,80,Walking,171,9,2499.9,Low effort,2499.0
2323,63.2,Male,113.4,174.7,8447,35,HIIT,138,1,2056.1,,2056.0
2324,36.8,Female,50.2,172.8,1339,25,Cycling,163,1,1350.3,High intensity,1346.0
2325,21.8,Male,77.1,193.7,6130,49,Walking,142,2,1843.2,Morning session,
2326,43.6,Female,99.1,150.5,8733,99,Running,170,8,2904.1,,2904.0
2327,55.3,Male,63.2,182.7,14110,60,HIIT,109,9,2567.7,,2572.0
2328,59.2,Female,73.1,164.1,6049,48,Running,134,7,2127.4,,2128.0
2329,49.3,Male,105.7,166.5,11318,64,Running,100,1,2227.0,Morning session,2231.0
2330,56.3,Female,114.2,183.2,13633,105,Walking,92,7,3029.9,Low effort,3034.0
2331,62.6,Male,68.7,166.9,16608,45,Swimming,164,8,2752.1,Low effort,2749.0
2332,63.1,Male,67.3,190.3,1638,115,Cycling,146,7,2426.9,,2424.0
2333,53.2,Male,54.4,193.9,8709,74,Swimming,71,5,2085.5,,2085.0
2334,57.4,Female,98.6,153.4,6143,94,Walking,61,7,2423.1,,2421.0
2335,54.8,Female,85.4,162.6,2224,86,Swimming,166,10,2537.0,High intensity,2535.0
2336,50.4,Male,93.2,153.3,15466,99,Cycling,80,2,2673.0,Low effort,2671.0
2337,53.7,Female,61.8,156.2,16279,54,Cycling,73,9,2510.1,,2515.0
2338,20.4,Male,100.7,158.4,13102,18,HIIT,93,2,1908.5,Morning session,1908.0
2339,26.8,Female,89.0,172.0,5245,46,Swimming,138,2,1836.1,Morning session,1832.0
2340,25.9,Male,74.0,182.1,10741,96,Walking,144,5,2624.2,,2621.0
2341,50.7,Female,88.4,182.2,8407,10,Yoga,123,8,2022.3,Good workout,2020.0
2342,23.4,Male,118.2,169.8,15790,75,Walking,82,6,2736.8,Low effort,2732.0
2343,58.5,Male,99.1,153.3,16642,72,Cycling,144,9,3070.6,High intensity,3071.0
2344,56.4,Male,63.4,150.4,10567,52,Cycling,109,6,2180.7,High intensity,2181.0
2345,21.6,Male,73.3,191.0,9859,37,Walking,73,5,1852.7,Good workout,1855.0
2346,30.0,Female,46.7,183.9,6768,109,HIIT,144,1,2187.3,Good workout,2191.0
2347,19.8,Male,80.4,176.4,19758,40,Swimming,135,8,2738.7,Good workout,2740.0
2348,22.2,Female,63.3,170.4,18399,114,Running,165,3,3040.8,,3044.0
2349,61.0,Female,51.3,173.3,1335,78,Walking,105,2,1716.5,High intensity,1714.0
2350,44.3,Male,70.8,164.1,13953,110,Yoga,177,7,3085.7,Low effort,3084.0
2351,49.3,Female,82.1,184.7,16330,98,Swimming,170,2,2902.8,High intensity,2900.0
2352,38.9,Female,47.5,174.4,17464,17,Cycling,64,1,1734.4,,1739.0
2353,25.1,Female,110.2,158.9,3134,43,Swimming,125,2,1753.4,Good workout,1755.0
2354,55.9,Male,115.7,166.8,17641,112,Walking,81,6,3217.6,High intensity,3217.0
2355,25.3,Female,87.0,170.5,1184,58,Cycling,129,2,1707.7,Evening workout,1710.0
2356,20.5,Female,106.5,162.4,17506,105,Cycling,167,1,3044.3,Good workout,3048.0
2357,61.0,Male,115.5,152.7,9056,67,Swimming,61,1,2100.9,High intensity,2097.0
2358,20.9,Male,68.4,153.5,8263,84,Yoga,88,4,2122.6,Low effort,2121.0
2359,39.5,Female,83.5,153.8,14191,56,HIIT,120,8,2600.0,High intensity,2602.0
2360,23.4,Male,112.2,192.4,4514,34,Swimming,159,6,2111.1,Low effort,2115.0
2361,19.4,Female,88.4,177.8,7077,12,Yoga,130,4,1724.7,,1723.0
2362,40.1,Female,49.6,156.1,18778,54,Running,75,6,2425.2,,2423.0
2363,61.7,Female,99.4,175.5,3352,61,HIIT,123,6,2142.6,,2147.0
2364,19.0,Male,74.4,160.8,16716,105,Yoga,156,9,3189.4,Good workout,3193.0
2365,55.8,Female,73.8,173.3,10500,108,Cycling,156,4,2735.6,,2740.0
2366,34.3,Male,70.6,192.4,15992,105,HIIT,73,6,2765.6,,2767.0
2367,52.7,Male,70.6,159.3,11133,43,Yoga,102,10,2388.4,Morning session,2389.0
2368,51.1,Female,81.3,186.1,7405,110,Yoga,135,1,2393.4,,2394.0
2369,40.1,Male,97.8,162.2,17874,78,Walking,102,7,2941.3,Good workout,2942.0
2370,47.3,Male,74.8,193.7,18438,118,Yoga,129,7,3276.4,Low effort,3280.0
2371,25.1,Male,47.2,191.7,18085,101,,114,1,2591.6,Morning session,2587.0
2372,39.3,Male,87.3,188.5,3934,101,Swimming,135,8,2520.8,Low effort,2525.0
2373,61.0,Male,51.8,168.6,15347,17,HIIT,176,5,2258.0,,2254.0
2374,53.5,Female,93.6,168.5,14502,36,Swimming,90,9,2486.2,Good workout,2485.0
2375,22.4,Male,117.6,161.9,14711,89,HIIT,135,8,3114.9,Morning session,3116.0
2376,30.6,Female,85.6,171.6,14848,72,Running,133,3,2544.0,,2545.0
2377,46.2,Female,98.2,186.3,15426,91,Running,99,1,2599.3,High intensity,2602.0
2378,48.8,Female,113.2,179.0,5695,34,Cycling,86,3,1810.2,High intensity,1811.0
2379,64.5,Female,71.6,161.4,17203,67,HIIT,111,2,2536.5,High intensity,2538.0
2380,33.5,Female,52.9,178.7,16860,57,HIIT,174,2,2487.3,Good workout,2492.0
2381,59.3,Female,76.5,170.4,15097,10,Yoga,66,4,1941.6,Evening workout,1938.0
2382,47.6,Male,108.7,160.2,15636,17,Walking,105,2,2180.4,,2182.0
2383,33.7,Male,54.7,186.8,9843,30,Swimming,159,8,2181.4,,2182.0
2384,29.8,Male,57.1,167.1,17800,107,Walking,92,5,2799.4,Morning session,2795.0
2385,34.4,Female,107.5,193.7,16573,97,Swimming,150,1,2915.7,,2915.0
2386,33.5,Male,79.8,176.8,6566,110,HIIT,67,6,2409.3,,2406.0
2387,29.3,Male,105.6,186.6,6999,99,Yoga,64,7,2487.3,Low effort,2483.0
2388,25.4,Male,98.8,161.2,4866,87,Yoga,120,1,2088.0,Good workout,2083.0
2389,37.4,Female,52.4,172.4,9937,38,Swimming,131,3,1889.2,,1885.0
2390,20.8,Male,73.9,183.3,3002,39,Cycling,163,9,2039.7,Low effort,2043.0
2391,33.1,Female,85.5,187.5,17623,12,Walking,119,7,2378.7,Low effort,2378.0
2392,47.1,Male,74.7,172.7,19328,16,Running,144,4,2366.1,,2371.0
2393,62.8,Female,65.7,174.3,10047,109,Yoga,83,6,2581.8,,2584.0
2394,40.5,Female,55.6,153.8,16925,20,Running,66,6,2038.3,Evening workout,2041.0
2395,45.7,Female,46.6,179.0,13707,41,HIIT,120,3,2024.1,Evening workout,2028.0
2396,57.8,Male,94.3,179.2,11790,68,Yoga,142,2,2432.5,,2434.0
2397,22.8,Male,85.2,162.3,16301,21,Yoga,154,5,2362.6,,2363.0
2398,37.7,Female,110.2,191.8,16596,88,Walking,95,8,3020.2,,3025.0
2399,57.6,Male,47.6,163.6,2353,47,Cycling,86,3,1457.0,Good workout,1458.0
2400,61.6,Female,95.5,157.3,11227,33,HIIT,88,5,2125.2,High intensity,2129.0
2401,18.9,Female,112.8,173.1,16828,74,Cycling,146,3,2830.5,,2833.0
2402,47.1,Male,69.2,167.5,18063,27,HIIT,79,7,2344.3,High intensity,2345.0
2403,38.5,Male,74.8,184.1,9678,55,Swimming,129,6,2252.0,Morning session,2253.0
2404,37.8,Male,55.5,174.2,13910,65,Walking,135,6,2465.2,,2467.0
2405,23.4,Female,61.4,166.6,7864,72,Cycling,173,1,2113.9,High intensity,2118.0
2406,39.3,Female,70.1,181.0,15716,16,Walking,135,2,2066.3,High intensity,2064.0
2407,35.4,Male,67.5,173.1,18868,115,Swimming,173,6,3261.6,High intensity,3258.0
2408,25.2,Female,100.8,156.2,16150,114,Walking,62,8,3041.6,Evening workout,3045.0
2409,56.1,Male,96.1,162.5,18074,75,Running,165,5,3040.9,Evening workout,3042.0
2410,49.6,Female,92.6,176.0,7125,49,Walking,98,2,1855.5,Morning session,1856.0
2411,50.2,Male,64.3,154.3,10204,63,Walking,158,5,2366.4,Low effort,2366.0
2412,33.9,Male,46.7,185.6,3347,40,Swimming,142,9,1844.9,Good workout,1842.0
2413,29.5,Female,75.0,175.4,15743,106,Swimming,104,6,2864.1,,2865.0
2414,55.9,,71.8,191.3,4708,61,HIIT,127,5,2006.0,Good workout,2005.0
2415,51.4,Male,46.4,194.3,11114,103,Swimming,90,10,2703.5,High intensity,2706.0
2416,31.5,Female,48.1,180.4,1637,40,HIIT,165,6,1712.3,Morning session,1711.0
2417,53.8,Male,57.9,159.1,6866,43,HIIT,97,9,2012.5,,2010.0
2418,50.5,Female,79.7,175.2,4008,16,Running,156,7,1833.2,Low effort,1830.0
2419,40.7,Male,116.1,171.8,17251,98,Cycling,65,10,3208.7,Morning session,3204.0
2420,62.1,Female,110.4,161.6,6600,25,Yoga,67,3,1785.6,Low effort,1786.0
2421,19.7,Male,50.7,181.9,12649,31,Swimming,87,10,2122.6,,2124.0
2422,58.0,Male,75.5,176.2,12366,109,HIIT,74,10,2867.6,,2866.0
2423,38.9,Male,54.3,182.8,12880,62,Swimming,154,5,2403.3,,2401.0
2424,19.0,Male,65.2,169.2,18783,100,Walking,67,4,2706.7,Morning session,2708.0
2425,44.8,Female,118.2,188.0,18889,26,Cycling,113,5,2621.3,Morning session,2626.0
2426,26.7,Female,67.8,190.1,9441,13,HIIT,65,8,1753.5,Morning session,1757.0
2427,18.4,Female,47.8,189.4,6320,70,HIIT,88,6,1914.8,,1913.0
2428,,Female,76.3,162.2,9727,108,Swimming,174,4,2685.3,Good workout,2688.0
2429,20.7,Female,64.1,163.0,12724,114,Walking,169,5,2883.8,,2887.0
2430,40.7,Female,118.3,193.3,7443,95,Cycling,93,7,2615.4,Low effort,2620.0
2431,43.2,Female,73.4,189.7,14394,61,Cycling,66,8,2454.3,Low effort,2451.0
2432,21.7,Male,96.7,171.6,7952,44,Cycling,99,5,2025.4,,2026.0
2433,35.7,Male,90.3,167.4,9649,53,Running,133,2,2133.7,Good workout,2129.0
2434,23.7,Male,78.0,178.3,4369,24,Walking,72,6,1594.2,,1593.0
2435,52.4,Male,105.1,192.5,8983,70,Cycling,121,9,2676.5,Good workout,2677.0
2436,39.4,Female,116.8,165.4,12888,113,Running,145,3,2984.5,Evening workout,2981.0
2437,60.3,Female,115.6,184.8,6635,53,Yoga,144,7,2476.6,Low effort,2472.0
2438,32.8,Female,114.6,183.3,5069,30,HIIT,175,8,2272.9,Evening workout,2271.0
2439,39.0,Male,55.0,152.5,7251,86,HIIT,124,6,2282.1,,2278.0
2440,54.7,Female,107.3,153.8,12579,56,HIIT,100,3,2358.9,Evening workout,2356.0
2441,59.4,Male,65.6,154.3,6737,84,HIIT,101,1,2006.3,Evening workout,2003.0
2442,29.3,Female,47.5,159.4,10439,58,Yoga,175,3,2116.2,Evening workout,2115.0
2443,64.8,Female,54.0,178.6,3573,62,Running,125,6,1953.0,Morning session,1958.0
2444,59.2,Female,71.9,181.8,1125,36,Running,175,4,1710.4,,1715.0
2445,55.6,Female,56.1,180.7,10421,40,Walking,152,1,1948.9,High intensity,1946.0
2446,35.2,Male,51.1,151.3,12403,53,Yoga,70,6,2073.2,Evening workout,2069.0
2447,62.3,Male,61.4,161.5,2306,41,Running,160,1,1600.5,High intensity,1604.0
2448,52.6,Female,109.7,176.8,3101,39,Cycling,109,8,2029.1,High intensity,2030.0
2449,47.3,Male,108.2,154.1,15681,27,Yoga,130,3,2359.6,Morning session,2359.0
2450,41.3,Female,70.2,186.3,1135,72,Swimming,94,3,1715.0,,1711.0
2451,59.8,Female,59.1,176.3,8311,25,Cycling,153,1,1728.8,Evening workout,1725.0
2452,47.3,Female,77.3,172.4,18843,44,Cycling,139,3,2523.0,,2522.0
2453,31.0,Female,106.1,182.0,1812,71,HIIT,138,7,2191.2,Morning session,2193.0
2454,23.3,Male,91.8,153.3,11130,18,Swimming,163,10,2403.1,Evening workout,2407.0
2455,20.0,Female,79.3,170.7,18254,71,Cycling,79,8,2726.1,,2730.0
2456,33.3,Female,109.7,173.4,16227,48,Cycling,87,8,2667.3,Good workout,2667.0
2457,24.1,Male,116.7,193.1,14760,60,Running,96,3,2530.6,Low effort,2528.0
2458,31.2,Female,69.5,180.6,9826,110,Walking,62,5,2396.1,Evening workout,2400.0
2459,26.3,Male,101.7,193.3,14939,19,Yoga,152,1,2149.9,Evening workout,2146.0
2460,32.5,Female,76.4,173.2,1668,61,HIIT,118,9,2044.6,Low effort,2041.0
2461,38.2,Female,107.0,159.2,18677,21,Running,160,8,2768.3,Good workout,2769.0
2462,52.1,Female,56.3,151.6,9460,81,Walking,132,10,2626.4,Good workout,2622.0
2463,19.2,Female,107.3,180.8,9673,71,Walking,86,2,2179.5,Evening workout,2175.0
2464,44.2,Female,45.5,174.1,4390,12,Walking,91,10,1617.6,,1619.0
2465,19.2,,95.8,153.7,10453,92,HIIT,107,1,2349.7,Evening workout,2351.0
2466,52.1,Male,114.8,160.3,16904,20,Yoga,105,4,2404.2,Morning session,2405.0
2467,35.1,Female,52.3,166.6,16396,17,Running,173,9,2441.7,Evening workout,2445.0
2468,31.6,Male,112.0,193.8,5334,99,Running,162,8,2763.0,High intensity,2758.0
2469,37.5,,49.4,151.4,17285,118,Yoga,154,3,2927.3,,2928.0
2470,35.8,Female,83.4,155.1,3235,32,Yoga,106,10,1943.9,,1947.0
2471,27.9,Male,67.6,158.5,6019,19,Walking,149,6,1790.0,Morning session,1789.0
2472,42.3,Female,112.0,154.5,19961,27,HIIT,99,9,2846.1,,2844.0
2473,19.4,Male,96.7,169.7,1675,85,Swimming,62,10,2171.5,Good workout,2172.0
2474,42.7,Female,48.4,178.7,19823,48,Cycling,134,8,2700.9,,2697.0
2475,50.3,Male,91.6,170.1,10873,35,Swimming,175,10,2597.1,,2599.0
2476,53.2,Male,65.6,158.1,6587,20,HIIT,88,5,1616.9,High intensity,1620.0
2477,48.8,Female,100.2,177.4,6945,19,Swimming,150,9,2201.5,Good workout,2199.0
2478,31.3,Male,110.9,157.8,5767,12,Cycling,117,9,1991.3,High intensity,1995.0
2479,18.2,Female,103.2,180.9,8004,71,Yoga,109,3,2185.8,Morning session,2183.0
2480,63.4,Female,51.8,169.2,8728,80,Walking,170,8,2566.9,Evening workout,2566.0
2481,33.4,Female,93.8,176.1,7609,70,Yoga,69,4,2068.0,High intensity,2068.0
2482,63.9,Female,60.7,157.4,8131,13,Running,120,10,2002.0,Good workout,2002.0
2483,20.3,Female,61.4,170.3,18696,70,HIIT,158,7,2877.5,,2878.0
2484,52.8,Male,119.9,177.4,5099,113,Walking,170,10,3050.5,Morning session,3055.0
2485,58.1,Male,78.6,172.7,19038,17,Walking,120,8,2547.4,Low effort,2544.0
2486,23.1,Male,77.7,155.5,16859,111,HIIT,82,7,2940.3,,2939.0
2487,42.7,Female,70.1,152.5,16582,22,Walking,65,5,2104.6,Morning session,2106.0
2488,30.6,Male,110.5,154.6,18669,21,Yoga,134,1,2330.1,Evening workout,2327.0
2489,51.6,Male,107.8,158.6,12639,44,Walking,119,8,2563.3,Low effort,2564.0
2490,25.4,Male,85.0,156.4,6180,111,Running,166,5,2629.4,Evening workout,2634.0
2491,38.7,Male,102.0,153.7,18763,63,Walking,174,3,2883.3,Low effort,2887.0
2492,51.4,Male,54.0,188.1,17192,60,Swimming,86,2,2257.4,Low effort,2256.0
2493,21.8,Female,59.4,154.6,18029,52,Swimming,114,3,2361.3,Evening workout,2359.0
2494,42.7,Female,86.3,160.6,6412,109,Walking,90,9,2581.2,Good workout,2581.0
2495,32.0,Male,101.5,164.4,5652,75,Yoga,89,2,2018.3,Low effort,2019.0
2496,21.0,Female,61.9,183.5,7834,24,Yoga,126,10,1992.3,Evening workout,1997.0
2497,62.1,Female,104.2,162.6,5451,58,Walking,72,1,1838.1,Good workout,1835.0
2498,29.0,Male,53.8,156.2,8084,43,Yoga,118,2,1742.9,Morning session,1746.0
2499,49.6,Male,80.4,189.8,13862,48,HIIT,113,2,2210.7,High intensity,2213.0
2500,49.4,Female,117.7,155.7,15692,35,Running,163,5,2661.5,Morning session,2663.0
2501,45.4,Male,80.5,188.2,17748,78,Walking,80,1,2464.0,Morning session,2461.0
2502,30.2,Female,92.5,179.0,3655,57,Cycling,102,10,2165.7,Low effort,2163.0
2503,48.7,Female,95.2,171.0,8433,98,Yoga,70,8,2559.1,Evening workout,2559.0
2504,31.2,Male,114.4,174.5,2314,60,Running,168,2,2051.3,Low effort,2055.0
2505,37.5,Female,118.2,177.8,15902,107,Walking,126,6,3166.3,,3171.0
2506,35.1,Female,112.6,169.6,6272,13,Cycling,97,5,1789.0,Evening workout,1788.0
2507,46.6,Female,66.3,188.5,1218,107,Cycling,154,2,2065.5,High intensity,2061.0
2508,23.5,Male,50.1,152.1,5703,36,HIIT,83,10,1782.5,Low effort,1780.0
2509,49.5,Male,70.2,154.8,16994,51,Yoga,165,1,2445.6,High intensity,2446.0
2510,46.3,Male,119.4,150.1,2539,65,HIIT,110,6,2228.0,,2227.0
2511,60.5,Male,47.1,164.4,14145,102,Swimming,135,6,2776.4,Good workout,2772.0
2512,19.5,Female,96.6,175.4,18986,78,Yoga,120,3,2812.6,,2815.0
2513,40.3,Male,118.2,152.3,6064,27,Yoga,105,8,2098.4,Morning session,2094.0
2514,36.5,Male,104.2,189.1,14788,70,Running,102,9,2871.5,Evening workout,2867.0
2515,48.6,Male,107.5,190.5,18489,13,Walking,86,3,2265.9,High intensity,2265.0
2516,22.5,,109.7,191.2,12603,10,Yoga,144,9,2353.2,,2356.0
2517,36.5,Female,96.8,183.0,3488,59,HIIT,148,8,2239.5,,2237.0
2518,51.4,Female,58.4,154.7,19802,93,Yoga,89,5,2805.3,,2807.0
2519,27.6,Female,116.7,180.4,17411,79,HIIT,153,6,3072.2,Low effort,3077.0
2520,42.8,Male,112.4,162.2,9207,29,Walking,122,1,1960.4,Morning session,1959.0
2521,19.6,Male,72.7,192.4,13770,29,Running,69,5,1962.2,High intensity,1962.0
2522,28.8,Female,115.0,150.2,8977,55,Cycling,62,10,2399.7,Evening workout,2397.0
2523,48.3,Male,54.5,171.1,5661,36,HIIT,136,10,2065.1,Evening workout,2063.0
2524,32.8,Male,101.5,164.3,5549,35,Cycling,119,7,2023.3,Evening workout,2023.0
2525,26.6,Female,110.7,175.2,16029,41,Swimming,86,1,2246.1,Morning session,2249.0
2526,40.7,Female,94.5,167.4,5973,19,Walking,141,10,2107.9,Morning session,2111.0
2527,36.6,Male,58.3,158.7,9436,91,Swimming,104,9,2546.7,Evening workout,2542.0
2528,26.2,Male,60.4,150.1,11086,114,Swimming,121,7,2761.3,,2757.0
2529,52.8,Male,98.7,192.6,18740,21,Walking,83,4,2308.3,Evening workout,2308.0
2530,38.9,Female,87.6,158.1,7964,83,Cycling,105,4,2272.0,Low effort,2268.0
2531,26.3,Female,86.5,172.4,15842,97,Walking,137,10,3159.5,Good workout,3156.0
2532,45.4,Female,66.4,192.4,2745,33,Running,162,7,1845.6,High intensity,1843.0
2533,63.7,Female,112.6,194.5,13697,60,Yoga,103,6,2677.8,High intensity,2677.0
2534,24.0,Male,63.7,151.3,4879,47,HIIT,122,3,1699.3,,1703.0
2535,33.6,Female,110.3,163.1,19499,55,Swimming,63,9,2846.5,High intensity,2851.0
2536,33.5,Female,83.4,187.6,3267,98,HIIT,75,6,2181.1,High intensity,2181.0
2537,50.4,Male,117.4,189.1,19651,17,Yoga,110,2,2464.2,Morning session,2461.0
2538,21.1,Male,63.5,167.4,10688,64,Walking,133,10,2471.0,Morning session,2475.0
2539,21.2,Male,60.5,165.6,16065,87,HIIT,171,2,2641.1,Evening workout,2642.0
2540,56.5,Female,98.2,178.4,11988,116,Walking,160,1,2878.6,Low effort,2876.0
2541,57.9,Male,69.5,193.2,5481,40,Yoga,150,5,1969.4,High intensity,1971.0
2542,34.7,Male,62.1,160.7,1929,97,Swimming,107,10,2294.2,High intensity,2299.0
2543,54.9,Female,67.6,155.7,8773,25,Yoga,124,6,2001.5,High intensity,2003.0
2544,56.4,Female,55.4,152.0,4324,29,Swimming,128,3,1574.3,Evening workout,1577.0
2545,46.7,Male,83.1,163.0,5587,47,Cycling,136,4,1990.8,Morning session,1995.0
2546,53.9,Female,112.6,151.0,1356,24,Yoga,104,5,1741.6,,1741.0
2547,55.6,Male,69.6,181.6,16787,87,Running,62,4,2580.1,,2576.0
2548,56.2,Male,107.6,180.3,6499,85,Yoga,76,9,2511.3,Evening workout,2514.0
2549,54.1,Female,74.3,160.0,4841,43,HIIT,142,3,1843.7,,1845.0
2550,52.1,Male,89.4,171.8,13122,81,Swimming,96,5,2624.7,High intensity,2622.0
2551,24.7,Female,105.4,152.0,14409,28,Swimming,64,7,2290.4,,2295.0
2552,44.8,Female,95.3,180.4,8059,119,HIIT,106,7,2783.8,Low effort,2788.0
2553,45.4,Female,53.8,182.3,1665,78,Walking,165,6,2053.2,Good workout,2053.0
2554,39.4,Male,46.1,173.7,11220,100,Walking,103,9,2602.4,High intensity,2602.0
2555,31.0,Female,49.1,150.7,11774,72,Cycling,147,7,2460.2,,2464.0
2556,24.8,Female,106.3,193.6,1553,114,Swimming,166,4,2443.2,,2442.0
2557,54.3,Male,113.3,164.1,14860,86,Running,92,10,3057.4,High intensity,3060.0
2558,39.2,Male,96.7,186.8,8045,41,Running,178,9,2472.8,,2476.0
2559,22.1,Male,49.5,176.7,10380,104,Cycling,80,6,2351.4,,2354.0
2560,19.6,Male,103.0,187.2,1149,114,Cycling,126,1,2160.8,Evening workout,2157.0
2561,44.7,Female,112.0,176.3,17373,119,Walking,127,9,3519.1,High intensity,3518.0
2562,38.6,Female,53.5,193.5,14343,46,Cycling,174,7,2476.5,Morning session,2477.0
2563,55.2,Female,66.6,161.7,3853,75,Cycling,91,6,1997.7,Evening workout,1993.0
2564,32.0,Male,71.8,152.5,11128,16,HIIT,83,6,1827.1,High intensity,1823.0
2565,38.0,Male,54.1,179.7,13580,57,Swimming,175,4,2419.7,Low effort,2417.0
2566,27.4,Female,105.8,181.4,16254,20,Cycling,94,4,2199.5,High intensity,2203.0
2567,40.6,Male,95.9,172.8,3736,84,Cycling,77,3,2005.2,,2008.0
2568,56.5,Male,54.1,151.8,1956,96,Walking,126,8,2228.0,Morning session,2231.0
2569,22.2,Female,50.2,156.8,12440,40,Yoga,162,8,2366.5,Low effort,2365.0
2570,18.7,Female,106.8,183.6,6180,53,Cycling,113,2,1975.9,Morning session,1971.0
2571,30.5,Male,49.8,181.7,9607,54,HIIT,85,5,1896.6,Low effort,1898.0
2572,38.3,Male,114.7,188.7,12646,81,Cycling,119,9,2965.9,High intensity,2969.0
2573,43.8,Male,107.8,181.1,15342,65,HIIT,176,9,3078.3,Good workout,3075.0
2574,62.6,Female,100.9,192.4,6013,41,HIIT,147,7,2222.8,High intensity,2227.0
2575,38.1,Female,103.8,192.7,1084,30,Yoga,124,4,1646.4,Good workout,1647.0
2576,35.8,Female,107.5,163.3,2935,40,HIIT,110,4,1796.7,,1795.0
2577,54.6,Female,103.2,152.7,10608,10,Swimming,173,10,2491.0,,2495.0
2578,62.1,Female,95.4,181.1,10262,86,Swimming,157,7,2761.9,,2764.0
2579,49.7,Male,94.7,192.4,12604,20,Walking,119,3,2101.5,Morning session,2102.0
2580,53.4,Male,48.2,185.7,10713,102,Cycling,118,3,2418.8,Good workout,2418.0
2581,34.2,Male,92.8,166.1,18885,77,Running,135,5,2946.5,,2946.0
2582,52.1,Female,76.7,152.6,3473,45,HIIT,76,6,1737.0,Morning session,1733.0
2583,28.2,Female,95.5,159.2,1735,88,Walking,144,8,2355.8,Morning session,2351.0
2584,38.2,Female,96.1,189.5,3838,68,Cycling,80,1,1799.5,Morning session,1798.0
2585,43.2,Male,118.4,167.3,3562,76,Yoga,126,7,2407.8,Evening workout,2409.0
2586,21.0,Female,78.8,152.1,14440,65,Cycling,167,8,2758.9,Evening workout,2758.0
2587,51.1,,80.6,188.2,4906,60,Cycling,87,5,1950.6,High intensity,1953.0
2588,35.3,Male,114.6,159.8,2272,38,Yoga,148,10,2193.8,Morning session,2189.0
2589,57.9,Female,87.8,158.3,5836,94,Walking,103,2,2199.5,,2198.0
2590,52.1,Male,60.6,160.4,2862,11,Swimming,129,4,1450.2,Morning session,1448.0
2591,58.2,Female,103.1,182.3,5226,15,Yoga,121,6,1889.4,Morning session,1891.0
2592,46.5,Female,,185.4,13610,40,Running,101,9,2494.6,Evening workout,2498.0
2593,46.4,Male,63.7,175.3,10014,63,Cycling,153,2,2174.6,Low effort,2173.0
2594,55.5,Male,85.1,176.1,17926,97,Running,155,4,3075.8,Morning session,3080.0
2595,59.8,Male,91.7,187.7,7209,49,Yoga,81,10,2272.5,High intensity,2271.0
2596,38.8,Male,98.2,171.3,11270,26,Swimming,97,5,2023.5,High intensity,2028.0
2597,59.5,Male,99.3,175.6,18268,14,HIIT,73,8,2426.0,High intensity,2430.0
2598,30.5,Male,63.8,171.6,4649,11,Swimming,157,8,1726.4,,1730.0
2599,58.6,Female,106.5,154.9,15126,67,Walking,166,2,2725.6,,2723.0
2600,34.2,Female,103.7,184.1,17073,21,Walking,170,6,2613.1,High intensity,2617.0
2601,26.5,Male,109.4,151.9,4666,14,Swimming,85,6,1685.1,Evening workout,1686.0
2602,58.4,Female,112.4,184.2,14357,115,Yoga,99,5,3044.2,Evening workout,3048.0
2603,18.4,Male,72.2,158.8,16448,69,Cycling,113,8,2671.0,,2674.0
2604,19.7,Female,62.2,167.8,10913,50,Walking,72,10,2182.6,,2184.0
2605,46.9,Male,70.4,192.2,9566,29,Running,153,2,1888.6,Evening workout,1892.0
2606,50.6,Female,63.8,161.6,16605,81,Cycling,78,2,2443.5,,2444.0
2607,27.5,Female,99.7,152.2,1557,10,Running,101,7,1571.4,High intensity,1568.0
2608,57.5,Female,101.1,167.8,10472,65,Swimming,100,9,2623.5,Morning session,2628.0
2609,38.8,Female,50.7,187.1,12615,79,Running,109,3,2269.9,High intensity,2274.0
2610,45.1,Female,45.9,156.6,7040,65,Cycling,162,7,2236.2,Good workout,2239.0
2611,28.8,Male,52.8,182.9,14884,63,Cycling,62,3,2070.1,Morning session,2072.0
2612,51.3,Male,95.0,155.3,2128,20,Running,90,6,1644.6,Low effort,1640.0
2613,25.4,Male,69.7,167.1,18744,12,HIIT,135,3,2204.5,High intensity,2204.0
2614,39.3,Female,91.6,194.3,10292,104,Yoga,74,1,2345.5,Good workout,2344.0
2615,25.4,Male,99.6,171.8,6349,37,Running,113,6,2020.9,Evening workout,2016.0
2616,32.7,Female,108.8,188.6,13319,116,Cycling,112,3,2904.8,,2908.0
2617,34.2,Female,54.6,158.8,10823,14,Running,104,1,1551.8,Morning session,1552.0
2618,40.1,Female,100.3,184.8,1057,99,Running,97,5,2180.7,,2176.0
2619,41.5,Male,56.3,172.5,9503,25,Cycling,163,8,2119.2,,2115.0
2620,62.5,Female,77.0,161.3,11193,40,Cycling,137,8,2425.8,,2426.0
2621,36.8,Male,115.0,173.1,6493,37,HIIT,158,8,2331.5,,2332.0
2622,22.6,Male,61.5,189.7,4877,16,Running,139,3,1490.8,Good workout,1494.0
2623,49.6,Female,105.2,158.3,3282,111,Cycling,109,8,2601.1,Evening workout,2601.0
2624,61.4,Female,54.0,162.1,12375,18,Walking,83,4,1790.0,Morning session,1792.0
2625,18.5,Male,75.7,189.5,2431,48,Running,76,8,1705.3,,1710.0
2626,40.3,Male,104.7,191.2,13526,108,Yoga,77,3,2742.3,High intensity,2739.0
2627,54.2,Male,114.7,166.9,2775,52,Walking,101,3,1887.1,Good workout,1885.0
2628,25.4,Male,61.5,156.6,12351,36,Running,76,1,1773.6,,1775.0
2629,30.0,Male,94.6,166.4,15639,85,HIIT,75,8,2843.0,Evening workout,2841.0
2630,25.5,Male,81.8,173.2,5385,98,Running,144,8,2561.2,Low effort,2564.0
2631,40.9,Female,106.3,151.7,16203,116,Walking,147,9,3453.9,,3453.0
2632,60.4,Male,116.3,184.5,4974,102,Running,157,6,2745.5,,2750.0
2633,18.4,Male,73.3,177.3,6905,104,Yoga,111,2,2212.7,Evening workout,2214.0
2634,62.5,Male,76.3,168.4,5465,107,HIIT,95,1,2187.9,Good workout,2184.0
2635,41.1,Male,55.6,182.8,7945,42,Swimming,166,8,2175.3,Good workout,2179.0
2636,52.4,Female,50.7,170.2,12058,100,HIIT,150,10,2854.4,Good workout,2858.0
2637,41.1,Female,79.5,159.3,13636,65,Running,98,4,2389.8,Evening workout,2386.0
2638,34.3,Male,77.5,194.2,3302,11,Yoga,140,7,1690.5,High intensity,1690.0
2639,22.2,Male,62.1,158.4,5966,23,Running,84,10,1758.7,Good workout,1761.0
2640,37.0,Male,81.7,187.1,14447,22,Cycling,174,4,2305.9,,2309.0
2641,38.3,Female,57.5,155.3,19426,33,HIIT,161,1,2339.4,Evening workout,2339.0
2642,57.4,Female,118.0,191.3,15162,78,Yoga,101,8,3012.3,Good workout,3010.0
2643,48.6,Female,108.4,184.7,17058,43,Yoga,80,10,2771.1,,2770.0
2644,63.5,Female,45.1,167.5,9714,96,HIIT,127,9,2600.2,High intensity,2605.0
2645,53.4,Female,107.5,168.7,11899,28,HIIT,148,10,2596.4,,2594.0
2646,28.1,Female,78.1,154.2,3998,39,HIIT,118,9,1950.3,,1952.0
2647,32.3,Male,54.1,174.8,1909,58,Swimming,89,9,1810.3,,1808.0
2648,36.8,Female,51.3,160.0,13729,52,Running,116,4,2180.8,Good workout,2179.0
2649,24.6,Female,100.5,159.2,2880,25,HIIT,92,9,1812.4,,1813.0
2650,45.2,Male,81.0,166.2,13497,61,Running,162,4,2549.8,Good workout,2551.0
2651,60.6,Female,73.2,185.8,19944,113,Cycling,149,2,3114.1,,3111.0
2652,22.1,Male,56.0,175.1,8527,107,HIIT,148,10,2755.5,Good workout,2757.0
2653,22.8,Female,61.5,180.6,6696,58,HIIT,112,3,1816.0,High intensity,1818.0
2654,47.0,,92.0,181.6,4072,20,Cycling,75,2,1435.8,High intensity,1438.0
2655,49.1,Male,70.0,170.5,13018,87,Yoga,108,1,2335.4,Morning session,2332.0
2656,25.8,Male,56.7,167.4,5476,56,Swimming,147,6,2013.7,Morning session,2011.0
2657,27.5,Male,65.4,167.1,12067,88,Cycling,64,4,2274.6,Morning session,2272.0
2658,55.4,Male,86.5,150.5,5489,44,HIIT,177,7,2252.2,Morning session,2254.0
2659,64.4,Female,105.5,163.5,17219,80,Yoga,178,7,3219.0,Evening workout,3221.0
2660,49.5,,102.5,157.7,15367,38,Walking,165,10,2860.6,,2864.0
2661,45.4,Male,98.6,151.9,7855,117,Swimming,162,1,2624.9,,2625.0
2662,34.6,Male,78.6,164.6,4097,63,Swimming,136,9,2223.8,Low effort,2228.0
2663,48.0,Male,51.5,183.2,12817,95,Yoga,153,8,2825.7,Evening workout,2822.0
2664,25.0,Female,79.5,185.8,2084,32,Walking,119,10,1847.0,,1842.0
2665,57.5,Male,59.8,150.1,1552,33,Cycling,130,1,1392.8,Morning session,1393.0
2666,42.3,Male,109.6,170.9,2153,108,Swimming,170,8,2705.7,High intensity,2705.0
2667,26.3,Male,69.8,191.2,19629,19,Yoga,140,5,2402.7,Evening workout,2404.0
2668,19.8,Male,103.2,150.1,19070,70,Swimming,114,1,2638.8,Evening workout,2640.0
2669,32.6,Female,50.1,181.5,18077,17,Running,150,4,2215.3,,2213.0
2670,20.4,Male,96.7,169.7,9689,57,Walking,94,7,2285.1,,2286.0
2671,53.2,Male,65.3,185.4,14483,85,Cycling,128,5,2667.4,Good workout,2666.0
2672,21.9,Female,115.5,188.4,16034,102,Walking,101,3,2930.6,Good workout,2934.0
2673,31.5,Male,76.9,179.1,13159,38,Cycling,128,4,2148.1,Evening workout,2152.0
2674,58.1,Male,97.6,156.1,1805,96,Walking,83,2,2021.1,,2019.0
2675,58.4,Female,103.2,171.5,1920,35,Yoga,130,8,2008.8,High intensity,2005.0
2676,42.6,Female,113.2,194.2,14162,46,Walking,130,2,2429.6,High intensity,2427.0
2677,27.5,Female,106.8,159.5,2443,105,Walking,177,6,2586.0,,2588.0
2678,38.4,Male,48.1,157.6,8048,61,Running,114,7,2104.4,Morning session,2102.0
2679,53.0,Male,62.8,176.0,14707,47,Swimming,73,7,2304.8,,2304.0
2680,29.2,Female,100.4,159.0,18929,15,Yoga,114,1,2267.3,,2270.0
2681,44.1,Female,68.5,163.3,2210,17,Yoga,74,8,1494.4,Low effort,1493.0
2682,57.0,Female,110.8,160.6,17004,26,Swimming,64,9,2556.8,High intensity,2560.0
2683,19.4,Male,57.1,155.7,11272,85,Running,160,7,2573.1,High intensity,2575.0
2684,30.3,Male,106.3,170.5,7212,71,HIIT,63,8,2287.2,,2291.0
2685,49.4,Female,98.3,182.1,11340,95,Cycling,89,4,2590.3,,2586.0
2686,48.7,Male,59.5,168.5,10700,87,Cycling,143,8,2662.7,High intensity,2658.0
2687,33.3,Female,113.8,188.1,18297,43,Running,112,3,2569.9,,2573.0
2688,49.6,Male,47.6,173.3,9581,28,,149,1,1749.0,Morning session,1746.0
2689,49.7,Male,81.6,167.9,14045,79,Walking,132,8,2820.6,,2825.0
2690,51.7,Male,81.4,184.8,3570,91,Walking,89,6,2231.5,Good workout,2230.0
2691,28.5,Male,47.9,192.8,3779,109,Cycling,167,9,2502.6,High intensity,2506.0
2692,27.4,Female,107.5,186.6,19360,46,HIIT,171,3,2801.4,,2801.0
2693,32.4,Male,79.7,168.7,12628,47,Cycling,145,8,2501.9,High intensity,2504.0
2694,34.5,Male,96.1,173.8,18178,24,Running,163,9,2774.4,Morning session,2775.0
2695,57.8,Female,72.7,,2722,111,Yoga,164,9,2625.8,,2629.0
2696,35.2,Male,62.8,171.6,14885,49,Running,167,7,2548.0,,2544.0
2697,26.3,Female,80.2,153.5,18282,18,Yoga,153,10,2636.9,Good workout,2634.0
2698,42.3,Female,77.5,159.5,1102,62,Running,143,3,1821.4,,1818.0
2699,57.0,Male,108.7,151.0,14262,79,Yoga,151,3,2784.6,Evening workout,2789.0
2700,31.0,Male,70.8,157.7,8453,75,Cycling,120,2,2093.1,Morning session,2093.0
2701,42.4,Female,92.8,182.7,10639,89,,130,1,2460.3,Evening workout,2458.0
2702,39.6,Female,84.9,187.8,13406,61,Running,176,2,2502.6,High intensity,2507.0
2703,47.9,Female,61.8,192.5,19416,10,Swimming,127,5,2287.4,,2283.0
2704,37.1,Male,84.9,177.6,13224,39,Swimming,151,1,2166.8,,2165.0
2705,38.7,Female,51.5,159.5,7172,106,HIIT,114,10,2575.9,,2576.0
2706,61.8,Female,101.0,194.5,12252,10,Cycling,158,4,2239.9,,2237.0
2707,49.4,Female,52.4,150.8,18918,48,Cycling,156,10,2858.2,Morning session,2859.0
2708,63.1,Male,100.3,183.2,8197,25,Cycling,130,10,2388.8,Morning session,2385.0
2709,38.5,Female,75.8,152.2,14677,26,Swimming,132,1,2014.7,,2012.0
2710,52.5,Male,103.7,158.1,12039,111,Swimming,157,10,3282.3,Good workout,3280.0
2711,49.2,Male,102.3,154.1,5570,91,Walking,162,8,2724.5,Low effort,2723.0
2712,47.3,Female,56.5,191.2,7706,31,Cycling,101,5,1782.9,Good workout,1781.0
2713,56.2,Male,92.6,159.3,12655,95,HIIT,157,10,3150.1,Low effort,3148.0
2714,29.4,Female,75.6,161.2,1434,108,HIIT,136,4,2166.8,Morning session,2164.0
2715,58.6,Male,107.7,167.2,16139,40,Walking,88,3,2369.0,Good workout,2365.0
2716,64.4,Male,118.2,170.4,10449,49,Running,94,9,2560.5,,2560.0
2717,35.7,Female,83.6,170.0,10122,36,Swimming,104,6,2112.6,Evening workout,2111.0
2718,38.5,Female,64.1,150.1,14603,45,Yoga,133,1,2164.5,Good workout,2169.0
2719,30.3,Female,92.2,152.4,11991,13,Swimming,153,8,2282.7,Evening workout,2284.0
2720,38.3,Male,115.4,154.2,14859,78,Running,167,10,3212.4,,3216.0
2721,25.7,Male,98.5,174.4,16571,34,Walking,149,2,2388.5,Good workout,2391.0
2722,63.5,Female,119.2,157.7,7461,104,Swimming,158,9,3052.7,Morning session,3054.0
2723,57.7,Female,115.4,166.4,6996,87,Cycling,151,7,2759.8,Evening workout,2761.0
2724,63.6,Male,73.6,158.8,5852,39,Swimming,88,3,1702.7,Morning session,1702.0
2725,24.1,Male,118.6,181.1,3512,56,Swimming,175,4,2184.1,,2184.0
2726,40.2,Male,117.3,155.0,16446,21,Cycling,129,3,2398.6,Good workout,2401.0
2727,61.3,Female,92.8,189.1,2263,36,HIIT,62,6,1653.1,Evening workout,1656.0
2728,49.7,Male,118.6,170.1,3747,54,Walking,152,9,2390.2,Good workout,2394.0
2729,28.3,Female,100.9,156.6,16416,97,Running,116,10,3224.0,Good workout,3228.0
2730,39.8,Male,61.4,156.3,8280,72,Walking,125,9,2392.1,Morning session,2397.0
2731,39.5,Male,53.2,188.2,11974,64,Yoga,178,1,2250.9,,2255.0
2732,60.5,Female,78.3,176.6,18477,39,Cycling,81,10,2703.5,,2702.0
2733,42.1,Female,89.2,157.3,11978,91,Walking,169,6,2832.6,Morning session,2835.0
2734,39.3,Female,53.6,158.1,12007,23,HIIT,170,1,1870.8,Morning session,1874.0
2735,45.9,Male,51.5,177.2,4763,65,Walking,173,4,2018.6,Low effort,2023.0
2736,46.2,Male,60.3,164.2,13227,28,Cycling,86,7,2079.7,Good workout,2080.0
2737,30.6,Male,63.4,151.4,14031,95,Walking,174,4,2767.2,High intensity,2763.0
2738,35.4,Female,50.3,156.7,11515,35,HIIT,81,9,2070.6,,2072.0
2739,19.2,Male,55.5,167.1,1232,80,Yoga,133,10,2129.7,Evening workout,2129.0
2740,46.7,Female,105.5,171.4,19485,101,,175,5,3370.2,Good workout,3373.0
2741,38.2,Female,86.4,159.4,13544,47,Cycling,172,9,2723.6,High intensity,2726.0
2742,32.2,Female,57.6,182.8,3028,78,Walking,108,1,1674.0,,1669.0
2743,44.8,Male,56.8,156.4,19313,45,Swimming,142,4,2510.9,High intensity,2507.0
2744,48.3,Male,118.7,152.2,17022,27,Walking,83,7,2545.9,Morning session,2541.0
2745,32.5,Female,64.8,163.7,10650,66,HIIT,86,2,1997.8,High intensity,1993.0
2746,40.4,Male,94.3,193.8,19361,87,Yoga,95,9,3144.2,,3141.0
2747,41.2,Female,80.1,185.6,3413,32,Walking,166,3,1764.3,Low effort,1768.0
2748,61.3,Female,113.0,162.0,9026,23,HIIT,76,4,1981.8,Good workout,1985.0
2749,30.1,Male,81.0,165.5,6418,105,HIIT,115,4,2339.5,Low effort,2343.0
2750,39.6,Female,56.2,165.9,10952,78,Yoga,69,8,2336.0,Low effort,2332.0
2751,60.6,Female,84.5,154.4,4597,31,Swimming,113,2,1635.4,,1639.0
2752,54.8,Male,98.0,174.6,18762,37,Walking,140,5,2676.1,Evening workout,2675.0
2753,50.6,Female,46.5,187.4,1620,52,HIIT,167,2,1615.9,High intensity,1617.0
2754,20.5,Female,94.2,187.6,1929,85,Swimming,133,6,2167.7,Morning session,2164.0
2755,36.4,Female,85.1,187.1,16455,27,Yoga,133,9,2586.6,Good workout,2589.0
2756,40.4,Female,89.4,188.3,15905,109,Yoga,97,9,3131.9,,3129.0
2757,46.1,Female,53.4,190.6,1974,104,Cycling,140,1,1946.8,High intensity,1951.0
2758,47.2,Female,106.6,175.9,13679,86,Yoga,149,4,2852.2,,2849.0
2759,56.5,Female,91.5,162.5,19073,93,Running,149,4,3078.6,High intensity,3083.0
2760,61.7,Male,49.0,193.7,5671,118,Yoga,174,1,2341.2,Evening workout,2346.0
2761,64.1,Male,45.1,175.8,14599,45,Yoga,157,10,2619.8,Evening workout,2621.0
2762,42.2,Female,88.4,150.5,13810,16,HIIT,63,2,1807.8,Evening workout,1811.0
2763,54.6,Female,66.6,157.2,9917,32,Cycling,109,6,1977.8,,1976.0
2764,64.6,Male,82.1,153.7,9353,43,Yoga,150,10,2533.0,High intensity,2531.0
2765,25.3,Male,63.4,170.6,8784,105,Swimming,120,3,2361.6,,2361.0
2766,59.1,Male,75.5,171.8,15225,30,HIIT,80,9,2401.7,,2404.0
2767,33.2,Male,111.7,186.9,1658,79,Yoga,95,3,1960.0,Evening workout,1956.0
2768,25.5,Male,86.4,152.1,3897,89,HIIT,161,3,2189.2,Morning session,2192.0
2769,18.9,Female,70.1,168.9,13291,108,Cycling,105,9,2888.2,Evening workout,2885.0
2770,61.0,Male,57.7,150.3,19926,56,Yoga,154,3,2642.3,,2641.0
2771,22.8,Male,102.9,178.5,14572,62,Swimming,130,6,2691.8,Low effort,2688.0
2772,20.1,Male,62.1,172.3,4205,93,Running,103,6,2119.7,Low effort,2118.0
2773,18.8,Female,111.5,182.8,5044,115,Swimming,123,1,2386.0,Morning session,2386.0
2774,21.6,Female,47.7,190.2,4433,50,Swimming,157,7,1924.9,Good workout,1923.0
2775,57.7,Female,99.0,172.0,7711,84,Yoga,77,9,2584.0,,2588.0
2776,52.2,Female,102.5,154.2,8384,41,HIIT,147,9,2469.2,Morning session,2465.0
2777,49.4,Female,107.6,156.1,18261,23,Swimming,72,9,2591.6,High intensity,2591.0
2778,59.4,Female,96.3,155.8,18475,97,HIIT,72,2,2815.6,Low effort,2816.0
2779,51.1,Male,68.0,171.2,4059,117,Walking,84,1,2068.6,,2065.0
2780,60.4,Female,116.4,162.3,16915,112,Walking,64,6,3118.2,High intensity,3123.0
2781,42.2,Female,53.5,161.0,8513,116,Running,98,6,2524.6,Low effort,2521.0
2782,27.6,Male,81.6,153.8,14865,104,Running,88,4,2698.3,Good workout,2699.0
2783,38.7,Female,97.3,157.1,2674,26,Swimming,167,8,2021.8,Evening workout,2018.0
2784,63.6,Male,68.7,186.7,10800,34,HIIT,116,5,2054.4,Evening workout,2058.0
2785,56.0,Male,65.7,180.9,14978,73,Running,105,7,2655.3,High intensity,2651.0
2786,44.0,Female,84.1,186.7,17697,82,Swimming,92,9,2966.9,,2970.0
2787,44.8,Male,106.4,194.1,17767,95,Cycling,147,1,2964.3,Morning session,2961.0
2788,19.4,Male,114.2,175.0,6884,118,Swimming,69,9,2753.7,Morning session,2754.0
2789,58.4,Male,113.3,192.4,19196,57,Walking,117,4,2851.3,,2851.0
2790,30.4,Male,58.7,157.8,19708,44,HIIT,84,7,2482.1,High intensity,2487.0
2791,26.3,Female,86.1,189.6,14383,46,Cycling,164,4,2486.1,High intensity,2486.0
2792,53.1,Male,94.1,182.6,6248,64,Cycling,133,4,2167.8,Morning session,2169.0
2793,39.3,Female,105.4,194.0,4429,26,Running,98,4,1733.0,Low effort,1737.0
2794,59.3,Male,48.2,178.4,17611,37,Yoga,75,6,2249.1,,2246.0
2795,43.7,Male,116.1,154.2,11256,10,Running,119,5,2093.2,Evening workout,
2796,29.7,Male,119.8,177.2,9203,62,Cycling,87,2,2210.5,Evening workout,2212.0
2797,34.0,Female,61.3,189.6,8765,82,Walking,135,9,2505.2,Morning session,2503.0
2798,31.9,Female,101.7,166.6,2522,64,Walking,103,6,1973.2,Low effort,1977.0
2799,31.2,Female,92.2,172.9,1691,70,Walking,117,10,2240.3,Low effort,2236.0
2800,51.2,Male,88.1,194.6,2739,22,Running,91,6,1620.8,Evening workout,1618.0
2801,37.1,Male,89.8,158.8,2525,56,Running,122,9,2134.0,Morning session,2134.0
2802,28.6,Male,77.2,151.5,17453,73,Yoga,174,1,2621.7,,2624.0
2803,33.7,Male,75.7,181.4,7251,41,Running,152,7,2175.4,Evening workout,2174.0
2804,48.3,Female,91.0,,11440,37,Running,104,3,2098.7,High intensity,2099.0
2805,23.6,Male,50.4,156.1,14860,62,Swimming,112,4,2267.4,,2266.0
2806,36.0,Female,116.2,179.1,8649,40,Cycling,120,1,1980.3,High intensity,1979.0
2807,54.1,Male,115.9,152.1,2287,17,Running,109,3,1585.2,Evening workout,1583.0
2808,21.8,Female,78.5,158.6,14193,81,HIIT,86,7,2579.6,Evening workout,2583.0
2809,64.6,Female,97.2,159.8,9767,107,Cycling,85,6,2724.6,Good workout,2726.0
2810,21.7,Male,58.3,175.0,16913,96,Yoga,62,1,2361.3,Low effort,2364.0
2811,37.5,Male,60.6,150.7,16629,83,Walking,149,9,2928.2,Good workout,2925.0
2812,27.3,Female,87.2,179.5,5954,110,Swimming,98,4,2367.7,Good workout,2365.0
2813,41.3,Male,117.5,187.2,1744,34,Swimming,124,7,1969.6,High intensity,1968.0
2814,52.3,Male,118.1,164.6,11719,42,Running,94,4,2342.4,Low effort,2341.0
2815,43.8,Female,56.1,174.2,13402,118,HIIT,112,7,2847.2,Good workout,2845.0
2816,54.7,Female,114.0,155.9,5576,77,HIIT,150,5,2452.8,,2454.0
2817,55.5,Female,63.5,167.3,10216,16,Running,105,1,1569.6,Good workout,1568.0
2818,38.3,Female,85.8,150.8,17363,106,Walking,127,4,2962.8,,2967.0
2819,57.9,Male,97.4,152.8,18325,75,Walking,142,3,2864.2,Good workout,2869.0
2820,56.5,Female,73.8,166.7,6050,55,HIIT,81,6,1941.7,Morning session,1944.0
2821,38.0,Female,114.5,157.7,14948,105,HIIT,119,6,3077.3,,3079.0
2822,27.8,Female,103.1,189.5,18151,14,Running,65,1,2049.3,,2045.0
2823,55.2,Male,108.7,166.8,3438,119,Yoga,111,2,2413.8,Low effort,2417.0
2824,63.5,Female,68.4,174.3,11382,26,Running,132,2,1924.1,Morning session,1928.0
2825,21.3,Male,60.7,190.8,15663,85,HIIT,134,10,2905.7,Good workout,2907.0
2826,62.2,Female,96.9,161.6,15069,61,Swimming,145,4,2648.0,Evening workout,2653.0
2827,37.0,Female,50.2,178.2,9819,21,Cycling,170,9,2128.1,Low effort,2131.0
2828,34.2,Male,81.2,174.7,17760,71,Cycling,132,2,2595.4,Evening workout,2599.0
2829,24.2,Female,48.0,185.0,13078,44,Cycling,88,8,2146.4,,2143.0
2830,21.8,Female,82.1,174.6,17473,71,Swimming,102,1,2490.0,Good workout,2486.0
2831,46.2,Male,85.1,178.1,12047,30,Cycling,133,8,2363.7,Morning session,2361.0
2832,31.8,Female,58.1,160.0,10257,94,Swimming,93,3,2233.5,High intensity,2233.0
2833,20.2,Female,115.2,153.1,14805,75,Walking,90,5,2688.2,High intensity,2684.0
2834,41.1,Female,95.6,163.3,17212,62,Cycling,145,1,2585.1,High intensity,2590.0
2835,54.7,Female,109.5,187.2,11296,30,Yoga,105,1,2058.5,Morning session,2056.0
2836,33.2,Male,96.4,166.5,15570,24,Running,63,6,2207.7,,2212.0
2837,21.6,Female,74.9,151.4,3655,84,Swimming,61,3,1780.6,High intensity,1776.0
2838,41.0,Male,101.8,157.4,15727,83,Cycling,64,8,2854.0,Good workout,2855.0
2839,51.4,Female,74.3,185.0,18899,91,Running,105,4,2869.9,Evening workout,2872.0
2840,47.6,Male,86.2,159.8,4017,32,Swimming,138,6,1900.5,Good workout,1904.0
2841,35.5,Female,55.8,156.5,15142,40,Running,78,10,2370.6,,2372.0
2842,36.8,Male,71.0,185.6,8343,63,Running,97,9,2298.8,Evening workout,2303.0
2843,48.8,Female,68.3,165.2,13339,64,HIIT,118,8,2575.9,,2579.0
2844,36.1,Male,83.0,163.3,2573,35,Walking,138,4,1707.7,Morning session,1706.0
2845,63.4,Male,116.4,165.1,6597,62,Running,169,10,2760.1,High intensity,2756.0
2846,36.1,Female,62.2,174.7,4926,75,Swimming,131,8,2216.6,,2217.0
2847,39.1,Male,89.3,190.9,11244,48,Walking,79,7,2280.7,Evening workout,2282.0
2848,41.4,Female,56.2,153.3,4796,16,Cycling,135,5,1591.6,,1594.0
2849,62.3,Female,93.7,178.7,9823,97,Cycling,127,7,2791.8,Evening workout,2790.0
2850,29.2,Female,75.3,155.1,11053,48,Cycling,112,7,2267.0,High intensity,2268.0
2851,47.2,Female,66.7,150.4,18616,41,Swimming,161,10,2871.1,,2868.0
2852,55.1,Female,88.1,188.1,19648,35,Swimming,166,2,2638.5,Low effort,2635.0
2853,48.4,Male,108.7,150.7,19431,96,Yoga,114,7,3281.2,,3286.0
2854,53.9,Female,69.9,189.2,1535,87,Running,177,3,2108.1,High intensity,2106.0
2855,36.8,Female,95.4,152.2,16701,38,Cycling,98,8,2515.5,,2514.0
2856,62.4,Female,51.0,150.4,8884,34,Cycling,95,8,1995.9,Evening workout,1997.0
2857,53.6,Female,50.4,150.9,12725,65,Walking,117,9,2523.7,Evening workout,2521.0
2858,47.5,Female,68.6,188.6,7881,40,Walking,74,4,1822.5,Good workout,1818.0
2859,50.4,Female,63.3,170.7,14017,75,Running,60,10,2565.1,,2569.0
2860,35.5,Male,53.6,194.2,10467,11,Yoga,154,3,1749.1,Good workout,1753.0
2861,45.5,Male,80.1,179.3,4073,96,Swimming,68,9,2286.4,Low effort,2284.0
2862,64.7,Female,84.2,181.2,16963,56,Running,82,9,2727.7,Morning session,2725.0
2863,28.7,Male,68.8,182.3,2025,84,Running,111,2,1837.8,,1833.0
2864,62.3,Female,92.4,171.5,3051,38,Running,85,6,1760.2,Good workout,1762.0
2865,50.5,Female,107.4,179.6,4621,115,Cycling,163,3,2597.0,,2597.0
2866,34.5,Female,113.5,153.0,15405,108,Swimming,167,5,3228.4,,3229.0
2867,23.3,Female,97.1,172.7,5403,58,Cycling,162,2,2056.8,Good workout,2055.0
2868,21.2,Female,98.7,193.3,4323,82,Walking,119,4,2151.3,High intensity,2154.0
2869,37.3,Male,86.0,174.1,6017,41,Cycling,77,3,1660.6,Morning session,1662.0
2870,64.9,Male,89.5,161.8,7435,39,Walking,156,2,2054.0,Morning session,2050.0
2871,44.2,Male,58.1,166.4,16492,24,Walking,164,6,2380.7,,2381.0
2872,32.3,Male,73.3,164.1,14170,71,Yoga,162,3,2520.3,,2521.0
2873,23.3,Female,50.8,159.2,6816,87,Running,137,4,2153.7,Morning session,2150.0
2874,64.8,Male,51.1,184.7,5604,26,HIIT,117,6,1743.0,Low effort,1747.0
2875,31.4,Female,81.7,178.8,4424,31,Yoga,124,5,1752.8,Good workout,1752.0
2876,28.5,Male,97.7,161.6,15628,39,Yoga,136,4,2425.9,,2429.0
2877,56.0,Male,62.0,150.2,12861,90,Swimming,175,4,2706.0,Low effort,2710.0
2878,26.2,Male,82.7,150.8,13501,25,HIIT,138,2,2059.5,High intensity,2058.0
2879,43.6,Male,103.3,159.7,3812,61,Walking,160,10,2473.7,Good workout,2469.0
2880,33.1,Female,45.4,167.8,1044,17,Walking,128,4,1258.5,,1258.0
2881,22.9,Male,112.2,151.6,18017,73,Cycling,73,8,2935.3,Morning session,2932.0
2882,27.0,Male,88.3,157.2,10402,48,Running,137,5,2242.5,,2241.0
2883,20.1,Female,91.2,171.7,9785,40,Swimming,105,10,2314.8,Evening workout,2315.0
2884,30.4,Female,79.1,171.6,15581,21,Running,128,10,2483.8,Good workout,2482.0
2885,60.0,Male,104.7,175.8,2926,42,Running,134,8,2091.8,,2093.0
2886,47.2,Female,96.1,175.1,1856,67,Walking,91,6,1984.7,Morning session,1983.0
2887,62.6,Female,52.3,158.8,6988,21,Running,110,10,1932.8,,1933.0
2888,23.1,Female,85.6,170.9,9743,34,HIIT,128,5,2061.5,Evening workout,2060.0
2889,34.2,Male,47.5,180.5,5138,47,Cycling,159,4,1818.3,,1823.0
2890,62.7,Female,113.2,192.5,12080,57,,74,10,2665.8,Morning session,2667.0
2891,36.8,Male,58.2,155.0,17082,91,Walking,112,9,2961.1,,2958.0
2892,59.3,Male,70.7,163.1,15870,92,Yoga,130,10,3094.0,Good workout,3096.0
2893,52.2,Male,114.6,182.5,1606,64,Yoga,128,5,2103.7,Low effort,2107.0
2894,63.3,Male,102.1,156.2,9863,12,HIIT,153,10,2368.9,High intensity,2370.0
2895,43.7,Female,84.8,173.4,6022,108,Swimming,74,6,2351.8,High intensity,2355.0
2896,22.9,Male,95.1,158.3,17400,78,Yoga,89,7,2842.9,,2846.0
2897,46.5,Female,49.7,160.6,6149,44,Walking,137,1,1621.7,,1619.0
2898,54.2,Male,76.0,172.0,6311,60,HIIT,83,9,2176.8,Morning session,2177.0
2899,37.0,Female,45.3,151.4,3484,36,Walking,147,8,1814.7,Evening workout,1819.0
2900,38.1,Male,98.2,164.4,16012,46,HIIT,94,5,2445.2,,2449.0
2901,27.3,Female,55.8,184.3,16833,119,Walking,128,3,2845.5,,2847.0
2902,22.4,Male,97.4,185.5,12041,94,HIIT,71,5,2515.4,Morning session,2518.0
2903,53.4,Male,52.1,177.3,4807,25,HIIT,143,5,1667.7,,1666.0
2904,23.9,Female,69.1,188.5,4173,101,Walking,105,9,2355.0,Good workout,2356.0
2905,43.5,Male,84.5,193.4,18857,34,HIIT,128,7,2648.8,Evening workout,2645.0
2906,21.8,Male,76.6,153.5,15212,42,HIIT,179,2,2353.9,High intensity,2358.0
2907,56.1,Male,72.3,159.9,11199,71,Running,95,5,2337.0,Good workout,2339.0
2908,56.9,Female,47.1,155.0,3412,26,Running,144,9,1831.1,,1836.0
2909,52.1,Male,106.3,179.7,17093,52,Yoga,107,2,2510.9,High intensity,2515.0
2910,18.7,Male,71.6,184.4,19535,39,Cycling,162,8,2777.6,Evening workout,2776.0
2911,41.4,Female,89.3,192.3,4182,50,Swimming,126,3,1854.4,Morning session,1851.0
2912,53.0,Female,69.4,159.4,2014,13,Cycling,152,4,1546.9,Good workout,1545.0
2913,23.7,Female,105.0,181.8,18988,75,Walking,113,2,2757.1,,2761.0
2914,58.3,Female,88.3,191.4,18253,69,Yoga,148,9,3112.5,Good workout,3110.0
2915,63.7,Female,90.6,191.4,7913,18,Yoga,150,6,2046.8,Good workout,2049.0
2916,61.4,Male,58.7,152.1,3727,40,HIIT,95,9,1871.2,Good workout,1871.0
2917,48.1,Male,52.5,175.5,3852,98,Yoga,111,8,2264.3,Morning session,2268.0
2918,37.2,Male,92.2,164.4,10077,110,Swimming,81,9,2815.2,Morning session,2814.0
2919,41.4,Female,58.5,166.5,19992,109,Swimming,97,5,2959.0,,2963.0
2920,42.3,Male,109.7,176.6,2273,78,Yoga,158,6,2325.7,Low effort,2325.0
2921,53.5,Female,51.0,167.7,8649,33,HIIT,121,7,1934.0,Morning session,1935.0
2922,38.5,Female,93.6,168.6,2955,33,Cycling,124,5,1760.1,Good workout,1764.0
2923,47.7,Male,99.2,161.7,9778,102,Running,62,1,2324.8,Morning session,2320.0
2924,41.7,Female,57.0,173.5,5549,54,Walking,147,9,2136.8,High intensity,2140.0
2925,61.6,Female,117.4,154.6,16863,104,Running,67,2,2880.3,,2881.0
2926,59.5,Male,100.8,173.3,12809,46,Yoga,171,7,2683.0,Morning session,2682.0
2927,47.3,Female,100.7,176.2,9302,67,Walking,177,8,2712.1,Evening workout,2711.0
2928,39.2,Female,59.3,179.0,9100,92,HIIT,98,8,2444.2,Good workout,2440.0
2929,45.2,Male,101.6,164.8,3911,32,HIIT,77,1,1528.6,,1530.0
2930,24.3,Female,102.4,187.4,13091,44,HIIT,164,10,2743.1,Good workout,2740.0
2931,52.7,Female,79.1,193.0,10099,72,Running,62,7,2344.5,Low effort,2348.0
2932,45.2,Male,60.3,183.8,6663,15,HIIT,77,9,1715.1,Good workout,1720.0
2933,31.5,Male,52.8,176.4,12881,15,Cycling,139,3,1867.3,High intensity,1871.0
2934,27.8,Male,89.2,169.4,15368,110,Running,155,8,3191.7,High intensity,3189.0
2935,33.4,Male,84.7,190.6,17938,39,Running,176,8,2820.9,Evening workout,2819.0
2936,33.3,Female,98.5,181.1,9298,10,HIIT,60,9,1914.2,Evening workout,1911.0
2937,48.9,Female,58.9,153.9,4336,72,Swimming,176,8,2319.2,Good workout,2315.0
2938,59.6,Male,103.7,154.8,7369,17,Running,85,5,1840.1,,1841.0
2939,42.1,Female,97.1,157.2,3534,37,Running,111,5,1860.3,High intensity,1864.0
2940,30.7,Female,71.9,171.0,3226,98,Yoga,171,3,2210.6,High intensity,2215.0
2941,23.8,Male,91.4,191.2,10585,42,Walking,71,6,2048.4,Morning session,2044.0
2942,61.7,Male,50.0,156.0,1166,62,HIIT,97,10,1915.8,Low effort,1916.0
2943,26.2,Female,99.3,171.4,11902,47,HIIT,144,3,2304.8,Good workout,2304.0
2944,62.5,Male,88.4,179.9,4624,61,Cycling,100,2,1870.5,Good workout,1870.0
2945,53.2,Male,62.1,186.7,19731,87,Swimming,112,7,2965.7,Evening workout,2969.0
2946,60.6,Male,60.6,165.5,18788,20,Yoga,72,10,2406.6,,2411.0
2947,37.6,Female,56.1,164.4,10717,11,Yoga,179,3,1875.2,Good workout,1874.0
2948,35.3,Male,64.6,154.1,13601,62,Yoga,135,4,2384.0,Low effort,2382.0
2949,60.8,Female,89.7,152.9,14103,103,Running,72,10,3054.4,Evening workout,3058.0
2950,38.1,Female,108.8,172.4,14030,103,Swimming,77,8,2971.0,Good workout,2969.0
2951,21.2,Female,103.7,159.5,3774,77,Yoga,78,1,1846.4,Low effort,1848.0
2952,50.1,Male,66.4,154.1,10017,86,Running,78,9,2498.8,Morning session,2498.0
2953,44.6,Male,91.0,172.2,11150,16,Yoga,174,6,2308.4,High intensity,2304.0
2954,24.3,Male,73.5,164.4,4739,111,Cycling,129,2,2233.4,,2237.0
2955,23.2,Male,89.1,167.7,15911,76,Cycling,107,3,2560.8,,2565.0
2956,32.6,Male,53.4,174.8,5464,18,HIIT,130,5,1626.5,Evening workout,1628.0
2957,35.0,Female,68.9,157.2,13381,87,HIIT,130,6,2663.4,Morning session,2663.0
2958,49.7,Female,59.3,180.5,14746,72,Walking,87,9,2686.6,High intensity,2688.0
2959,28.7,Female,80.4,170.4,5094,20,Walking,178,2,1736.2,,1737.0
2960,37.3,Male,57.0,151.2,3930,46,Walking,151,5,1821.3,,1826.0
2961,41.8,Female,88.4,171.9,1763,23,Yoga,78,7,1589.6,,1588.0
2962,32.1,Female,115.5,157.1,12552,28,Swimming,139,7,2461.4,Morning session,2460.0
2963,24.3,Male,116.8,172.4,4450,17,Walking,140,4,1823.5,Good workout,1821.0
2964,38.2,Male,80.6,181.8,15102,16,Yoga,145,3,2129.7,,2132.0
2965,59.6,Female,105.0,157.1,2861,68,Running,142,8,2400.1,Good workout,2397.0
2966,43.7,Female,84.8,153.2,11806,72,Walking,107,2,2276.3,,2280.0
2967,61.3,Male,71.9,179.5,14283,16,Cycling,88,5,2038.3,,2038.0
2968,31.3,Male,45.7,168.4,17493,64,Walking,107,10,2704.6,Low effort,2701.0
2969,54.6,Male,78.5,172.8,13436,12,Walking,78,5,1947.0,,1943.0
2970,38.1,Male,112.0,167.1,9890,76,Walking,170,1,2474.0,,2472.0
2971,35.8,Female,65.9,178.4,16352,27,HIIT,158,7,2457.0,Good workout,2457.0
2972,22.2,Female,77.2,172.6,6529,54,Running,106,4,1913.5,,1910.0
2973,20.5,Male,51.6,182.4,16843,106,HIIT,148,10,3118.2,Evening workout,3122.0
2974,40.2,Female,109.5,167.4,9299,110,Walking,119,2,2623.7,Low effort,2621.0
2975,43.2,Female,47.6,193.4,9580,101,HIIT,107,8,2528.2,,2532.0
2976,54.6,Male,95.6,182.4,9616,45,Swimming,79,4,2087.9,High intensity,2085.0
2977,41.3,Female,98.9,156.6,19878,25,HIIT,160,1,2519.4,,2519.0
2978,36.2,Female,118.8,177.8,12157,88,Yoga,78,8,2816.8,High intensity,2817.0
2979,42.5,Female,103.2,150.3,11191,38,Running,101,7,2305.5,Evening workout,2306.0
2980,38.0,Male,50.5,188.9,12767,68,Walking,136,3,2260.8,,2259.0
2981,29.7,Male,73.0,183.5,18911,27,Walking,170,3,2434.9,,2439.0
2982,58.6,Female,61.8,188.6,3026,58,Yoga,135,7,1979.5,Good workout,1982.0
2983,50.8,Male,104.2,168.4,11958,119,Running,108,2,2772.5,Low effort,2771.0
2984,21.8,Male,66.5,180.7,2855,55,Yoga,74,5,1606.7,Evening workout,1611.0
2985,59.7,Male,68.3,162.7,16063,92,HIIT,119,7,2911.2,,2916.0
2986,24.7,Female,95.9,173.8,15915,38,Swimming,127,6,2490.4,Good workout,2490.0
2987,39.6,Female,94.8,154.9,18981,79,Swimming,138,10,3245.0,Low effort,3243.0
2988,50.0,Male,55.7,172.2,18232,118,Yoga,140,7,3195.7,Low effort,3200.0
2989,34.0,Female,100.4,168.2,6958,59,Cycling,86,2,1955.3,,1955.0
2990,41.2,Female,115.8,150.7,15705,64,HIIT,134,7,2892.6,Morning session,2893.0
2991,51.8,Female,86.9,182.6,11108,36,Cycling,114,2,1946.5,Morning session,1951.0
2992,45.9,Female,83.7,182.6,19302,16,Walking,146,7,2577.7,Good workout,2573.0
2993,60.1,Female,113.8,181.4,6761,100,Walking,74,8,2626.1,Low effort,2626.0
2994,58.9,Male,92.1,177.9,1688,92,HIIT,111,10,2388.7,Good workout,2387.0
2995,56.5,Female,101.4,186.7,7306,90,HIIT,90,8,2562.0,Morning session,2561.0
2996,39.2,Female,65.4,190.8,6072,50,Walking,176,5,2067.3,Morning session,2070.0
2997,34.8,Female,64.8,161.6,18739,20,Running,149,7,2477.4,High intensity,2481.0
2998,51.5,Male,59.4,158.2,19071,14,Swimming,66,8,2267.1,High intensity,2271.0
2999,23.6,Male,113.3,160.4,11909,75,Swimming,72,4,2458.9,,2459.0
3000,63.0,Male,95.3,182.8,13713,65,Cycling,113,2,2443.1,,2447.0
3001,23.9,Female,106.2,168.6,13614,21,,72,7,2192.0,High intensity,2191.0
3002,51.8,Male,81.0,191.6,10321,51,Yoga,175,1,2246.1,,2246.0
3003,18.3,Male,50.6,183.3,7086,115,Running,79,2,2070.9,,2071.0
3004,27.2,Male,115.5,156.8,13731,84,Yoga,157,10,3135.7,Good workout,3134.0
3005,38.7,Male,70.7,180.0,14341,19,Running,69,7,2064.8,Morning session,2064.0
3006,22.2,Female,52.8,151.7,7667,37,Swimming,173,10,2229.1,Good workout,2228.0
3007,19.9,Male,117.4,168.1,13976,16,Yoga,111,1,2062.7,,2061.0
3008,39.7,Male,48.8,187.7,18374,23,Cycling,96,7,2226.5,Evening workout,2222.0
3009,19.6,Female,65.3,181.1,13333,86,Running,111,5,2466.7,Low effort,2465.0
3010,27.7,Female,75.3,159.1,6290,78,Walking,174,3,2240.7,Morning session,2237.0
3011,51.5,Male,65.2,190.9,14044,70,Yoga,86,2,2262.5,Low effort,2261.0
3012,33.2,Female,69.3,157.7,18760,60,Swimming,93,7,2649.9,,2650.0
3013,56.5,Male,59.1,175.2,14537,51,Walking,159,9,2640.4,,2645.0
3014,39.3,Female,79.5,179.2,16669,17,Yoga,121,9,2432.7,Good workout,2429.0
3015,29.3,Female,93.4,160.7,17340,59,HIIT,75,10,2805.5,Good workout,2807.0
3016,41.4,Male,87.4,190.4,16955,10,Cycling,118,10,2518.2,,2520.0
3017,64.3,Female,85.7,169.1,3887,78,Running,80,8,2219.2,Good workout,2223.0
3018,57.1,Male,81.3,169.2,16794,20,Running,75,2,2040.9,,2042.0
3019,55.2,Female,101.5,158.9,15560,116,Swimming,140,1,2976.3,,2973.0
3020,27.3,Male,86.4,157.6,2340,57,Swimming,138,8,2034.7,Good workout,2032.0
3021,52.0,Female,91.4,164.2,12929,19,Swimming,72,2,1838.8,,1843.0
3022,49.5,,105.8,183.0,1094,24,Walking,92,4,1505.0,Evening workout,1504.0
3023,24.0,Female,58.3,173.3,13840,112,HIIT,113,4,2659.4,,2658.0
3024,38.7,Female,112.3,182.5,16756,56,Yoga,128,2,2613.9,,2615.0
3025,37.1,Female,97.2,,9126,102,Walking,86,4,2494.4,,2490.0
3026,43.0,Male,78.2,190.9,18881,34,Swimming,111,7,2606.4,Good workout,2603.0
3027,21.1,Female,68.1,194.9,11923,15,HIIT,124,6,1972.4,,1973.0
3028,63.5,Male,64.5,189.2,8053,20,Yoga,103,10,1983.0,Morning session,1984.0
3029,39.2,Male,113.0,176.2,16172,26,HIIT,89,6,2427.5,Morning session,2423.0
3030,32.6,Male,74.9,170.7,11935,24,Walking,82,4,1864.9,,1866.0
3031,57.9,Female,51.9,154.4,13467,25,Yoga,138,2,1969.3,,1966.0
3032,38.6,Male,80.6,184.5,12073,65,Yoga,159,5,2546.3,Low effort,2543.0
3033,32.2,Female,,170.5,8691,75,Yoga,142,3,2290.8,Good workout,2293.0
3034,39.4,Male,96.8,153.8,14770,45,Yoga,153,3,2453.2,Evening workout,2455.0
3035,45.7,Male,59.5,165.1,16688,92,Walking,75,4,2607.1,High intensity,2608.0
3036,31.5,Male,90.8,180.1,1201,47,Swimming,114,5,1759.7,Good workout,1756.0
3037,44.6,Male,67.9,175.4,18882,94,Yoga,77,2,2602.5,,2598.0
3038,58.3,Male,56.3,184.3,14829,84,Walking,149,6,2775.3,,2771.0
3039,57.0,Female,88.8,155.3,4086,114,Cycling,76,6,2377.7,Low effort,2380.0
3040,45.8,Male,59.3,182.2,12305,12,HIIT,134,8,2063.5,,2063.0
3041,43.2,Male,93.5,170.7,3590,107,Yoga,111,2,2219.8,Good workout,2224.0
3042,19.5,Female,65.1,165.6,8125,27,Cycling,104,8,1941.6,Good workout,1943.0
3043,42.7,Female,59.0,188.2,8860,88,Walking,115,8,2464.2,Good workout,2469.0
3044,20.1,Female,58.2,183.5,6408,98,Cycling,152,4,2288.0,Morning session,2284.0
3045,25.3,Male,86.1,191.3,2948,63,Walking,113,7,2023.5,Low effort,2022.0
3046,61.9,Male,59.6,164.5,4963,88,Running,68,7,2170.2,Low effort,2170.0
3047,50.1,Male,107.4,155.8,1693,103,Running,172,1,2301.9,Evening workout,2304.0
3048,59.5,Male,112.1,151.3,6363,26,HIIT,76,1,1701.2,Evening workout,1701.0
3049,52.3,Male,71.6,173.1,13125,91,Walking,86,8,2693.8,Good workout,2693.0
3050,23.8,,97.0,177.3,12924,104,Running,96,1,2535.0,Low effort,2535.0
3051,56.5,Female,96.8,150.9,6887,116,Swimming,81,3,2480.3,High intensity,2485.0
3052,40.6,Female,107.5,150.8,11851,91,Running,131,6,2807.8,,2806.0
3053,42.7,Male,117.7,177.6,8734,108,Cycling,126,8,2965.0,High intensity,2962.0
3054,60.1,Male,97.5,185.0,10913,22,Yoga,97,5,2059.5,,2060.0
3055,36.5,Male,101.6,169.7,17191,72,HIIT,158,5,2921.5,Good workout,2921.0
3056,22.5,Male,96.2,157.0,6293,23,Walking,155,4,1877.7,Morning session,1879.0
3057,28.5,Male,87.7,150.3,14845,68,Running,131,4,2526.1,,2525.0
3058,29.2,Female,51.0,175.2,14820,45,Swimming,103,7,2255.2,Low effort,2251.0
3059,27.1,Female,86.3,192.3,3291,27,Walking,150,6,1816.0,Low effort,1817.0
3060,25.6,Male,48.8,174.0,15395,14,Cycling,155,8,2230.1,,2231.0
3061,41.2,Female,113.2,159.4,13391,23,HIIT,95,6,2268.1,High intensity,2266.0
3062,45.7,Male,49.3,161.1,3698,34,Cycling,157,10,1994.5,,1992.0
3063,58.2,Male,119.4,190.1,12566,53,HIIT,84,7,2549.1,Low effort,2545.0
3064,53.2,Male,85.9,156.6,10202,48,Swimming,154,10,2611.8,,2615.0
3065,54.8,Female,48.9,161.2,15055,21,Walking,101,10,2277.1,Evening workout,2274.0
3066,38.8,Female,46.4,189.1,2041,113,Walking,170,5,2266.3,Evening workout,2266.0
3067,25.9,Male,111.5,166.6,18941,70,Cycling,72,6,2825.5,,2829.0
3068,26.3,Female,65.6,154.7,18591,71,Running,115,1,2475.9,Evening workout,2475.0
3069,64.2,Female,114.9,163.4,10872,62,Cycling,138,3,2477.5,Morning session,2482.0
3070,32.8,Male,87.4,183.3,4621,62,Cycling,177,8,2336.0,,2338.0
3071,63.7,Female,113.9,166.0,4352,37,Swimming,110,3,1878.0,,1880.0
3072,57.1,Female,53.7,184.1,19062,44,Swimming,109,1,2268.6,High intensity,2269.0
3073,35.7,Male,72.2,150.0,11937,74,Walking,136,3,2386.5,Low effort,2390.0
3074,59.7,Male,70.5,185.7,15602,12,Swimming,111,4,2105.6,Good workout,2102.0
3075,37.7,Female,47.5,164.4,9972,52,Yoga,175,8,2327.9,,2324.0
3076,23.6,Male,117.2,168.2,1945,59,Walking,92,9,2133.2,Morning session,2133.0
3077,29.4,Female,93.0,191.2,8973,80,Running,154,4,2472.7,Low effort,2473.0
3078,19.4,Male,61.1,154.3,15118,18,Yoga,84,7,2038.7,,2034.0
3079,24.3,Male,107.2,168.2,12290,45,Yoga,171,1,2356.3,High intensity,2360.0
3080,33.0,Male,99.9,192.0,17383,32,HIIT,117,9,2696.1,Low effort,2695.0
3081,20.4,Male,67.6,188.1,19974,97,HIIT,99,4,2872.3,High intensity,2875.0
3082,62.2,Female,78.6,154.7,11366,83,Swimming,146,9,2769.8,High intensity,2767.0
3083,20.3,Male,113.6,161.1,2797,59,Cycling,97,3,1876.2,Good workout,1878.0
3084,44.1,Male,59.2,168.2,12248,64,HIIT,62,5,2156.1,Morning session,2154.0
3085,60.7,Male,91.5,161.6,3257,21,HIIT,175,1,1692.0,Good workout,1694.0
3086,57.3,Female,47.5,185.7,3197,92,Yoga,75,3,1816.5,High intensity,1813.0
3087,55.6,Female,72.3,161.3,9222,41,Yoga,61,5,1929.8,High intensity,1934.0
3088,50.1,Male,47.5,167.9,15152,33,Running,82,6,2098.5,Low effort,2098.0
3089,45.4,Male,48.7,192.4,3912,95,Walking,157,8,2360.8,Good workout,2356.0
3090,18.7,Male,75.8,183.8,12004,76,Running,89,1,2111.9,Morning session,2116.0
3091,25.8,Male,89.2,182.8,9874,113,Cycling,170,3,2747.2,Good workout,2751.0
3092,54.6,Male,103.5,167.8,16416,36,Swimming,69,1,2181.3,Good workout,2185.0
3093,49.1,Male,89.8,178.3,7152,70,Walking,124,5,2306.8,Low effort,2304.0
3094,60.7,Female,119.0,194.6,8172,28,Swimming,81,8,2207.0,High intensity,2203.0
3095,54.1,Male,81.5,154.8,4185,82,Swimming,111,4,2135.6,Good workout,2134.0
3096,21.9,Male,109.3,174.2,10161,60,Yoga,170,9,2729.7,Low effort,2732.0
3097,47.1,Male,53.4,173.9,16765,73,Running,115,6,2615.0,Low effort,2619.0
3098,23.0,Male,61.3,178.8,18467,86,Swimming,92,6,2754.0,High intensity,2756.0
3099,63.7,Male,109.8,187.5,5862,11,Swimming,148,5,1947.0,Good workout,1949.0
3100,36.7,Male,47.2,182.8,4070,45,Cycling,145,10,1962.4,,1958.0
3101,49.5,Female,70.7,159.4,12940,102,Walking,139,5,2766.9,Evening workout,2768.0
3102,26.6,Female,97.4,186.3,9563,20,Running,89,7,1950.2,Evening workout,1948.0
3103,29.8,Female,75.4,182.3,15931,107,Cycling,141,8,3089.8,,3092.0
3104,28.1,Female,70.6,172.1,17585,77,Walking,83,7,2720.0,Evening workout,2720.0
3105,63.3,Female,67.9,160.0,17472,77,Running,64,1,2388.7,,2385.0
3106,33.6,Female,74.5,173.1,15772,73,Walking,112,1,2393.6,,2389.0
3107,18.5,Male,54.8,173.3,15455,10,Walking,160,10,2338.2,Morning session,2334.0
3108,62.3,Male,116.0,156.8,7299,98,HIIT,114,6,2692.8,,2695.0
3109,38.7,Male,108.7,170.1,11188,35,Running,82,3,2042.8,High intensity,2044.0
3110,47.2,Male,66.5,169.9,13686,20,Cycling,165,9,2452.0,High intensity,2449.0
3111,30.0,Male,59.8,159.0,15011,96,Walking,150,7,2843.3,High intensity,2839.0
3112,51.4,Male,100.2,174.7,18938,11,Walking,178,2,2479.0,Morning session,2475.0
3113,21.5,Female,118.1,185.1,13874,92,Walking,135,3,2830.7,Low effort,2827.0
3114,45.3,Male,64.2,164.2,14441,102,HIIT,69,8,2732.9,,2737.0
3115,55.6,Female,91.5,193.7,1054,49,Yoga,157,1,1746.8,,1743.0
3116,48.6,Female,97.3,189.5,5031,13,HIIT,179,5,1910.7,Good workout,1910.0
3117,44.6,Male,97.4,189.4,10315,89,Running,92,10,2787.6,,2786.0
3118,22.3,Male,45.1,155.5,2552,46,Yoga,139,1,1403.9,,1406.0
3119,42.3,Male,46.7,186.2,8795,70,Yoga,152,9,2425.2,Low effort,2421.0
3120,20.8,Male,102.9,151.9,6271,100,HIIT,121,7,2620.5,Good workout,2621.0
3121,50.7,Male,63.4,161.7,15665,14,Cycling,141,5,2160.8,Morning session,2165.0
3122,21.4,Male,106.3,153.2,1115,24,Running,86,6,1568.8,,1569.0
3123,42.9,Male,116.3,172.3,4613,96,Yoga,66,3,2247.5,,2243.0
3124,37.3,Female,56.5,162.5,7372,76,Cycling,159,3,2186.2,Low effort,2182.0
3125,51.1,Male,70.4,166.8,17130,91,Running,86,7,2878.4,Good workout,2879.0
3126,43.7,Male,71.1,180.7,4837,116,Walking,133,7,2549.7,Good workout,2552.0
3127,22.4,Female,73.3,165.4,4533,35,Cycling,69,7,1682.0,,1679.0
3128,52.2,Male,59.4,190.3,10610,15,Yoga,134,2,1758.4,High intensity,1760.0
3129,45.2,Male,90.4,175.0,12108,53,Running,116,2,2202.8,Evening workout,2201.0
3130,46.6,Female,45.4,177.6,6831,67,Cycling,89,5,1890.6,Morning session,1889.0
3131,26.1,Male,104.9,150.2,2294,90,Yoga,62,4,1963.9,Morning session,1967.0
3132,55.2,Male,101.8,161.6,16663,55,Running,88,7,2694.5,Evening workout,2692.0
3133,23.0,Male,47.4,186.4,8550,111,Walking,73,3,2143.7,High intensity,2139.0
3134,36.2,Male,62.3,169.6,19459,51,Running,136,5,2605.9,,2607.0
3135,61.4,Male,96.3,151.4,14830,57,Cycling,142,2,2500.6,Low effort,2505.0
3136,28.7,Male,104.3,185.5,14031,36,HIIT,84,1,2078.6,Morning session,2077.0
3137,19.7,Female,78.5,164.3,12869,29,Cycling,69,9,2169.8,,2168.0
3138,64.1,Male,104.1,187.7,6817,79,Swimming,138,4,2419.3,Evening workout,2423.0
3139,61.5,Male,70.5,171.6,19162,44,Running,151,8,2829.0,Low effort,2828.0
3140,61.5,Female,116.7,193.7,13867,85,Swimming,163,7,3126.8,,3126.0
3141,26.1,Female,63.0,181.9,13086,57,Yoga,108,1,2042.7,,2044.0
3142,38.2,Male,66.1,169.5,11690,76,Swimming,97,10,2580.6,High intensity,2577.0
3143,41.5,Female,77.3,185.8,17757,77,Yoga,130,7,2879.4,Evening workout,2884.0
3144,51.7,Male,82.2,182.3,15770,61,Yoga,73,2,2334.2,High intensity,2333.0
3145,39.4,Male,79.0,164.1,15329,118,Yoga,89,3,2764.4,High intensity,2768.0
3146,20.5,Female,111.1,152.7,11457,77,Walking,99,1,2320.9,,2324.0
3147,29.3,Male,54.2,178.8,11034,13,Swimming,71,7,1726.2,High intensity,1728.0
3148,45.3,Male,59.8,176.6,18957,48,Running,151,3,2522.2,,2522.0
3149,47.8,Female,55.1,154.8,18171,30,Walking,173,6,2524.1,,2527.0
3150,43.8,Female,68.9,180.6,2545,117,Yoga,73,7,2262.1,,2259.0
3151,38.7,Female,48.5,171.5,14359,75,HIIT,60,3,2142.8,Low effort,2147.0
3152,45.7,Female,57.5,184.2,14146,25,Running,127,2,1949.1,Morning session,1954.0
3153,43.1,Male,117.6,156.6,14498,16,Walking,108,9,2470.4,Morning session,2470.0
3154,50.9,Female,101.2,155.1,14171,92,Running,77,9,2905.1,Low effort,2910.0
3155,38.6,Female,81.6,175.2,15202,116,Yoga,174,7,3231.3,,3231.0
3156,52.3,Female,92.5,150.2,5374,106,Running,95,5,2414.1,Good workout,2418.0
3157,51.6,Female,115.4,168.8,10849,18,Walking,123,4,2129.8,Good workout,2129.0
3158,58.6,Female,45.2,156.6,17990,110,Walking,155,4,3014.4,,3012.0
3159,64.2,Male,104.3,185.7,14336,26,Walking,87,1,2053.2,Evening workout,2053.0
3160,35.3,Female,56.8,161.1,3576,100,HIIT,151,4,2173.0,Morning session,2176.0
3161,28.5,Male,65.5,169.0,6051,106,HIIT,161,7,2517.7,,2519.0
3162,40.0,,55.5,172.8,17706,21,Swimming,91,5,2129.0,High intensity,2127.0
3163,39.3,Female,88.8,174.2,11068,66,Yoga,131,9,2626.7,,2628.0
3164,34.2,Female,102.6,179.1,17967,54,Yoga,84,4,2548.2,High intensity,2550.0
3165,22.4,Female,88.9,178.6,12001,20,HIIT,106,3,1895.8,High intensity,1898.0
3166,61.3,Female,78.7,180.8,9847,22,Yoga,79,6,1930.8,,1926.0
3167,28.5,Female,69.1,167.8,5881,40,Swimming,92,4,1694.0,Evening workout,1696.0
3168,47.5,Female,48.3,190.4,9414,86,Yoga,89,2,2031.9,Low effort,2035.0
3169,32.7,Female,108.3,168.1,19506,111,Cycling,96,5,3195.7,Good workout,3200.0
3170,44.8,Male,60.5,153.8,8699,35,Walking,139,4,1884.6,High intensity,1889.0
3171,52.5,Female,54.4,150.4,17045,72,Swimming,112,5,2557.3,Morning session,2554.0
3172,50.1,Male,110.6,190.7,19604,40,HIIT,148,9,3047.9,High intensity,3052.0
3173,37.4,Female,79.1,164.1,6123,31,HIIT,161,4,1878.3,Low effort,1883.0
3174,33.9,Male,50.4,157.8,17211,15,Swimming,176,6,2307.2,Good workout,2312.0
3175,51.8,Female,63.1,164.6,4550,29,Cycling,165,4,1775.1,High intensity,1775.0
3176,19.2,Female,103.5,164.4,11634,94,Cycling,133,1,2536.8,Evening workout,2535.0
3177,52.3,Female,97.5,188.6,13177,19,Running,128,2,2109.0,Low effort,2111.0
3178,57.5,Male,52.1,171.8,1166,92,Swimming,67,6,1844.9,Low effort,1844.0
3179,45.0,Male,54.6,167.6,9309,44,Swimming,156,8,2273.0,Evening workout,2269.0
3180,64.2,Male,111.3,165.4,11001,35,Swimming,160,9,2653.7,Low effort,2654.0
3181,56.1,Male,82.1,151.9,3206,80,Cycling,60,4,1920.4,Low effort,1917.0
3182,23.1,Female,73.3,185.7,2250,46,Walking,154,6,1841.9,Evening workout,1845.0
3183,26.1,Female,59.4,169.5,5558,17,Running,66,3,1286.5,High intensity,1289.0
3184,37.3,Female,67.1,165.3,10863,14,Yoga,121,9,2080.6,Morning session,2079.0
3185,18.8,Male,90.0,152.7,3151,53,Walking,170,8,2157.9,,2158.0
3186,25.8,Female,72.1,179.4,6077,109,Walking,146,1,2252.5,Evening workout,2254.0
3187,40.2,Male,70.1,151.9,16552,101,Cycling,117,2,2723.6,High intensity,2719.0
3188,20.2,Male,54.5,184.7,3297,76,HIIT,147,10,2248.2,,2244.0
3189,21.2,Male,91.5,175.9,10228,112,Cycling,137,9,2929.2,,2933.0
3190,42.4,Male,48.8,154.8,3614,81,HIIT,146,10,2320.1,,2316.0
3191,64.3,Male,99.8,151.6,2879,88,Walking,132,3,2189.3,,2192.0
3192,55.7,Female,110.2,169.2,1620,100,Running,67,3,2081.8,High intensity,2085.0
3193,32.4,Male,111.2,183.4,9262,58,Swimming,123,10,2610.4,Good workout,2609.0
3194,38.3,Male,51.7,183.9,19187,45,Swimming,67,9,2493.6,,2491.0
3195,52.7,Female,99.8,169.4,2925,89,Swimming,62,3,1991.4,Good workout,1988.0
3196,63.1,Male,75.6,174.2,18421,35,Yoga,117,10,2755.0,Good workout,2755.0
3197,31.7,Male,118.4,169.4,11553,54,Swimming,91,5,2408.3,Evening workout,2410.0
3198,53.9,Female,63.3,174.3,10630,70,Yoga,175,6,2532.6,,2533.0
3199,29.1,Female,72.5,163.1,13003,53,Walking,127,3,2206.1,Evening workout,2204.0
3200,34.1,Female,72.1,193.4,9676,13,HIIT,108,10,2018.5,Evening workout,2018.0
3201,56.3,Male,63.2,192.0,5898,85,Yoga,97,8,2300.3,,2299.0
3202,26.1,Female,64.6,192.1,15601,90,Yoga,61,2,2373.3,Morning session,2371.0
3203,52.7,Female,57.5,188.1,14136,67,Cycling,68,6,2317.3,,2322.0
3204,30.9,Female,87.6,161.6,15578,114,Yoga,105,2,2818.9,Low effort,2819.0
3205,32.3,Male,55.8,154.9,7121,117,Running,124,9,2699.4,Evening workout,2696.0
3206,35.6,Female,92.3,151.2,6789,35,Running,108,6,1997.0,Good workout,1999.0
3207,50.7,Male,59.8,165.1,17310,104,,134,9,3127.7,Morning session,3130.0
3208,23.8,Male,61.4,179.8,18734,88,Swimming,88,4,2672.7,,2676.0
3209,44.3,Female,98.9,192.8,14134,107,Cycling,149,3,2951.1,,2956.0
3210,40.2,Male,94.1,187.2,7485,38,Cycling,150,2,1974.4,Low effort,1979.0
3211,44.3,Male,72.3,194.1,10980,18,Running,161,8,2245.3,Morning session,2241.0
3212,51.5,Female,48.3,191.1,4625,87,Walking,88,4,1946.7,,1948.0
3213,63.7,Male,66.8,173.8,12512,45,Walking,92,2,2042.1,Evening workout,2042.0
3214,55.4,Female,83.7,179.3,9951,13,HIIT,87,9,2047.7,,2049.0
3215,31.7,Male,78.7,186.8,9117,68,Cycling,154,8,2528.2,High intensity,2528.0
3216,53.4,Male,88.8,188.1,9989,111,Running,142,5,2786.6,Evening workout,2789.0
3217,25.4,Female,86.2,160.5,17915,46,Running,171,8,2856.4,Low effort,2856.0
3218,52.5,Female,84.1,163.3,12608,97,Walking,85,5,2620.7,,2620.0
3219,36.5,Male,56.5,172.3,1598,90,HIIT,173,7,2247.9,Good workout,2244.0
3220,47.3,Male,46.6,165.2,8428,22,Running,88,5,1612.3,,1608.0
3221,31.7,Female,72.8,170.1,5904,29,HIIT,70,5,1562.0,Morning session,1565.0
3222,37.9,Male,118.7,153.9,3909,26,Swimming,164,4,1928.1,Low effort,1931.0
3223,42.5,Male,111.4,182.5,14551,60,Swimming,155,5,2755.9,,2756.0
3224,57.6,Male,115.9,163.8,18062,100,Swimming,144,7,3328.4,High intensity,3333.0
3225,41.8,Male,116.5,168.7,9922,64,Swimming,161,3,2466.6,Evening workout,2465.0
3226,31.3,Female,54.3,154.2,3025,42,HIIT,93,4,1507.4,High intensity,1511.0
3227,43.2,Female,101.7,185.3,14220,30,Cycling,163,8,2607.0,Low effort,2603.0
3228,55.2,Female,81.5,180.4,14190,90,Swimming,145,6,2896.8,Low effort,2899.0
3229,40.5,Female,108.1,194.5,3766,31,HIIT,107,8,1945.2,Low effort,1950.0
3230,39.8,Female,84.6,167.2,19482,34,HIIT,86,2,2263.2,Morning session,2259.0
3231,36.4,Female,104.5,193.1,1391,76,HIIT,131,9,2290.4,Low effort,2291.0
3232,63.5,Male,92.5,180.8,11935,100,Swimming,99,7,2807.4,,2803.0
3233,20.5,Female,63.2,179.1,4784,100,Swimming,169,5,2320.0,Good workout,2325.0
3234,59.6,Male,116.8,170.1,19069,119,Walking,90,7,3422.1,Low effort,3421.0
3235,36.8,Male,77.5,179.7,3914,21,Running,124,2,1491.2,Evening workout,1496.0
3236,26.6,Male,88.8,190.5,14243,24,Running,98,4,2113.1,Good workout,2117.0
3237,45.8,Female,81.7,153.3,13282,111,Swimming,157,7,3060.9,Low effort,3060.0
3238,37.6,Male,80.6,154.8,13965,93,Running,170,2,2732.6,,2731.0
3239,62.8,Female,65.3,190.5,12505,95,Running,83,8,2654.9,Low effort,2656.0
3240,24.0,Male,46.4,194.1,5951,11,HIIT,151,10,1794.1,Low effort,1798.0
3241,31.3,Male,75.6,159.9,8655,13,Cycling,173,10,2215.8,,2218.0
3242,26.5,Female,74.2,176.5,5610,54,Yoga,127,5,1991.7,Good workout,1993.0
3243,36.4,Male,88.1,165.4,18468,22,HIIT,141,5,2513.5,Low effort,2516.0
3244,64.3,Male,56.4,179.5,8583,64,Swimming,152,8,2401.7,High intensity,2402.0
3245,31.1,Male,95.9,162.4,18701,41,HIIT,82,1,2270.8,Good workout,2269.0
3246,55.7,Male,93.4,185.6,7880,31,HIIT,160,6,2183.4,Morning session,2181.0
3247,53.5,Female,68.8,170.4,3349,98,Cycling,120,2,2051.1,Morning session,2050.0
3248,57.1,Male,68.8,194.2,8208,100,Cycling,86,1,2158.7,,2161.0
3249,34.4,Male,104.4,189.8,14720,64,Yoga,75,7,2609.6,,2613.0
3250,47.0,Female,55.9,194.1,7881,26,HIIT,104,4,1695.4,Evening workout,1698.0
3251,26.6,Male,57.5,164.9,4722,79,Swimming,86,1,1695.1,High intensity,1692.0
3252,50.6,Male,116.3,169.7,16332,116,Walking,132,10,3557.8,,3558.0
3253,42.7,Male,118.3,169.6,8224,60,HIIT,64,6,2258.4,Good workout,2258.0
3254,31.6,Male,116.3,194.8,14229,89,Yoga,118,10,3149.9,,3146.0
3255,28.6,Female,108.6,154.8,8802,17,Cycling,131,6,2078.0,,2073.0
3256,52.5,Male,64.5,181.1,12439,70,HIIT,141,3,2427.0,,2422.0
3257,58.2,Female,116.7,155.8,4134,106,Cycling,94,6,2512.4,Low effort,2509.0
3258,31.8,Male,117.0,179.7,3598,19,Yoga,129,10,2056.7,,2055.0
3259,47.2,Male,115.9,175.7,5052,107,Running,166,9,2911.5,,2915.0
3260,58.0,Male,72.4,186.1,13741,28,Cycling,146,6,2328.2,,2328.0
3261,,Female,46.7,162.1,4824,23,Walking,105,1,1263.6,Good workout,1264.0
3262,21.3,Male,87.4,178.2,4520,76,Running,149,10,2464.6,Low effort,2465.0
3263,45.1,Male,52.6,154.7,2249,64,Yoga,115,6,1825.4,High intensity,1822.0
3264,25.3,Female,57.5,174.8,16565,70,Walking,174,8,2857.7,Morning session,2856.0
3265,19.4,Female,79.3,162.6,19458,65,HIIT,162,7,2951.1,Morning session,2952.0
3266,58.4,Female,67.1,173.4,19888,72,Cycling,83,8,2879.7,Low effort,2879.0
3267,63.7,Female,90.9,180.7,13997,114,HIIT,69,8,3049.2,,3051.0
3268,39.3,Male,59.2,169.7,3014,96,Running,138,9,2359.9,,2355.0
3269,58.9,Male,46.8,157.6,5944,113,Walking,97,3,2159.3,High intensity,2159.0
3270,33.4,Male,105.5,158.3,1948,20,Cycling,143,7,1810.3,Evening workout,1814.0
3271,46.2,Male,108.1,170.8,17490,56,Cycling,152,6,2904.8,,2901.0
3272,47.8,Female,96.8,169.4,11683,15,Swimming,129,2,1943.5,Evening workout,1947.0
3273,29.3,Male,80.6,164.3,15012,43,Yoga,107,5,2329.6,,2326.0
3274,52.1,Male,111.4,175.6,5692,74,Cycling,68,3,2107.9,Good workout,2105.0
3275,28.6,Male,113.8,191.1,4240,108,Yoga,174,5,2644.7,Evening workout,2642.0
3276,63.5,Male,111.6,160.7,10762,98,Walking,109,9,2941.6,High intensity,2946.0
3277,38.7,Female,91.1,186.6,14731,73,Swimming,128,8,2885.2,Good workout,2885.0
3278,38.2,Male,46.8,190.5,19018,102,Walking,107,9,3029.6,High intensity,3025.0
3279,22.3,Male,88.5,160.5,11130,96,Walking,98,9,2775.4,Morning session,2780.0
3280,37.5,Male,108.8,176.8,18916,91,,142,8,3330.4,Morning session,3329.0
3281,54.6,Female,72.4,179.4,8608,87,HIIT,64,8,2377.0,Low effort,2374.0
3282,20.8,Female,98.7,168.1,13409,90,Walking,143,6,2837.9,,2833.0
3283,61.7,Male,118.2,183.1,18824,75,HIIT,70,6,2953.7,High intensity,2951.0
3284,50.4,Male,111.1,187.1,12589,40,Running,178,6,2629.9,Morning session,2629.0
3285,26.8,Male,80.4,172.8,13437,92,Swimming,173,10,3094.5,,3091.0
3286,26.4,Female,107.3,150.6,18999,105,Walking,119,6,3205.4,,3206.0
3287,21.3,Male,69.9,152.2,10705,71,Yoga,86,9,2418.4,Morning session,2423.0
3288,52.3,Male,92.5,152.8,16376,63,Yoga,152,10,3030.9,Morning session,3030.0
3289,34.6,Male,83.1,177.1,19982,101,Yoga,66,1,2708.7,,2708.0
3290,51.1,Female,91.5,163.4,12611,114,Walking,119,10,3159.8,Low effort,3160.0
3291,41.4,Male,65.6,179.8,8590,17,Running,109,6,1847.2,Good workout,1847.0
3292,49.7,Male,74.8,154.2,19711,51,Yoga,126,8,2826.0,High intensity,2822.0
3293,18.4,Female,75.0,164.4,7565,50,HIIT,128,1,1822.0,,1825.0
3294,25.2,Female,70.5,187.5,19360,68,Walking,114,6,2754.0,Low effort,2756.0
3295,62.5,Male,66.0,163.3,2835,49,Swimming,136,9,2081.8,Low effort,2083.0
3296,40.8,Female,65.7,163.3,17738,112,Walking,75,6,2896.5,,2894.0
3297,64.2,Male,45.3,157.9,10797,31,Walking,177,2,1985.1,,1990.0
3298,57.5,Female,81.5,157.3,4195,33,HIIT,71,1,1425.8,,1427.0
3299,29.2,Female,90.8,168.0,14868,47,Swimming,162,4,2518.0,Evening workout,2517.0
3300,29.6,Male,53.4,181.9,10179,11,Running,86,6,1692.5,Good workout,1692.0
3301,63.8,Male,61.4,180.4,9345,50,Yoga,177,10,2548.3,,2549.0
3302,64.6,Male,91.4,178.8,1906,114,HIIT,168,10,2766.7,Good workout,2766.0
3303,32.1,Female,103.8,190.8,12955,28,Running,92,9,2335.3,,2336.0
3304,58.8,Male,98.9,160.5,16768,114,Yoga,138,5,3215.7,,3216.0
3305,36.8,Male,56.6,194.6,8198,11,Running,144,7,1821.6,Evening workout,1820.0
3306,43.1,Male,108.8,162.5,2620,101,Yoga,167,6,2533.4,,2537.0
3307,46.5,Male,50.5,176.6,12820,105,Walking,140,6,2719.6,,2716.0
3308,39.5,Male,97.1,168.8,12766,71,Yoga,114,9,2754.7,,2751.0
3309,57.5,Female,60.5,175.3,9523,92,Walking,111,5,2442.1,Morning session,2443.0
3310,38.5,Male,49.3,186.1,5338,25,Running,96,2,1352.1,,1351.0
3311,55.6,Male,117.7,158.7,16911,103,Swimming,172,8,3494.3,Morning session,3498.0
3312,37.8,Female,90.9,177.7,17813,31,HIIT,179,3,2524.8,,2520.0
3313,,Male,58.3,181.5,6301,23,Swimming,74,9,1732.0,High intensity,1737.0
3314,21.5,Male,88.8,152.6,16144,65,Running,143,5,2654.2,Evening workout,2657.0
3315,24.7,Male,107.5,181.4,14784,74,Yoga,142,1,2634.2,Evening workout,2633.0
3316,45.6,Male,96.3,154.1,3423,54,Walking,124,4,1968.6,,1964.0
3317,45.7,Male,70.4,157.2,9272,63,HIIT,127,9,2450.0,Good workout,2452.0
3318,21.2,Female,97.0,163.8,2573,75,Running,62,1,1699.3,Low effort,1704.0
3319,39.6,Female,73.5,152.2,17803,95,Swimming,131,8,3071.2,,3070.0
3320,29.8,Female,63.8,173.8,1466,55,HIIT,164,8,1980.9,Good workout,1979.0
3321,62.1,Male,91.4,162.8,16787,42,Swimming,167,9,2880.2,Morning session,2884.0
3322,20.1,Female,52.4,192.3,6176,88,Yoga,64,9,2212.3,,2208.0
3323,39.7,Male,67.3,178.1,4393,59,Yoga,68,6,1786.4,,1786.0
3324,61.2,Male,79.2,157.4,10757,114,Running,60,5,2577.1,,2579.0
3325,19.7,Male,97.7,191.2,16164,31,Yoga,178,7,2697.0,Evening workout,2695.0
3326,41.5,Female,102.0,180.6,13222,49,Yoga,166,9,2795.3,,2791.0
3327,51.8,Female,49.4,175.9,19419,48,Swimming,89,5,2434.9,High intensity,2431.0
3328,44.7,Female,60.8,167.2,19016,114,Swimming,130,3,2987.1,Low effort,2989.0
3329,58.2,Male,61.3,167.4,19368,50,Walking,145,9,2861.3,Good workout,2860.0
3330,18.7,Female,76.3,156.6,1003,84,Swimming,79,10,2059.6,Evening workout,2061.0
3331,25.3,Male,96.9,187.8,8477,77,HIIT,152,1,2292.2,Low effort,2293.0
3332,40.0,Female,64.6,165.1,6998,16,Walking,86,1,1387.7,Good workout,1390.0
3333,55.5,Female,110.4,182.2,1602,94,HIIT,148,10,2660.2,Good workout,2660.0
3334,23.9,Male,45.1,152.9,8256,80,HIIT,169,4,2252.1,Morning session,2254.0
3335,39.4,Male,102.3,187.9,11559,13,Cycling,158,2,2057.2,,2055.0
3336,42.2,Female,88.4,153.7,14686,85,Yoga,150,7,2961.2,,2959.0
3337,35.0,Female,50.2,185.3,14973,100,Swimming,122,2,2546.2,Good workout,2545.0
3338,34.7,Female,94.5,153.4,7714,68,Swimming,134,7,2425.5,Evening workout,2427.0
3339,29.2,Male,116.3,191.2,9376,90,Swimming,140,8,2837.2,Good workout,2840.0
3340,23.3,Male,64.9,158.1,12701,93,HIIT,90,8,2583.6,Evening workout,2581.0
3341,43.2,Female,58.5,189.8,15891,104,Cycling,141,3,2765.6,,2762.0
3342,44.3,Female,49.7,166.4,4251,35,Running,78,9,1737.4,Low effort,1738.0
3343,25.3,Male,85.6,166.3,9144,40,Running,173,10,2480.5,,2476.0
3344,36.0,Female,84.1,182.6,17438,108,Running,161,10,3397.4,Morning session,3402.0
3345,59.7,Male,78.8,169.0,10916,82,Swimming,152,10,2888.1,Low effort,2889.0
3346,18.7,Male,89.6,163.4,3910,78,HIIT,138,6,2205.1,Morning session,2205.0
3347,46.8,Male,115.6,171.7,19254,61,Yoga,121,4,2894.2,Morning session,2894.0
3348,62.1,Male,115.0,176.8,12482,81,Cycling,66,8,2798.0,Morning session,2795.0
3349,52.9,Male,71.3,192.5,4348,30,Cycling,160,4,1804.2,Good workout,1808.0
3350,57.6,Male,88.0,152.4,18985,25,Cycling,96,4,2415.0,Morning session,2412.0
3351,31.4,Female,77.3,173.8,6830,60,HIIT,130,8,2268.5,Low effort,2267.0
3352,52.8,,77.9,179.1,12529,25,Cycling,145,4,2116.1,High intensity,2112.0
3353,62.2,Male,88.6,157.5,9120,27,Cycling,135,1,1917.6,Low effort,1917.0
3354,37.4,Female,64.5,171.7,19474,56,Walking,67,6,2534.8,Good workout,2532.0
3355,30.8,Male,80.5,174.4,6480,65,HIIT,116,8,2243.0,Morning session,2245.0
3356,55.4,Female,51.3,159.3,10443,37,Running,141,3,1947.7,,1944.0
3357,63.9,Male,76.5,178.9,7370,91,Cycling,87,2,2165.6,Evening workout,2165.0
3358,25.8,Female,111.9,189.3,1170,87,Walking,141,6,2259.0,Morning session,2258.0
3359,60.0,Female,83.7,150.6,3809,65,Running,154,1,1972.3,Morning session,1976.0
3360,37.3,Male,68.4,170.9,7993,46,Swimming,76,5,1851.1,,1856.0
3361,50.2,Male,114.1,188.1,12946,113,Swimming,146,6,3143.4,Evening workout,3141.0
3362,43.8,Male,98.8,173.6,4991,25,Swimming,70,8,1851.3,Morning session,1848.0
3363,56.5,Male,82.3,158.7,1826,94,Yoga,74,7,2148.7,Low effort,2146.0
3364,38.4,Female,118.9,193.9,10857,74,Running,89,6,2581.4,Evening workout,2584.0
3365,59.1,Female,119.6,175.3,17513,69,Cycling,175,2,2938.1,Good workout,2939.0
3366,60.2,Female,76.3,158.3,18801,70,HIIT,154,8,3077.6,,3076.0
3367,58.1,Male,89.4,169.6,7798,20,Running,65,8,1937.9,Low effort,1941.0
3368,26.5,Female,105.2,184.3,18791,84,Running,71,5,2850.0,,2850.0
3369,41.8,Male,114.5,185.8,6136,75,Cycling,146,3,2345.4,Low effort,2344.0
3370,54.3,Male,97.3,191.2,18421,41,Running,120,8,2770.0,High intensity,2774.0
3371,58.9,Female,95.5,185.0,13491,28,Walking,162,5,2425.8,Low effort,2427.0
3372,34.8,Male,100.6,158.7,8546,65,Cycling,163,3,2335.9,,2333.0
3373,41.9,Female,71.5,171.0,6903,14,Swimming,95,9,1855.9,,1852.0
3374,38.4,Male,82.5,150.3,14855,12,Walking,94,9,2301.3,,2305.0
3375,56.5,Female,106.2,154.6,17406,37,Yoga,126,7,2787.4,,2785.0
3376,58.1,Male,62.8,158.7,15949,99,HIIT,165,8,3096.5,Evening workout,3093.0
3377,56.2,Female,108.2,186.3,10825,96,Yoga,179,5,2933.3,,2933.0
3378,30.9,Female,74.7,187.3,7287,103,Cycling,151,5,2534.7,Good workout,2533.0
3379,28.4,Male,93.3,168.6,13193,81,Running,138,5,2689.0,Good workout,2688.0
3380,63.2,Male,85.4,157.4,2405,109,Running,136,2,2253.7,,2251.0
3381,36.7,Female,57.5,191.2,10670,38,Yoga,122,3,1956.7,Good workout,1959.0
3382,28.4,Male,78.3,192.8,18578,86,Yoga,142,8,3066.9,,3067.0
3383,30.7,Male,69.2,181.1,9767,68,Cycling,99,6,2243.8,Evening workout,2239.0
3384,63.3,Male,110.1,162.5,8923,34,Cycling,141,9,2474.6,Evening workout,2474.0
3385,62.9,Female,62.3,169.3,2606,31,Walking,90,7,1653.2,Good workout,1653.0
3386,18.4,Female,49.5,185.2,9643,119,HIIT,96,6,2482.2,High intensity,2485.0
3387,57.9,Male,63.1,192.3,9316,106,Cycling,144,4,2600.6,,2604.0
3388,61.5,Male,86.5,193.7,12646,110,Walking,162,7,3104.0,Evening workout,3105.0
3389,36.4,Female,62.8,186.1,11556,80,HIIT,64,4,2171.1,,2175.0
3390,29.8,Male,76.5,179.4,11058,32,Swimming,174,7,2310.8,High intensity,2315.0
3391,25.9,Female,65.9,159.0,7250,79,HIIT,140,5,2260.8,Morning session,2259.0
3392,25.1,Male,54.7,180.1,2683,88,Swimming,142,2,1923.1,Morning session,1925.0
3393,62.7,Male,81.6,174.2,12726,88,Swimming,63,7,2596.7,,2601.0
3394,29.9,Male,93.7,178.3,8663,49,HIIT,177,8,2517.0,,2521.0
3395,50.5,Female,57.6,173.1,14083,107,HIIT,85,10,2925.4,Evening workout,2924.0
3396,62.6,Female,99.4,188.6,14146,23,HIIT,83,2,2050.3,,2049.0
3397,43.3,Female,61.3,170.7,12253,38,Running,98,6,2110.4,Evening workout,2113.0
3398,56.6,Female,53.5,190.5,16736,25,Yoga,115,4,2178.5,,2176.0
3399,45.3,Male,88.7,158.6,4223,102,Running,113,5,2341.8,Evening workout,2341.0
3400,22.2,Male,90.4,191.3,6441,96,Cycling,97,1,2110.6,Morning session,2112.0
3401,25.5,Female,52.7,191.9,10822,19,Swimming,169,6,2009.5,Low effort,2007.0
3402,42.1,Male,81.4,151.5,8381,56,Swimming,113,8,2283.7,Low effort,2287.0
3403,44.6,Male,63.8,153.3,13863,13,Walking,78,2,1741.1,High intensity,1739.0
3404,63.8,Female,107.1,157.0,6184,21,HIIT,153,1,1894.7,,1890.0
3405,40.5,Male,90.6,181.1,17653,51,Cycling,85,9,2729.5,Evening workout,2734.0
3406,47.2,Male,115.1,163.2,10315,107,Yoga,111,2,2708.5,Good workout,2709.0
3407,62.2,Female,70.9,162.1,5533,13,Walking,134,8,1866.4,Evening workout,1868.0
3408,64.8,Male,90.6,170.9,18426,93,Walking,177,5,3285.7,,3282.0
3409,40.2,Male,90.8,173.5,15560,101,Swimming,120,2,2754.1,High intensity,2759.0
3410,64.7,Male,119.3,167.4,2641,101,Cycling,162,5,2555.7,,2557.0
3411,37.2,Female,58.8,194.2,16925,15,Yoga,126,9,2364.2,Morning session,2363.0
3412,35.4,Female,107.5,189.8,11633,23,Running,175,6,2404.9,Morning session,2403.0
3413,35.3,Male,116.7,175.2,4297,44,Walking,81,3,1838.6,Low effort,1841.0
3414,19.1,Male,47.3,181.3,18767,56,Yoga,76,8,2521.8,Low effort,2525.0
3415,21.4,Male,72.6,193.6,4996,67,Running,70,1,1620.2,High intensity,1616.0
3416,47.6,Female,73.7,182.1,1014,74,Walking,170,9,2254.9,Evening workout,2258.0
3417,50.2,Female,62.7,180.4,15895,28,Cycling,98,9,2375.3,High intensity,2375.0
3418,53.2,Female,79.5,167.3,2674,66,HIIT,120,4,1896.3,,1899.0
3419,35.5,Male,91.7,184.8,6099,74,Running,170,8,2529.7,,2529.0
3420,54.2,Male,49.3,161.5,18864,22,Yoga,150,3,2294.4,Evening workout,2294.0
3421,36.5,Male,119.3,174.1,8363,17,Swimming,108,6,2066.0,Evening workout,2068.0
3422,64.3,Male,103.1,194.2,6957,27,Cycling,166,10,2412.8,,2412.0
3423,45.8,Male,119.4,180.5,5210,44,HIIT,152,10,2487.5,Morning session,2487.0
3424,57.6,Female,103.3,159.1,16776,96,Running,120,8,3204.0,,3202.0
3425,37.6,Male,91.5,183.5,18359,35,Walking,71,9,2611.8,Good workout,2615.0
3426,50.2,Male,57.7,152.5,19069,114,Cycling,72,8,3048.0,Low effort,3049.0
3427,29.9,Male,77.8,188.6,3083,47,Walking,117,9,1954.5,,1958.0
3428,32.0,Female,106.6,157.2,19070,93,HIIT,70,4,2939.7,Good workout,2943.0
3429,58.5,Male,60.9,181.7,5158,75,Walking,123,10,2336.6,,2333.0
3430,56.9,Female,88.0,192.4,17571,35,Cycling,90,1,2252.2,Low effort,2250.0
3431,19.4,Female,102.8,178.5,3782,66,HIIT,70,7,2016.6,,2014.0
3432,46.8,Female,50.1,171.6,5100,109,Walking,164,10,2664.1,,2668.0
3433,58.0,Female,59.0,169.4,12701,34,Swimming,102,4,2023.9,Evening workout,2021.0
3434,27.6,Female,48.8,155.3,16525,39,Swimming,95,1,1980.0,,1981.0
3435,19.3,Male,100.6,192.9,19456,91,Swimming,61,3,2786.7,Morning session,2786.0
3436,28.2,Male,108.5,178.4,1097,16,Yoga,146,7,1750.0,Good workout,1753.0
3437,30.1,Female,112.7,191.1,10483,36,Cycling,120,3,2157.0,,2157.0
3438,27.5,Female,78.6,166.8,4464,20,Cycling,95,1,1342.3,High intensity,1339.0
3439,31.4,Female,100.4,180.5,2787,110,Yoga,137,7,2571.1,,2576.0
3440,35.0,Male,76.9,183.3,8763,17,HIIT,160,8,2109.1,Morning session,2111.0
3441,26.6,Male,53.7,187.5,1683,20,Cycling,108,5,1275.1,Evening workout,1274.0
3442,56.6,Female,107.7,186.5,17092,97,Yoga,86,6,3007.6,Evening workout,3009.0
3443,45.8,Male,116.6,153.2,2132,39,Running,71,3,1666.3,,1665.0
3444,20.7,Male,77.4,151.6,13314,103,Swimming,117,5,2736.3,Morning session,2734.0
3445,37.5,Female,65.5,161.7,6877,24,Walking,152,3,1732.3,High intensity,1733.0
3446,23.6,Female,99.8,184.2,14068,65,Cycling,65,2,2257.1,Good workout,2262.0
3447,44.4,Male,101.5,155.6,15633,44,Running,103,7,2599.6,Morning session,2600.0
3448,19.5,Male,46.0,157.1,16758,48,Cycling,106,10,2536.2,Morning session,2534.0
3449,46.2,Male,57.2,170.2,18425,33,Walking,82,7,2372.3,Low effort,2376.0
3450,55.2,Female,48.4,184.1,12057,17,HIIT,174,8,2195.6,Evening workout,2199.0
3451,20.2,Female,94.6,164.2,1854,52,HIIT,133,1,1690.1,Evening workout,1694.0
3452,33.3,Female,92.2,156.6,6738,51,Yoga,157,2,1996.6,,1998.0
3453,47.4,Male,74.7,164.0,3026,93,Swimming,167,2,2158.6,High intensity,2154.0
3454,57.8,Male,73.1,194.6,6365,50,Yoga,135,3,1961.3,,1964.0
3455,19.6,Female,52.8,155.4,3550,56,Swimming,155,7,1918.7,,1914.0
3456,34.6,Male,56.9,166.5,8089,35,HIIT,85,7,1841.9,Low effort,1838.0
3457,58.8,Female,85.7,153.3,17623,61,Swimming,66,7,2672.5,Low effort,2669.0
3458,29.7,Male,70.5,171.2,17873,97,Walking,91,1,2585.6,High intensity,2585.0
3459,52.3,Female,94.2,181.8,13043,31,Running,92,2,2057.8,Evening workout,2053.0
3460,60.3,Male,46.0,171.2,2036,14,Running,141,8,1560.6,,1562.0
3461,18.6,Male,99.8,176.8,7122,24,Yoga,158,9,2219.5,Good workout,2223.0
3462,62.8,Female,100.6,164.2,15578,45,Cycling,79,10,2706.6,,2710.0
3463,32.5,Female,58.6,193.8,16689,110,Walking,154,7,3092.8,Morning session,3095.0
3464,43.7,Female,50.0,171.2,17150,72,Swimming,128,1,2400.8,Morning session,2402.0
3465,54.9,Female,105.9,177.2,12692,102,Yoga,155,4,2913.1,High intensity,2915.0
3466,38.5,Female,56.3,191.7,13054,88,HIIT,111,10,2744.7,High intensity,2743.0
3467,48.8,Male,57.1,187.8,2767,100,Swimming,170,8,2468.0,Good workout,2463.0
3468,42.0,Female,63.3,158.3,5708,58,HIIT,101,5,1921.9,Low effort,1921.0
3469,40.7,Female,88.5,183.1,9353,64,Running,142,1,2206.1,,2210.0
3470,41.8,Female,103.7,185.2,2256,81,HIIT,60,7,2091.2,,2088.0
3471,55.2,Female,81.8,158.4,11143,69,HIIT,122,6,2480.3,,2476.0
3472,45.3,Female,69.8,164.3,6351,66,HIIT,66,9,2137.9,,2140.0
3473,38.2,Male,,194.1,15263,38,Cycling,117,4,2186.2,Good workout,2190.0
3474,60.2,Female,82.6,169.6,1749,28,Swimming,145,4,1667.4,High intensity,1665.0
3475,35.3,Female,87.7,157.8,18092,104,Yoga,109,8,3132.3,,3133.0
3476,53.5,Female,58.0,177.6,7416,82,Walking,93,4,2104.4,,2108.0
3477,52.7,Male,50.2,168.3,7950,19,Running,110,3,1601.5,Low effort,1602.0
3478,62.7,Male,67.5,165.8,13328,110,HIIT,179,7,3065.0,,3069.0
3479,26.7,Female,104.4,160.2,2713,19,Running,179,5,1871.8,Good workout,1876.0
3480,55.3,Female,56.2,191.5,13777,106,Swimming,69,9,2783.7,,2788.0
3481,47.7,Male,57.4,157.8,9308,98,Cycling,170,5,2586.8,Good workout,2590.0
3482,61.8,Male,50.7,182.6,11673,66,Swimming,165,9,2606.6,Evening workout,2604.0
3483,51.2,Male,107.9,159.8,16378,63,HIIT,85,6,2726.6,High intensity,2725.0
3484,49.8,Female,82.6,167.3,16329,65,HIIT,91,6,2589.3,Good workout,2594.0
3485,20.5,Female,94.8,184.4,14882,77,Swimming,101,6,2652.5,Low effort,2654.0
3486,20.6,Male,96.4,192.0,17579,78,Cycling,150,7,2984.4,Good workout,2989.0
3487,45.8,Female,84.2,152.0,5714,96,Walking,121,4,2377.0,Good workout,2380.0
3488,61.2,Male,52.4,189.7,11664,112,Running,71,4,2474.0,Low effort,2473.0
3489,32.1,Male,105.5,176.1,16753,64,Cycling,99,9,2872.7,Morning session,2873.0
3490,58.4,Male,52.6,177.4,13321,78,,146,7,2652.5,Good workout,2653.0
3491,40.7,Female,78.6,155.9,15630,81,Yoga,137,10,2996.8,Low effort,3000.0
3492,57.5,Male,104.7,163.6,18658,90,Walking,93,6,3064.8,High intensity,3062.0
3493,28.1,Male,101.5,156.1,4709,10,HIIT,140,1,1549.1,Morning session,1553.0
3494,49.2,Female,90.1,159.4,1338,21,Running,129,7,1712.5,Low effort,1711.0
3495,53.1,Male,66.8,164.5,7761,44,Swimming,86,6,1933.9,Good workout,1936.0
3496,50.9,Female,84.1,180.5,5275,87,Swimming,67,4,2122.1,Morning session,2127.0
3497,41.6,Male,89.7,178.1,12491,91,Walking,156,8,2913.3,High intensity,2910.0
3498,56.3,Female,99.6,191.2,19040,83,Walking,158,7,3222.7,,3224.0
3499,51.1,Male,95.1,166.7,7762,88,Yoga,106,8,2600.7,,2596.0
3500,45.8,Male,49.4,178.5,9834,115,Swimming,140,9,2847.3,Low effort,2844.0
3501,54.6,Male,57.0,193.0,15358,42,HIIT,85,1,2059.3,,2061.0
3502,24.4,Male,72.8,164.2,10872,92,Running,116,3,2391.0,Low effort,2393.0
3503,21.0,Male,106.7,175.5,18553,107,Running,66,2,2826.4,Evening workout,2829.0
3504,54.5,Female,68.5,161.1,9173,118,Yoga,169,3,2740.2,Good workout,2737.0
3505,18.8,Female,51.6,174.4,17685,34,Walking,147,2,2188.1,,2190.0
3506,18.4,Male,82.7,190.5,12333,25,Swimming,148,6,2206.8,High intensity,2208.0
3507,64.6,Male,81.1,154.1,18950,17,Walking,158,9,2701.1,Low effort,2701.0
3508,37.5,Male,112.9,153.3,12356,44,Swimming,85,2,2182.1,Evening workout,2182.0
3509,36.6,Female,86.9,193.1,8816,94,Walking,118,4,2429.3,Good workout,2430.0
3510,46.5,Female,49.8,190.1,13149,92,Yoga,173,5,2707.3,Low effort,2710.0
3511,27.1,Male,108.1,180.5,19594,55,Cycling,177,5,2992.4,Evening workout,2996.0
3512,35.6,Female,94.3,152.8,12344,20,Swimming,128,1,1953.4,Good workout,1955.0
3513,45.1,Male,59.5,152.7,17187,70,Swimming,175,6,2834.3,Evening workout,2830.0
3514,52.1,Male,117.7,175.6,12851,53,Swimming,177,5,2722.8,,2721.0
3515,60.3,Male,97.2,166.1,8230,20,Swimming,106,6,1978.4,,1977.0
3516,64.5,Female,69.7,159.5,9803,20,Swimming,161,4,2020.9,High intensity,2025.0
3517,48.3,Male,53.1,151.6,16795,31,Swimming,94,6,2234.3,Good workout,2230.0
3518,44.4,Male,82.2,173.4,2943,94,Cycling,89,9,2301.9,,2301.0
3519,28.2,Male,66.4,160.6,15015,100,Cycling,109,1,2498.2,High intensity,2503.0
3520,55.2,Female,93.0,173.3,9348,91,Cycling,148,6,2731.8,,2728.0
3521,22.4,Female,112.7,184.1,12750,71,HIIT,83,1,2290.5,High intensity,2294.0
3522,25.2,Female,59.1,172.4,6385,115,Walking,89,7,2434.2,Evening workout,2433.0
3523,51.5,Male,109.5,181.7,17639,57,Cycling,143,4,2811.0,High intensity,2810.0
3524,29.1,Female,98.3,172.5,10243,113,Cycling,113,6,2791.8,,2796.0
3525,55.1,Male,74.4,183.7,17273,111,Yoga,126,7,3175.0,Low effort,3172.0
3526,18.7,Female,64.2,190.8,6032,103,Running,91,5,2202.4,,2198.0
3527,48.3,Male,77.6,168.2,7261,72,Walking,67,9,2281.0,,2278.0
3528,21.1,Female,51.3,151.5,19801,60,Running,174,8,2891.3,High intensity,2887.0
3529,62.7,Male,52.0,151.3,19640,54,Swimming,109,3,2437.2,Low effort,2440.0
3530,22.7,Female,72.7,164.7,3634,118,Yoga,106,1,2075.4,Morning session,2076.0
3531,47.4,Female,89.1,170.0,2891,42,Running,146,10,2164.5,Low effort,2163.0
3532,41.7,Female,117.0,184.8,11683,94,Walking,105,8,2909.3,Low effort,2909.0
3533,20.0,Male,118.4,154.1,10967,69,Running,139,4,2590.7,Good workout,2588.0
3534,28.2,Female,55.6,192.4,13128,11,Running,94,7,1891.7,Morning session,1891.0
3535,62.6,Female,75.3,176.6,8426,22,HIIT,120,4,1828.1,High intensity,1830.0
3536,21.0,Female,56.3,,2970,75,HIIT,148,7,2065.3,,2065.0
3537,43.9,Female,95.4,156.5,7771,66,HIIT,138,1,2143.8,Low effort,2146.0
3538,44.7,Male,88.6,155.5,11684,52,Walking,110,1,2127.0,Morning session,2125.0
3539,63.2,Female,94.4,182.6,13857,54,HIIT,122,2,2334.2,Good workout,2336.0
3540,60.7,Male,61.5,166.7,18032,40,Walking,67,5,2324.4,Low effort,2327.0
3541,44.1,Male,79.7,191.9,10832,19,,93,10,2125.7,,2129.0
3542,59.4,Male,45.5,179.4,15640,32,Walking,84,6,2154.8,High intensity,2154.0
3543,23.2,Male,73.9,157.4,13626,95,Running,172,2,2703.9,Evening workout,2707.0
3544,32.5,,95.5,189.3,19485,38,Swimming,103,1,2392.1,Evening workout,2391.0
3545,47.2,Male,108.3,156.2,14423,106,Swimming,142,9,3260.3,High intensity,3256.0
3546,59.1,Male,48.2,155.4,17802,40,Swimming,102,7,2419.5,Evening workout,2420.0
3547,54.1,Male,72.0,153.2,17333,87,Cycling,109,8,2969.4,High intensity,2972.0
3548,54.1,Male,60.8,150.2,3352,83,Walking,72,6,1960.2,High intensity,1956.0
3549,59.1,Female,107.6,164.2,2751,27,Walking,105,9,1949.6,Low effort,1950.0
3550,54.8,Female,97.8,180.4,13167,20,Walking,135,8,2417.9,,2418.0
3551,52.1,Male,61.9,174.2,6524,112,Walking,138,4,2438.7,Low effort,2434.0
3552,40.4,Male,84.1,182.3,19735,56,Running,146,5,2829.7,,2834.0
3553,23.5,Male,57.3,184.2,16183,12,Running,112,2,1854.4,Evening workout,1850.0
3554,21.4,Female,96.7,154.5,18673,11,Yoga,122,1,2122.4,Morning session,2120.0
3555,35.1,Female,102.3,154.1,12315,63,Walking,163,6,2666.5,High intensity,2668.0
3556,26.1,Female,81.2,185.7,3702,81,Running,61,3,1784.5,Morning session,1788.0
3557,46.2,Female,105.4,166.5,9835,40,Walking,99,4,2116.6,,2113.0
3558,30.2,Female,78.7,163.5,15542,17,Yoga,82,1,1876.2,Good workout,1872.0
3559,64.5,Male,114.5,178.7,13259,52,Yoga,118,6,2623.1,,2623.0
3560,34.1,Female,61.6,157.4,3922,57,HIIT,128,8,2007.1,Good workout,2008.0
3561,62.2,Female,64.4,183.6,7654,11,Running,93,10,1877.5,Morning session,1873.0
3562,49.6,Male,117.7,189.5,3021,31,Cycling,133,4,1883.9,Good workout,1881.0
3563,39.8,Female,103.4,150.7,14955,14,Yoga,86,10,2390.6,Morning session,2391.0
3564,21.4,Female,113.7,178.2,16716,16,Cycling,114,8,2487.2,,2489.0
3565,22.7,Female,77.1,185.5,12310,29,HIIT,165,10,2467.6,,2466.0
3566,54.6,Male,61.7,186.4,17520,101,HIIT,63,3,2620.7,Evening workout,2622.0
3567,58.8,Female,101.3,178.4,5225,86,Walking,127,7,2447.0,Good workout,2444.0
3568,30.3,Male,45.5,154.5,10209,11,Yoga,131,3,1624.2,High intensity,1624.0
3569,51.0,Male,57.6,181.5,12892,41,HIIT,129,6,2224.8,Morning session,2227.0
3570,62.2,Female,71.8,173.4,16723,99,Yoga,148,4,2931.2,Evening workout,2930.0
3571,39.4,Female,114.4,168.3,13719,12,Yoga,86,6,2213.8,Morning session,2215.0
3572,40.1,Female,103.1,161.3,4140,50,HIIT,106,7,2089.9,,2087.0
3573,20.8,Female,50.3,150.8,12721,51,,173,8,2461.2,Good workout,2460.0
3574,59.4,Male,67.5,156.2,3587,86,Running,176,6,2350.4,,2349.0
3575,51.1,Female,54.2,166.2,11574,94,HIIT,177,4,2645.3,,2645.0
3576,49.1,Male,95.1,183.5,7669,54,Cycling,99,9,2327.4,,2327.0
3577,62.3,Male,63.2,192.5,19989,110,HIIT,143,7,3296.0,Good workout,3299.0
3578,38.5,Male,95.2,156.5,6004,96,Yoga,86,9,2522.5,,2519.0
3579,63.5,Male,112.3,166.3,15301,80,HIIT,66,3,2643.7,,2641.0
3580,61.4,Male,86.2,152.5,9400,26,Running,82,5,1935.9,Low effort,1931.0
3581,38.7,Female,101.2,178.8,8504,101,HIIT,143,1,2494.5,Low effort,2497.0
3582,61.0,Male,112.1,171.5,4810,56,Swimming,123,8,2333.7,,2332.0
3583,28.9,Male,82.1,187.7,7080,103,Cycling,172,1,2419.9,Good workout,2423.0
3584,56.4,Female,106.4,192.1,8408,78,Yoga,174,1,2454.4,Evening workout,2454.0
3585,21.2,Female,51.9,178.3,5153,33,Cycling,157,7,1833.2,Good workout,1835.0
3586,18.5,,115.1,191.3,12055,80,Yoga,88,8,2680.9,High intensity,2681.0
3587,45.8,Male,94.2,154.7,18752,43,Swimming,120,3,2530.0,Morning session,2534.0
3588,41.1,Female,96.1,179.0,4800,59,Cycling,103,2,1902.0,,1900.0
3589,52.8,Male,70.7,172.5,2037,51,Walking,174,7,2048.2,Evening workout,2051.0
3590,30.6,Female,70.6,170.2,1992,42,Yoga,128,10,1927.5,Evening workout,1929.0
3591,64.7,Female,63.0,175.6,5510,36,Walking,86,5,1698.5,Low effort,1703.0
3592,51.7,Male,53.7,170.8,1393,87,Cycling,71,1,1599.7,,1598.0
3593,28.5,Female,105.3,169.3,9005,68,Walking,76,2,2051.7,Evening workout,2055.0
3594,53.3,Male,64.7,172.5,17741,28,Swimming,96,3,2174.7,Morning session,2177.0
3595,34.0,Male,94.0,153.3,18565,111,Swimming,93,6,3104.9,Morning session,3108.0
3596,52.5,Male,66.1,170.3,7817,85,Swimming,153,1,2213.4,,2212.0
3597,35.6,Female,57.6,170.7,3065,12,Swimming,95,8,1497.2,Evening workout,1493.0
3598,57.1,Male,56.4,150.7,13094,80,Yoga,65,2,2176.5,Good workout,2176.0
3599,,Female,54.4,164.5,14879,108,Swimming,155,5,2882.6,Good workout,2885.0
3600,41.4,,109.8,166.5,12610,34,Yoga,91,8,2386.6,,2389.0
3601,36.9,Male,74.8,163.7,1154,24,Cycling,132,5,1523.1,,1523.0
3602,54.3,Female,52.2,168.1,10746,92,HIIT,81,8,2492.4,Low effort,2496.0
3603,56.6,Male,65.8,183.4,9678,69,HIIT,69,6,2173.1,High intensity,2172.0
3604,38.2,Male,66.0,155.4,7294,92,Running,88,7,2348.9,,2347.0
3605,25.7,Female,62.4,194.4,10574,32,Cycling,70,8,1955.1,Morning session,1954.0
3606,45.5,Female,110.1,155.8,3415,20,HIIT,151,3,1782.8,Low effort,1784.0
3607,22.6,Female,92.9,154.3,16979,68,Cycling,125,5,2738.2,Low effort,2740.0
3608,34.3,Male,88.1,156.7,2070,94,Walking,115,10,2403.3,,2407.0
3609,54.6,Female,53.6,182.4,19638,43,Cycling,144,7,2645.7,Morning session,2650.0
3610,53.3,Female,111.1,162.1,15785,112,Yoga,154,9,3469.8,Evening workout,3470.0
3611,36.0,Male,98.7,150.3,17306,16,HIIT,117,6,2428.8,,2430.0
3612,44.0,Female,70.3,162.6,11067,115,Yoga,164,10,3093.9,Morning session,3098.0
3613,51.4,Male,70.8,192.9,8807,53,Walking,111,1,1916.7,,1919.0
3614,28.6,Male,78.8,176.9,19574,100,HIIT,120,8,3165.4,,3161.0
3615,62.0,Female,52.1,156.3,8398,73,Running,76,6,2119.6,,2118.0
3616,64.3,Male,54.5,152.2,13202,32,Running,150,1,2010.8,High intensity,2008.0
3617,29.1,Female,92.9,174.4,3972,111,Cycling,89,4,2242.0,,2240.0
3618,38.7,Female,99.8,182.5,18898,67,Yoga,164,6,3052.0,,3051.0
3619,28.6,Female,98.9,189.2,12312,29,Cycling,131,10,2472.9,,2468.0
3620,56.0,Female,84.6,166.2,14627,36,Yoga,96,1,2098.1,High intensity,2096.0
3621,45.7,Male,59.6,194.8,2345,69,Walking,64,10,1929.6,High intensity,1926.0
3622,22.2,Male,62.3,163.3,19301,17,HIIT,85,5,2128.2,High intensity,2126.0
3623,34.4,Female,67.9,186.4,8641,110,Swimming,129,3,2437.3,High intensity,2437.0
3624,37.8,Female,106.8,172.7,16099,76,Yoga,139,7,3008.1,Evening workout,3004.0
3625,58.7,Male,90.1,173.8,14385,11,Walking,60,8,2146.7,Good workout,2150.0
3626,63.8,Female,83.5,178.8,9644,31,Swimming,68,3,1820.9,Low effort,1825.0
3627,29.8,Male,59.6,187.1,2611,79,Walking,144,10,2252.2,,2250.0
3628,23.1,Female,97.6,176.5,19462,112,Swimming,130,3,3146.0,Good workout,3142.0
3629,34.8,Male,108.1,187.8,11773,113,Yoga,166,3,2985.3,Evening workout,2986.0
3630,36.3,Male,107.2,189.3,19448,45,Cycling,123,6,2806.8,High intensity,2807.0
3631,43.8,Male,60.4,194.6,6779,117,Walking,138,6,2534.6,Low effort,2536.0
3632,61.1,Female,114.2,172.6,10450,33,Swimming,83,3,2070.0,,2070.0
3633,61.4,Female,110.1,180.8,8150,21,Swimming,64,6,1944.9,,1940.0
3634,49.8,Female,57.3,185.9,17737,90,Swimming,110,9,2945.7,Low effort,2944.0
3635,23.8,Female,91.6,166.1,13592,31,Cycling,97,8,2313.1,High intensity,2314.0
3636,53.2,Female,53.8,186.9,14861,92,Walking,178,7,2927.8,,2929.0
3637,55.3,Male,107.3,152.9,10755,82,Cycling,88,7,2690.7,High intensity,2688.0
3638,28.0,Male,78.7,185.4,1711,85,HIIT,105,8,2114.7,High intensity,2112.0
3639,50.7,Male,73.4,154.7,14706,105,Walking,111,7,2944.3,High intensity,2942.0
3640,41.1,Male,81.8,164.8,11924,104,Yoga,105,3,2578.9,,2577.0
3641,40.3,Male,87.8,155.8,14073,90,HIIT,134,8,2954.0,Morning session,2957.0
3642,32.5,Male,108.2,159.1,16921,32,HIIT,127,8,2718.9,,2714.0
3643,44.6,Male,68.2,181.2,18813,83,Cycling,118,1,2643.6,Morning session,2644.0
3644,28.3,Female,115.4,172.1,7444,72,Yoga,69,10,2481.5,,2485.0
3645,34.7,Male,78.1,166.6,11684,39,Walking,157,5,2297.9,Morning session,2298.0
3646,31.1,Female,92.8,169.7,4420,28,Cycling,63,5,1577.9,Good workout,1576.0
3647,44.1,Male,56.4,193.7,3068,35,Swimming,111,1,1383.5,Good workout,1387.0
3648,35.5,Male,67.6,190.3,8159,99,Running,133,6,2477.7,Morning session,2479.0
3649,45.6,Female,57.3,164.8,5806,20,Running,156,6,1805.4,High intensity,1809.0
3650,64.3,Male,89.2,193.7,7844,29,Swimming,169,4,2109.3,,2106.0
3651,64.5,Female,109.0,171.3,12683,65,Walking,77,6,2555.2,,2556.0
3652,21.3,Male,91.6,155.4,3906,54,Swimming,135,6,2021.4,Evening workout,2021.0
3653,24.1,Female,102.2,153.6,12117,77,HIIT,110,1,2370.9,Morning session,2373.0
3654,62.9,Male,49.7,172.1,4665,56,Running,82,5,1712.2,,1710.0
3655,52.3,Female,49.8,193.2,12622,85,Yoga,167,2,2497.5,Morning session,2499.0
3656,26.4,Female,104.4,194.3,10348,98,Yoga,84,7,2671.5,,2672.0
3657,25.6,Male,65.9,168.8,16498,67,Cycling,119,9,2716.5,Evening workout,2716.0
3658,62.8,Male,68.8,194.5,8882,19,Yoga,96,9,1946.3,Low effort,1945.0
3659,34.0,Female,62.6,180.2,6289,31,Running,127,9,1970.9,Low effort,1968.0
3660,34.8,Male,65.1,193.5,14910,80,Walking,136,7,2737.5,Morning session,2741.0
3661,50.1,Female,98.4,152.7,8798,33,Walking,77,7,2079.2,,2081.0
3662,49.8,Male,54.5,177.6,4408,75,Swimming,88,1,1672.2,Low effort,1673.0
3663,25.1,Female,68.2,152.5,18545,105,Running,167,6,3128.9,Good workout,3133.0
3664,36.0,Male,104.3,163.5,18643,94,Running,89,5,3018.3,Morning session,3020.0
3665,55.7,Female,101.2,167.8,14959,70,Walking,171,8,3004.3,Good workout,3004.0
3666,20.5,Male,67.1,176.2,5090,16,HIIT,178,8,1890.0,Low effort,1893.0
3667,22.6,Female,66.8,159.5,12033,81,Yoga,161,4,2503.0,Morning session,2498.0
3668,30.1,Female,112.2,164.5,16362,47,HIIT,151,1,2502.1,,2506.0
3669,64.7,Male,78.4,168.2,14783,30,Yoga,66,6,2187.5,Low effort,2189.0
3670,63.2,Male,114.6,158.4,12394,17,Running,147,10,2583.2,Morning session,2581.0
3671,48.2,Female,72.7,153.1,3981,98,Walking,100,1,1980.9,,1977.0
3672,33.3,Female,83.6,164.8,9065,37,HIIT,133,5,2102.4,Good workout,2099.0
3673,49.4,Female,86.5,157.3,4554,101,Running,96,5,2294.3,Good workout,2293.0
3674,39.7,Female,67.3,150.7,13579,63,Cycling,86,3,2180.3,High intensity,2179.0
3675,46.2,Male,114.7,156.8,19773,40,Running,80,5,2661.7,Morning session,2658.0
3676,39.7,Female,46.5,180.4,9158,109,Walking,159,6,2591.1,Evening workout,2593.0
3677,60.2,Female,68.0,167.9,2014,98,Running,102,5,2080.9,Low effort,2078.0
3678,20.5,Female,61.5,161.5,14527,50,Yoga,110,1,2077.6,Low effort,2080.0
3679,27.0,Male,109.3,179.8,13872,46,Running,152,7,2662.0,Low effort,2662.0
3680,59.9,Female,114.3,182.8,15201,47,Walking,130,3,2541.0,Low effort,2538.0
3681,38.0,Male,113.5,156.8,11218,60,Cycling,72,7,2441.0,High intensity,2445.0
3682,33.6,Male,104.6,177.6,4713,85,Yoga,168,5,2457.3,,2456.0
3683,29.3,Male,94.1,152.6,18876,46,Running,112,3,2521.7,Good workout,2521.0
3684,19.8,Male,56.1,192.6,8585,110,Swimming,146,6,2559.0,High intensity,2555.0
3685,58.1,Male,91.4,155.4,5122,40,HIIT,122,1,1735.5,Low effort,1735.0
3686,41.7,Male,111.6,180.4,10892,71,Walking,173,6,2757.8,Low effort,2760.0
3687,52.6,Male,109.1,187.2,17838,27,Yoga,116,4,2489.8,Evening workout,2489.0
3688,47.5,Female,71.3,164.7,18301,99,Yoga,84,4,2803.7,,2805.0
3689,47.6,Female,92.3,156.4,5374,15,Walking,164,5,1888.3,,1893.0
3690,64.1,Male,106.6,192.1,1489,18,Swimming,168,9,2062.8,Good workout,2065.0
3691,52.5,Female,88.8,179.5,1984,20,Walking,72,1,1286.3,,1284.0
3692,36.8,Female,63.4,176.6,18344,104,Running,96,3,2715.1,High intensity,2719.0
3693,25.5,Male,103.0,166.3,2782,119,Cycling,89,4,2330.8,High intensity,2327.0
3694,43.6,Female,52.1,167.5,15959,11,Yoga,149,2,2012.3,Morning session,2009.0
3695,57.2,Male,99.9,171.9,15542,38,Cycling,71,9,2551.2,Evening workout,2550.0
3696,24.2,Female,91.8,175.5,6983,119,Running,124,7,2754.7,High intensity,2757.0
3697,47.9,Male,46.1,176.6,2869,60,HIIT,77,1,1408.0,Good workout,1406.0
3698,24.9,Male,83.3,189.2,12496,115,Cycling,144,9,3072.0,Evening workout,3072.0
3699,20.3,Female,89.7,173.6,7838,78,Walking,176,6,2520.5,Low effort,2525.0
3700,18.0,Female,76.2,157.7,14550,32,Walking,177,2,2229.9,Low effort,2227.0
3701,53.2,Male,109.6,170.4,6702,109,Running,121,1,2487.8,Morning session,2487.0
3702,42.2,Male,82.1,178.1,14027,16,Running,83,6,2071.0,Low effort,2072.0
3703,54.6,Male,55.5,192.9,12860,65,Yoga,119,7,2445.1,,2450.0
3704,18.6,Female,54.4,170.1,7032,86,Swimming,76,10,2322.5,Morning session,2323.0
3705,32.3,Female,103.1,152.2,2825,115,Running,165,6,2616.5,,2619.0
3706,54.5,Female,99.6,180.5,12554,71,Cycling,119,7,2734.2,Morning session,2731.0
3707,30.7,Female,64.4,,16333,83,HIIT,68,6,2573.0,,2572.0
3708,57.2,Male,61.6,176.4,13470,109,Running,111,8,2885.5,Low effort,2890.0
3709,25.1,Male,112.1,158.6,4770,89,Walking,163,2,2351.7,High intensity,2354.0
3710,22.8,Male,49.3,182.5,1029,24,Cycling,151,9,1618.1,High intensity,1619.0
3711,26.3,Male,104.2,182.7,9958,62,HIIT,74,9,2443.8,Good workout,2439.0
3712,18.7,Female,67.6,175.5,16502,52,Walking,136,9,2671.4,,2670.0
3713,53.2,Male,90.2,177.7,9806,92,Cycling,87,7,2602.7,High intensity,2602.0
3714,52.8,Male,96.6,193.2,10196,94,Running,176,9,3019.6,,3021.0
3715,19.8,Female,54.7,192.8,3121,44,Swimming,140,1,1516.6,,1519.0
3716,57.6,Female,90.8,180.2,4009,88,HIIT,68,3,1999.6,Low effort,2004.0
3717,40.5,Male,72.4,150.6,8739,23,Yoga,115,2,1694.4,,1692.0
3718,26.7,Female,87.5,169.8,5059,102,HIIT,144,1,2240.8,,2242.0
3719,51.4,Male,70.4,161.5,12285,78,Running,153,5,2581.5,High intensity,2583.0
3720,63.6,Female,99.0,166.5,3910,58,Swimming,134,1,1944.3,Good workout,1945.0
3721,31.5,Female,92.9,164.8,15674,27,HIIT,153,3,2354.8,,2356.0
3722,21.3,Male,73.3,183.4,19354,60,Running,95,6,2626.0,High intensity,2629.0
3723,47.1,Female,71.9,165.8,13161,10,Running,115,6,2030.4,,2033.0
3724,48.3,Male,62.5,153.1,12116,36,Yoga,148,3,2103.5,Evening workout,2106.0
3725,55.2,Female,104.8,157.7,14051,73,Yoga,130,4,2727.7,,2724.0
3726,28.9,Female,118.6,183.6,18626,69,Cycling,79,7,2988.3,High intensity,2985.0
3727,52.6,Female,113.5,174.7,18096,100,Walking,114,6,3191.6,Good workout,3188.0
3728,25.1,Female,118.0,164.1,14054,98,Yoga,177,2,2984.2,,2987.0
3729,20.0,Female,65.8,177.9,15070,50,Running,119,9,2514.6,,2512.0
3730,31.0,Male,68.1,158.2,10485,30,Cycling,94,6,1932.0,Evening workout,1936.0
3731,30.6,Female,47.1,151.1,15413,23,Swimming,133,2,1948.3,Evening workout,1951.0
3732,62.7,Male,106.2,166.1,12855,29,Running,158,7,2556.1,,2553.0
3733,49.2,Female,46.3,159.3,7153,101,Swimming,60,10,2398.0,Good workout,2398.0
3734,51.7,Male,110.0,158.1,6587,94,Walking,137,10,2815.0,Good workout,2814.0
3735,62.0,Female,86.6,180.9,9827,96,Running,104,4,2469.1,,2465.0
3736,36.2,Male,78.8,151.6,7861,20,Swimming,128,1,1687.3,,1687.0
3737,55.4,Male,86.1,173.4,11804,75,Swimming,99,10,2702.2,,2698.0
3738,33.4,Female,64.0,168.1,14979,93,Cycling,167,9,3048.5,High intensity,3050.0
3739,19.3,Female,112.2,166.2,2297,33,Walking,97,10,1999.7,Good workout,1995.0
3740,57.2,Female,89.7,192.5,15745,98,Yoga,179,8,3288.9,Low effort,3289.0
3741,34.2,Male,119.1,159.5,1357,46,Yoga,178,5,2092.6,Evening workout,2093.0
3742,51.4,Male,86.3,177.6,17300,95,Walking,157,3,2995.2,Morning session,2992.0
3743,59.6,Female,91.0,187.5,15433,33,HIIT,83,4,2247.2,Low effort,2247.0
3744,33.6,Female,49.6,177.6,17624,24,Cycling,63,3,1883.8,Low effort,1884.0
3745,55.1,Male,93.4,150.5,11796,21,Cycling,150,10,2473.6,,2475.0
3746,19.8,Male,81.3,152.8,19210,119,HIIT,128,8,3330.9,,3328.0
3747,19.6,Female,78.8,164.6,9115,104,Cycling,166,5,2644.6,,2644.0
3748,43.7,Male,117.7,159.7,4860,116,Cycling,72,8,2660.6,Low effort,2658.0
3749,30.5,Female,114.1,170.7,13443,73,Running,163,1,2586.7,,2586.0
3750,64.1,Female,,186.7,5447,40,Swimming,80,9,1945.6,Evening workout,1945.0
3751,48.6,Female,63.7,164.7,17521,62,Swimming,160,10,2962.9,Morning session,2961.0
3752,51.5,Male,84.0,172.5,2967,103,HIIT,91,3,2104.1,Good workout,2107.0
3753,56.4,Male,,163.3,7579,114,Yoga,97,1,2244.7,Low effort,2242.0
3754,20.7,Male,104.2,164.4,5849,93,Swimming,154,3,2400.7,Evening workout,2405.0
3755,25.0,Male,86.2,159.3,8167,81,Swimming,91,2,2085.4,Evening workout,2088.0
3756,40.0,Female,116.8,158.2,8466,53,Cycling,138,7,2447.5,Good workout,2450.0
3757,31.4,Male,109.9,193.3,13349,39,Yoga,178,10,2796.8,Low effort,2794.0
3758,44.7,Female,97.3,188.2,3019,44,Yoga,116,4,1799.5,High intensity,1795.0
3759,46.6,Female,51.2,154.4,7174,30,HIIT,107,7,1802.2,,1799.0
3760,56.4,Female,49.2,174.4,16689,113,Running,89,3,2707.7,,2709.0
3761,56.2,Male,68.6,191.4,8092,72,Cycling,166,6,2449.4,Evening workout,2452.0
3762,18.2,Female,72.1,175.5,18576,101,Swimming,130,7,3045.0,Morning session,3041.0
3763,34.3,Female,106.1,157.1,11505,112,Swimming,97,7,2925.6,Morning session,2928.0
3764,58.9,Male,61.6,171.1,3355,26,HIIT,154,5,1676.4,,1676.0
3765,47.9,Female,64.6,174.6,19890,21,Swimming,103,6,2384.4,Evening workout,2387.0
3766,30.1,Male,47.2,161.8,1333,27,Swimming,85,3,1151.3,Low effort,1152.0
3767,38.4,Male,81.1,158.5,3562,101,Walking,159,4,2319.4,Low effort,2318.0
3768,36.1,Male,59.6,159.7,15776,69,Cycling,169,6,2725.6,Morning session,2721.0
3769,36.7,Female,95.1,159.7,2795,76,Walking,166,3,2152.5,High intensity,2148.0
3770,42.8,Male,92.2,158.4,16270,24,Cycling,149,7,2561.4,Morning session,2561.0
3771,39.6,Male,52.4,175.4,1253,25,HIIT,167,3,1433.5,,1433.0
3772,48.5,Male,57.9,184.2,4657,31,Swimming,61,9,1714.1,Morning session,1714.0
3773,34.3,Male,92.1,176.6,10615,104,Running,102,4,2627.1,High intensity,2628.0
3774,40.5,,47.3,180.7,4237,72,Running,168,2,1906.3,Evening workout,1911.0
3775,49.3,Male,109.3,168.1,4331,40,Swimming,102,6,1944.0,,1949.0
3776,27.2,Female,117.2,192.3,2027,10,Walking,122,9,1798.2,Morning session,1797.0
3777,27.7,Male,75.1,187.2,15199,84,Walking,132,10,2958.3,Evening workout,2960.0
3778,53.4,Female,70.4,155.3,19550,15,Yoga,117,10,2596.2,Evening workout,2593.0
3779,25.5,Male,100.1,164.4,14283,96,Swimming,176,2,2840.4,High intensity,2840.0
3780,37.1,Female,78.5,178.4,13186,18,Yoga,107,4,1984.6,,1984.0
3781,49.3,Male,53.0,194.4,17853,61,Yoga,64,5,2374.1,Morning session,2378.0
3782,31.8,Female,106.9,154.2,14781,89,Swimming,150,9,3140.0,,3139.0
3783,45.9,Female,57.8,163.7,16120,71,Cycling,135,7,2688.4,Low effort,2686.0
3784,63.5,Female,113.7,151.3,6983,67,Yoga,94,5,2345.6,Low effort,2347.0
3785,41.3,Male,85.6,172.8,2093,111,Swimming,152,6,2434.3,Low effort,2433.0
3786,32.4,Female,45.1,193.9,5789,117,Cycling,75,9,2380.2,Low effort,2384.0
3787,39.8,Female,91.6,168.5,3912,28,Running,142,4,1733.9,,1737.0
3788,47.4,Female,48.4,173.7,16111,118,Yoga,108,2,2686.7,,2684.0
3789,21.3,Female,107.2,169.2,15332,22,Swimming,119,5,2304.8,Evening workout,2300.0
3790,30.6,Male,96.6,176.5,17564,41,Swimming,166,7,2784.4,Evening workout,2783.0
3791,40.4,Female,54.6,173.0,13259,109,Swimming,176,4,2805.8,,2807.0
3792,25.2,Female,72.6,166.8,10412,18,Yoga,110,1,1649.3,,1646.0
3793,35.1,Female,50.0,174.3,17006,119,Running,150,8,3157.3,Good workout,3161.0
3794,29.0,Male,71.8,180.3,10755,119,Walking,141,5,2779.6,,2780.0
3795,48.8,Female,56.0,,5684,58,Cycling,118,10,2188.0,High intensity,2184.0
3796,31.8,Female,106.6,177.5,8854,46,Swimming,123,2,2028.0,Low effort,2024.0
3797,51.2,Female,96.7,171.1,7417,40,Cycling,164,3,2140.0,Low effort,2136.0
3798,35.1,Female,92.6,154.0,18946,40,Swimming,72,10,2722.2,,2718.0
3799,51.5,Male,111.6,193.2,14127,68,Cycling,153,10,3030.8,,3027.0
3800,28.4,Female,90.6,191.5,18797,64,Walking,85,5,2676.2,Good workout,2680.0
3801,58.6,Female,118.7,157.5,11698,28,Swimming,129,4,2318.1,Low effort,2322.0
3802,29.9,Male,59.6,187.5,18401,72,Swimming,62,9,2646.0,Morning session,2645.0
3803,32.3,Male,115.5,177.1,16428,11,,146,9,2627.6,Evening workout,2630.0
3804,48.5,Male,80.4,161.4,4654,54,Cycling,71,8,1982.7,Evening workout,1978.0
3805,46.9,Female,58.0,174.8,15997,105,Yoga,100,2,2640.5,Low effort,2643.0
3806,43.5,Male,47.8,187.3,14742,52,Walking,164,5,2428.8,,2425.0
3807,35.4,Female,111.6,193.6,9949,107,Running,138,8,2978.9,Evening workout,2981.0
3808,49.1,Male,63.9,164.8,12971,10,Walking,124,8,2090.8,,2091.0
3809,39.1,Female,98.7,193.8,16391,94,Running,122,7,3029.4,Morning session,3025.0
3810,55.7,Male,113.9,190.6,17565,70,Walking,109,4,2817.3,,2821.0
3811,34.6,Female,54.5,183.2,7829,12,Cycling,106,3,1501.6,Good workout,1504.0
3812,40.6,Male,77.4,194.7,11487,100,Walking,67,8,2658.3,,2658.0
3813,41.1,Female,57.5,162.1,3667,53,Swimming,90,8,1835.5,Low effort,1836.0
3814,25.7,Female,95.8,157.7,10991,16,Swimming,70,10,2131.6,Evening workout,2134.0
3815,58.7,Female,76.8,162.5,17287,42,HIIT,76,5,2380.2,Low effort,2382.0
3816,23.4,Female,119.8,185.1,7173,18,Swimming,86,3,1797.2,Low effort,1802.0
3817,22.4,Female,68.5,155.2,10691,39,HIIT,154,5,2108.0,Evening workout,2105.0
3818,61.2,Female,79.2,187.7,16208,27,Cycling,86,4,2194.6,Low effort,2197.0
3819,46.0,Female,114.5,181.9,14235,65,HIIT,137,8,2906.6,Evening workout,2908.0
3820,45.3,Female,84.2,170.5,14663,99,Running,174,2,2890.0,,2894.0
3821,28.6,Male,,193.7,10176,93,Swimming,146,8,2806.1,,2807.0
3822,18.7,Female,88.8,193.6,19748,111,HIIT,115,10,3377.2,Low effort,3377.0
3823,60.9,Female,106.3,156.8,16072,114,HIIT,128,6,3245.7,Low effort,3250.0
3824,36.8,Male,112.6,175.5,6516,40,Yoga,153,4,2113.5,Good workout,2112.0
3825,26.8,Female,77.5,164.9,19599,81,Running,157,3,2883.1,,2880.0
3826,44.8,Male,100.7,191.1,17509,72,Running,106,10,3025.6,Good workout,3024.0
3827,51.5,Female,80.1,172.7,3620,96,HIIT,78,5,2161.8,Morning session,2158.0
3828,61.8,Male,98.0,187.4,18835,59,Walking,116,6,2908.1,Evening workout,2907.0
3829,21.1,Male,63.0,190.5,10200,98,HIIT,90,1,2208.1,High intensity,2205.0
3830,53.6,Female,87.2,164.1,12896,10,Running,75,1,1746.3,Evening workout,1743.0
3831,35.9,Male,56.5,189.0,1696,119,Yoga,104,10,2406.3,Morning session,2402.0
3832,32.9,Female,55.1,165.1,3270,91,,86,3,1843.0,High intensity,1838.0
3833,30.4,Female,114.4,181.5,10226,28,HIIT,120,2,2037.6,Evening workout,2042.0
3834,36.4,Female,56.7,186.7,17060,115,Swimming,85,1,2653.9,Evening workout,2655.0
3835,23.7,Female,85.0,167.9,10727,73,Cycling,162,8,2693.9,Good workout,2691.0
3836,29.8,Male,69.3,169.7,10005,62,HIIT,88,1,1917.8,Good workout,1918.0
3837,54.7,Female,47.7,151.8,16084,15,Cycling,172,10,2492.1,Morning session,2497.0
3838,34.7,Male,47.2,172.2,15816,26,Yoga,174,8,2423.5,,2423.0
3839,40.2,Male,72.8,179.6,7717,55,Walking,162,5,2171.1,Good workout,2175.0
3840,43.4,Female,67.0,152.6,19428,118,Cycling,103,4,3028.3,Morning session,3033.0
3841,46.7,Female,92.3,188.4,2116,81,Cycling,168,8,2411.1,Evening workout,2414.0
3842,50.7,Female,111.4,150.8,18540,115,Running,88,8,3347.8,,3348.0
3843,44.8,Female,86.8,190.1,16179,82,Swimming,168,8,3072.9,Evening workout,3068.0
3844,42.9,Male,84.6,171.8,1988,110,Yoga,169,3,2354.4,Good workout,2352.0
3845,27.0,Female,50.3,178.5,11658,64,Running,170,8,2519.9,,2522.0
3846,64.7,Male,64.4,163.0,6587,100,Swimming,154,1,2292.2,Low effort,2295.0
3847,40.2,Female,55.5,177.2,19212,109,Yoga,61,4,2761.5,,2760.0
3848,38.8,Female,71.9,170.1,16803,15,Running,65,5,2032.0,Evening workout,2029.0
3849,38.1,Female,65.3,194.5,17271,79,Swimming,68,6,2617.5,High intensity,2614.0
3850,60.8,Female,57.6,181.8,11269,118,Cycling,74,5,2566.3,Low effort,2566.0
3851,30.1,Male,79.6,155.3,7088,77,Yoga,143,5,2274.1,Good workout,2275.0
3852,54.4,Male,91.6,150.8,3345,95,Walking,171,5,2461.3,High intensity,2463.0
3853,50.5,Female,72.0,170.7,10276,49,Running,117,9,2360.8,Low effort,2364.0
3854,41.9,Male,65.2,153.3,11543,100,HIIT,61,10,2691.1,High intensity,2693.0
3855,61.4,Male,62.0,152.5,4005,110,Walking,62,10,2379.5,Evening workout,2376.0
3856,28.7,Female,75.4,179.1,5435,75,HIIT,178,3,2204.0,High intensity,2208.0
3857,34.6,Female,104.1,180.7,17220,18,Running,111,2,2211.7,High intensity,2214.0
3858,21.8,Male,81.5,183.2,11687,20,Running,114,10,2250.1,Good workout,2248.0
3859,64.4,Male,65.6,168.0,15147,29,HIIT,112,2,2054.9,Evening workout,2052.0
3860,42.8,Male,58.1,169.4,14613,52,Walking,153,8,2543.4,Good workout,2547.0
3861,47.6,Male,104.3,172.4,16216,112,Walking,131,5,3172.0,,3170.0
3862,26.2,Female,67.1,189.6,7628,67,Yoga,99,5,2044.2,,2045.0
3863,38.2,Female,73.1,174.1,1076,87,Running,144,6,2128.8,Low effort,2125.0
3864,37.4,Male,91.5,164.6,6752,35,Swimming,98,9,2069.7,,2071.0
3865,36.8,Female,74.8,187.1,19946,47,Cycling,102,7,2673.1,Low effort,2677.0
3866,36.3,Male,82.7,172.4,18956,103,Running,177,5,3260.4,High intensity,3260.0
3867,29.5,Male,71.8,151.4,15994,45,Running,72,5,2257.2,,2260.0
3868,54.9,Female,59.4,164.2,6970,111,HIIT,163,10,2816.6,Evening workout,2815.0
3869,59.0,Male,103.7,193.9,8952,108,HIIT,164,9,3063.7,Morning session,3061.0
3870,34.7,Male,47.8,184.2,12862,64,Yoga,171,9,2622.7,High intensity,2621.0
3871,54.6,Female,54.3,159.9,4111,15,HIIT,96,2,1309.2,High intensity,1308.0
3872,56.6,Female,61.7,163.7,3737,12,Cycling,114,7,1556.5,Good workout,1558.0
3873,45.5,Male,55.6,176.8,10544,74,Walking,91,10,2469.4,,2469.0
3874,58.3,Male,92.2,163.1,5649,73,Running,73,1,1948.2,High intensity,1951.0
3875,,Female,49.5,184.5,4868,67,HIIT,124,4,1917.0,,1913.0
3876,64.3,Male,113.6,182.7,8824,67,Walking,86,2,2200.3,Low effort,2197.0
3877,35.3,Male,108.4,150.4,8799,27,Cycling,83,10,2192.9,High intensity,2192.0
3878,31.3,Female,58.5,183.4,13379,32,Swimming,174,9,2435.2,Good workout,2435.0
3879,52.7,Female,94.1,168.5,18386,105,Swimming,172,6,3347.3,Morning session,3346.0
3880,61.2,Female,70.4,173.8,9614,38,HIIT,81,4,1910.3,,1906.0
3881,58.0,Female,116.2,191.7,12101,32,Walking,137,3,2328.7,Low effort,2332.0
3882,24.3,Female,113.3,153.5,8906,45,HIIT,104,4,2128.5,Low effort,2124.0
3883,,Female,51.8,185.8,6359,79,HIIT,67,2,1822.2,High intensity,1827.0
3884,30.5,Male,60.0,162.9,10615,90,Swimming,150,5,2484.2,High intensity,2489.0
3885,35.3,Male,99.9,181.1,19017,91,HIIT,126,9,3255.5,High intensity,3257.0
3886,54.2,Female,100.6,,2753,104,Swimming,123,6,2468.7,Morning session,2464.0
3887,30.8,Female,48.5,188.1,14481,15,Yoga,156,2,1921.5,,1921.0
3888,53.7,Male,92.2,165.4,15130,43,Cycling,174,6,2704.2,Evening workout,2700.0
3889,48.0,Male,61.4,152.6,12114,53,HIIT,106,9,2379.4,Morning session,2377.0
3890,19.5,Male,80.6,169.6,11495,53,Swimming,80,4,2077.8,Good workout,2075.0
3891,33.3,Female,114.6,159.5,1146,36,Walking,91,1,1509.5,,1506.0
3892,26.7,Female,82.7,171.3,8507,109,Walking,163,2,2557.6,Good workout,2554.0
3893,26.9,Male,106.6,152.3,17700,61,Walking,164,5,2916.5,High intensity,2917.0
3894,55.2,Female,92.6,160.9,16977,51,HIIT,104,10,2842.0,Evening workout,2839.0
3895,28.1,Female,54.1,174.7,9797,34,Cycling,103,7,1973.1,Low effort,1978.0
3896,39.8,Female,80.4,191.9,9766,83,Walking,100,8,2489.9,,2490.0
3897,50.3,Male,73.6,157.5,2177,48,Cycling,155,3,1769.3,Low effort,1766.0
3898,53.6,Male,48.8,158.3,12518,119,Walking,111,9,2931.4,Low effort,2927.0
3899,62.5,Female,88.0,164.4,4422,48,Cycling,147,2,1895.0,High intensity,1895.0
3900,40.2,Female,100.1,181.8,3594,21,HIIT,70,4,1558.0,Morning session,1554.0
3901,62.7,Female,86.6,152.0,12074,20,Yoga,160,4,2197.1,Evening workout,2199.0
3902,62.6,Female,57.0,153.6,18148,116,Running,174,6,3306.5,Low effort,3304.0
3903,51.0,Female,90.7,,12392,12,Yoga,144,10,2393.6,Evening workout,2396.0
3904,26.4,Male,77.8,162.1,1435,31,Yoga,77,6,1488.1,,1484.0
3905,41.3,Female,65.8,193.7,4351,13,Swimming,70,3,1323.4,High intensity,1324.0
3906,25.3,Female,101.5,170.1,12169,17,Walking,86,9,2200.3,,2200.0
3907,24.8,,113.9,190.5,17518,23,Yoga,102,5,2451.2,,2450.0
3908,53.6,Male,114.7,168.5,9995,93,HIIT,161,2,2708.3,Good workout,2708.0
3909,35.0,Male,111.4,188.1,3366,97,Cycling,124,6,2462.5,High intensity,2463.0
3910,20.5,Female,92.3,171.0,13367,23,HIIT,113,3,2034.4,,2034.0
3911,45.5,Male,77.5,169.1,12454,101,Cycling,88,8,2769.5,Low effort,2767.0
3912,23.0,Male,80.7,186.7,10668,25,Running,80,3,1765.6,Morning session,1762.0
3913,61.8,Male,77.0,180.8,4415,41,Walking,88,5,1726.8,Good workout,1730.0
3914,61.7,Male,75.7,159.7,11232,73,Running,68,4,2236.4,Low effort,2241.0
3915,38.8,Male,65.8,167.2,18390,85,Cycling,120,4,2824.6,Good workout,2824.0
3916,45.3,Male,71.4,192.6,5691,25,Running,121,2,1576.8,,1577.0
3917,57.2,Female,116.5,188.8,8669,61,HIIT,130,8,2607.8,Evening workout,2608.0
3918,18.6,Male,106.4,169.5,19280,28,Swimming,161,3,2606.6,,2610.0
3919,53.7,Male,70.1,167.1,3748,78,Swimming,154,4,2137.7,Good workout,2139.0
3920,38.4,Female,110.0,160.9,3661,21,Walking,150,6,1926.6,,1925.0
3921,60.6,Female,56.9,171.8,16173,102,Cycling,178,9,3191.3,High intensity,3190.0
3922,52.3,Female,66.6,193.8,12599,14,HIIT,165,4,2099.4,Morning session,2099.0
3923,30.2,Female,61.6,167.4,7107,51,Yoga,155,3,1961.8,High intensity,1965.0
3924,27.7,Male,51.5,183.3,13698,26,Running,64,5,1870.4,Morning session,1872.0
3925,61.4,Male,112.7,172.7,14309,81,Walking,156,9,3190.4,,3189.0
3926,64.5,Male,81.6,150.1,3661,113,Cycling,74,1,2067.0,Low effort,2063.0
3927,27.6,Male,82.4,159.2,16133,113,Yoga,116,5,2960.9,Evening workout,2965.0
3928,63.6,Female,55.1,150.5,9210,103,Running,64,4,2281.7,High intensity,2283.0
3929,30.4,Male,45.1,187.4,4358,19,Swimming,79,5,1322.7,Low effort,1322.0
3930,54.4,Male,69.2,188.6,1275,93,Walking,161,7,2285.2,,2281.0
3931,55.6,Female,86.4,158.7,5078,118,,160,7,2777.7,Good workout,2780.0
3932,41.5,Male,96.5,180.7,12137,25,Running,140,7,2353.4,,2350.0
3933,19.7,Male,68.8,156.2,5698,114,Running,173,1,2375.7,Good workout,2379.0
3934,39.1,Male,97.7,166.1,1364,25,Walking,63,9,1655.8,High intensity,1655.0
3935,34.9,Male,100.4,184.3,11165,51,Walking,115,7,2414.9,Low effort,2410.0
3936,53.1,Female,107.7,186.5,1794,12,Yoga,144,4,1703.9,Morning session,1700.0
3937,31.6,Female,52.0,167.4,14646,32,Yoga,178,4,2234.4,,2239.0
3938,27.4,Female,103.4,182.3,6870,95,Swimming,93,2,2214.0,Low effort,2213.0
3939,52.1,Female,89.2,153.7,1589,37,HIIT,99,6,1731.8,Morning session,1729.0
3940,42.7,Female,71.2,172.7,5313,119,Yoga,128,10,2722.7,Evening workout,2719.0
3941,20.7,Male,96.3,160.1,17211,54,Walking,127,3,2534.5,Morning session,2535.0
3942,64.3,Male,62.5,158.5,8377,109,Running,81,1,2197.7,Morning session,2193.0
3943,55.4,Female,60.2,179.4,9861,77,Yoga,73,5,2211.5,Evening workout,2210.0
3944,34.8,Female,110.8,157.3,18821,111,Running,127,6,3335.8,,3336.0
3945,29.5,Female,49.6,189.8,13952,33,HIIT,67,5,1893.7,,1889.0
3946,41.7,Male,47.0,154.0,10047,28,Swimming,126,5,1870.8,Good workout,1875.0
3947,46.7,Female,114.7,161.7,5033,84,Swimming,105,10,2614.3,Morning session,2614.0
3948,60.6,Male,51.5,150.3,19277,49,Swimming,88,8,2592.9,High intensity,2590.0
3949,42.3,Male,94.4,164.6,19226,55,Walking,149,10,3134.8,,3135.0
3950,53.0,Male,58.4,174.5,17710,49,Cycling,173,1,2464.4,,2463.0
3951,43.8,Male,82.5,167.8,19784,71,Running,178,8,3179.1,High intensity,3177.0
3952,55.2,Female,91.8,187.9,5278,119,Cycling,153,7,2780.7,,2785.0
3953,18.2,Male,77.4,191.2,8500,112,HIIT,71,1,2179.2,Morning session,2180.0
3954,37.1,Male,87.8,175.1,5015,27,Walking,138,9,2006.6,Good workout,2005.0
3955,45.2,Female,73.6,189.3,9242,21,Running,175,4,1994.0,,1992.0
3956,33.4,Male,101.5,152.4,8826,23,Cycling,111,7,2066.0,High intensity,2065.0
3957,64.4,Male,49.8,171.3,10201,91,Cycling,117,3,2338.9,Low effort,2338.0
3958,34.9,Male,104.4,175.1,16105,70,Yoga,164,8,3016.0,,3017.0
3959,57.2,Female,114.1,168.5,1153,117,Walking,61,4,2262.1,,2262.0
3960,45.4,Male,46.3,193.9,9773,115,Cycling,60,2,2207.8,Morning session,2212.0
3961,29.2,Male,114.1,193.1,18171,21,Walking,170,2,2504.2,Good workout,2500.0
3962,44.5,Female,87.8,188.9,5886,113,Walking,114,8,2685.0,,2683.0
3963,59.2,Female,48.7,185.5,3267,36,Swimming,170,8,1910.3,Low effort,1913.0
3964,64.3,Male,100.3,170.1,1970,15,Yoga,151,1,1536.8,,1537.0
3965,47.4,Male,,190.4,9839,97,Cycling,163,6,2900.7,,2898.0
3966,58.4,Female,53.7,175.5,14813,42,Running,158,9,2563.5,Good workout,2564.0
3967,51.5,Male,47.9,162.6,18329,118,HIIT,93,9,3141.0,High intensity,3142.0
3968,54.1,Female,92.4,185.1,15450,89,HIIT,123,2,2705.9,Morning session,2710.0
3969,23.8,Male,87.7,173.7,6618,59,Running,127,8,2239.6,Low effort,2240.0
3970,24.6,Female,45.1,190.6,2495,21,HIIT,141,8,1581.6,Good workout,1582.0
3971,49.2,Male,101.5,175.1,3047,104,Swimming,71,4,2244.6,,2247.0
3972,,Female,97.0,170.1,10364,66,Yoga,109,4,2328.6,,2327.0
3973,42.5,Female,60.8,167.2,14091,110,HIIT,80,5,2646.1,Morning session,2644.0
3974,50.9,Female,95.1,164.2,3886,62,Walking,69,10,2196.9,Low effort,2196.0
3975,,Female,119.9,164.6,16161,22,Yoga,144,7,2594.9,,2590.0
3976,29.1,Female,99.8,155.5,5158,81,Walking,163,1,2186.6,Low effort,2185.0
3977,33.9,Male,45.6,192.4,7733,111,HIIT,148,9,2660.5,High intensity,2662.0
3978,33.8,Male,72.7,180.8,2657,12,Cycling,173,3,1516.0,Morning session,1519.0
3979,60.2,Female,97.8,177.2,6043,73,Running,140,4,2316.2,Low effort,2321.0
3980,53.8,Male,102.8,157.3,7360,93,Running,174,7,2796.8,,2794.0
3981,30.8,Male,117.6,178.9,17862,67,Walking,129,5,2909.0,Low effort,2911.0
3982,24.1,Male,104.6,170.7,10329,13,Cycling,73,5,1856.9,Morning session,1854.0
3983,53.6,Male,103.7,166.8,5043,117,Cycling,160,1,2523.6,,2522.0
3984,64.7,Male,66.8,173.5,15242,54,Swimming,99,2,2210.8,Evening workout,2212.0
3985,26.4,Male,52.2,185.8,1597,75,Walking,163,5,1972.9,,1969.0
3986,49.7,Female,93.5,180.8,3324,45,Walking,141,2,1794.4,High intensity,1795.0
3987,28.4,Male,86.2,183.8,8299,32,Running,89,1,1653.5,Low effort,1658.0
3988,25.6,Male,71.2,151.2,12231,118,Cycling,132,10,3061.4,Low effort,3060.0
3989,50.9,Male,83.5,191.2,1569,28,Cycling,73,3,1360.7,High intensity,1365.0
3990,40.6,Female,69.5,152.5,4328,49,HIIT,169,1,1809.1,,1808.0
3991,42.3,Male,82.3,179.5,17524,81,Yoga,111,10,3053.9,,3056.0
3992,25.2,Male,68.1,157.1,4280,25,Yoga,169,8,1902.5,High intensity,1905.0
3993,62.3,Male,68.0,156.2,4590,67,Cycling,76,8,2042.6,Low effort,2047.0
3994,39.2,Female,104.5,161.8,19422,116,Swimming,121,8,3435.0,High intensity,3436.0
3995,21.9,Male,94.8,168.5,18458,27,Swimming,157,7,2677.6,Evening workout,2678.0
3996,57.5,Female,110.7,175.4,14570,45,Cycling,169,7,2812.6,High intensity,2812.0
3997,20.3,Male,58.6,177.4,3225,33,Swimming,81,2,1281.7,Good workout,1285.0
3998,46.7,Female,97.3,164.0,15878,10,HIIT,112,9,2449.5,,2447.0
3999,58.0,Female,76.6,163.1,10533,10,HIIT,91,7,1961.6,,1957.0
4000,46.2,Female,92.0,163.1,10881,73,Swimming,135,5,2536.0,Morning session,2535.0
4001,51.6,Male,83.4,152.3,17747,71,Walking,114,4,2705.6,Low effort,2709.0
4002,51.8,Female,84.1,178.2,14366,119,Walking,139,8,3192.9,Evening workout,3190.0
4003,45.2,Female,86.8,155.2,16515,45,Walking,81,5,2393.3,Good workout,2395.0
4004,30.7,Female,52.5,172.0,11832,84,HIIT,97,6,2365.0,,2366.0
4005,32.5,Female,70.8,177.1,3030,27,Yoga,109,4,1485.5,Morning session,1487.0
4006,40.1,Male,56.9,163.6,7685,25,HIIT,162,2,1742.1,,1739.0
4007,61.6,Male,87.2,163.2,7157,26,Cycling,125,7,2056.8,Good workout,2053.0
4008,43.4,Male,95.8,169.8,14668,33,Cycling,104,2,2172.9,Evening workout,2171.0
4009,21.2,Male,107.0,162.3,18001,107,HIIT,178,7,3406.5,,3409.0
4010,43.9,Female,93.3,176.8,19366,77,HIIT,67,7,2908.7,Evening workout,2904.0
4011,57.7,Male,71.1,184.7,1193,108,Yoga,167,1,2103.4,,2108.0
4012,26.6,Female,53.2,194.7,9164,88,Walking,124,10,2517.5,Good workout,2517.0
4013,22.5,Male,83.7,151.1,2119,11,HIIT,164,10,1848.7,,1849.0
4014,49.5,Male,109.9,190.9,14351,104,Walking,99,3,2860.5,High intensity,2864.0
4015,37.4,Male,115.6,194.3,7540,82,Swimming,164,3,2525.8,High intensity,2526.0
4016,28.6,Female,115.5,189.9,13394,19,Yoga,64,6,2142.8,Evening workout,2147.0
4017,32.4,Male,51.3,173.4,17910,62,Swimming,104,3,2350.0,Evening workout,2351.0
4018,49.5,Male,116.1,178.8,15860,98,Yoga,105,9,3179.8,,3177.0
4019,45.1,Male,111.1,152.2,6845,60,Cycling,95,5,2186.9,Low effort,2182.0
4020,39.8,Female,54.8,194.2,8971,78,Yoga,76,6,2165.9,,2161.0
4021,58.6,Male,115.2,153.5,15153,23,Walking,100,6,2405.5,,2401.0
4022,34.8,Male,97.5,151.4,4526,115,Swimming,89,8,2545.3,Morning session,2549.0
4023,43.8,Female,101.6,169.9,2634,111,Running,111,10,2612.7,Morning session,2612.0
4024,61.1,Female,71.3,164.0,12201,113,HIIT,138,3,2731.0,Good workout,2736.0
4025,24.5,Male,98.5,181.2,1093,75,HIIT,79,9,2099.3,Good workout,2102.0
4026,59.2,Male,48.6,191.1,8716,91,Running,95,7,2339.2,High intensity,2344.0
4027,43.1,Male,67.2,150.3,15331,102,,125,6,2891.7,Morning session,2896.0
4028,42.6,Female,92.2,187.1,17472,62,Yoga,104,1,2461.4,Morning session,2463.0
4029,27.4,Female,86.3,184.8,15241,93,Walking,63,4,2605.4,,2607.0
4030,62.2,Female,47.3,156.7,19934,73,Walking,109,5,2725.1,Good workout,2723.0
4031,36.1,Male,47.8,194.5,12006,81,Walking,147,2,2290.2,Low effort,2287.0
4032,28.6,Female,72.6,162.5,7357,110,Walking,171,1,2418.8,,2423.0
4033,30.7,Male,107.1,150.7,2445,58,Cycling,114,2,1792.5,Evening workout,1794.0
4034,25.1,Female,75.7,163.2,7335,99,Yoga,118,8,2528.8,Morning session,2527.0
4035,57.6,Female,54.7,178.3,19214,71,Cycling,101,10,2945.0,,2944.0
4036,21.1,Female,93.1,152.2,17938,46,HIIT,61,6,2465.0,Evening workout,2462.0
4037,64.3,Male,65.4,173.4,12956,58,Walking,105,10,2535.0,,2538.0
4038,48.3,Male,97.3,150.0,19818,77,Running,61,2,2669.0,,2667.0
4039,45.2,Male,98.8,159.1,7919,42,Walking,109,9,2294.1,Morning session,2292.0
4040,28.3,Male,101.4,162.4,6593,31,Swimming,60,8,1929.5,,1933.0
4041,60.8,Female,64.7,185.5,17586,79,HIIT,72,4,2560.2,,2559.0
4042,18.5,Male,93.1,158.7,8153,42,Swimming,129,10,2324.2,Good workout,2329.0
4043,64.4,Female,51.5,163.5,5542,37,Yoga,81,7,1765.9,Low effort,1769.0
4044,55.2,Male,73.3,185.2,17192,97,Walking,76,3,2682.6,Morning session,2683.0
4045,41.0,Male,92.3,159.7,14403,13,Swimming,118,6,2207.6,Morning session,2205.0
4046,64.3,Female,57.2,189.1,14065,75,Swimming,172,3,2602.4,Low effort,2598.0
4047,48.2,Female,47.4,172.1,10878,86,Swimming,145,10,2718.4,High intensity,2714.0
4048,58.5,Male,46.5,184.5,1828,119,Running,166,3,2190.7,Morning session,2194.0
4049,63.9,Male,60.9,156.7,8170,58,Cycling,129,9,2337.2,Good workout,2340.0
4050,43.2,Female,50.4,191.1,19406,20,Cycling,175,6,2469.3,Morning session,2471.0
4051,22.3,Female,89.1,184.2,10749,44,Running,62,8,2167.6,Low effort,2172.0
4052,37.6,Female,115.4,151.1,14216,48,Walking,169,4,2665.7,,2669.0
4053,58.9,Female,49.8,164.6,12049,19,Walking,129,4,1917.5,Morning session,1914.0
4054,28.4,Female,100.3,158.2,7785,116,Running,140,8,2910.3,Good workout,2907.0
4055,50.6,Male,115.0,166.2,9998,83,Walking,158,7,2850.3,High intensity,2849.0
4056,55.4,Male,76.8,188.6,5655,81,HIIT,108,5,2182.6,High intensity,2185.0
4057,44.4,Male,93.2,167.1,19458,78,HIIT,174,2,2980.4,High intensity,2983.0
4058,51.7,Male,57.9,164.2,7918,32,Running,109,6,1863.3,Evening workout,1867.0
4059,32.4,Female,74.3,167.1,4436,43,Cycling,160,1,1703.0,Evening workout,
4060,49.4,Female,69.0,173.1,5872,41,Swimming,170,7,2144.3,Morning session,2142.0
4061,38.6,Female,104.7,172.1,1360,25,Yoga,94,9,1769.2,Evening workout,1766.0
4062,63.5,Male,103.0,161.4,12909,77,Yoga,82,5,2602.3,,2604.0
4063,22.8,Female,72.3,172.7,5599,63,Cycling,131,5,2039.2,Good workout,2035.0
4064,23.3,Female,102.8,170.9,11168,37,Swimming,66,7,2181.7,Good workout,2182.0
4065,55.4,Male,64.1,175.6,7731,117,Yoga,109,5,2524.9,,2524.0
4066,39.2,Male,78.1,157.2,3077,69,Running,69,10,2037.8,Low effort,2040.0
4067,35.7,,49.7,179.7,14750,87,Cycling,149,4,2598.5,,2598.0
4068,31.8,Female,104.1,183.2,19557,85,Cycling,114,1,2838.8,,2838.0
4069,27.1,Female,87.7,151.7,5691,69,Running,133,6,2248.4,,2246.0
4070,63.4,Male,101.0,154.5,18773,94,HIIT,78,9,3196.5,Good workout,3195.0
4071,30.6,Male,101.8,180.1,4514,89,Swimming,82,4,2157.4,Low effort,2162.0
4072,48.5,Female,119.3,182.2,3919,53,HIIT,154,10,2492.2,Low effort,2490.0
4073,47.2,Male,98.1,153.0,17385,11,HIIT,123,4,2296.5,,2295.0
4074,20.5,Female,89.6,155.5,19317,32,Cycling,92,5,2437.2,Low effort,2439.0
4075,47.0,Male,81.1,172.4,1393,102,HIIT,125,6,2232.3,Good workout,2230.0
4076,23.7,Male,92.7,194.5,14457,55,Cycling,151,3,2480.2,,2483.0
4077,46.2,Male,98.7,168.8,1529,116,Walking,155,9,2703.0,Morning session,2705.0
4078,25.9,Female,92.5,192.4,13211,82,Running,156,1,2524.0,Evening workout,2519.0
4079,61.7,Female,50.7,194.3,7495,63,Cycling,68,6,1942.8,,1946.0
4080,62.2,Male,78.3,157.1,7953,80,HIIT,88,6,2335.1,,2337.0
4081,60.2,Female,107.0,188.6,2713,102,Yoga,138,8,2626.8,,2624.0
4082,61.8,Male,92.3,162.5,1635,117,Swimming,77,5,2266.0,,2267.0
4083,50.8,Male,67.4,150.0,16193,90,Walking,141,9,3019.0,High intensity,3022.0
4084,34.9,Female,57.5,155.4,15633,18,Yoga,177,9,2480.3,,2479.0
4085,28.3,Female,91.9,156.3,10309,79,Cycling,130,2,2341.1,,2338.0
4086,30.1,Female,88.1,176.8,16778,53,Swimming,137,5,2627.9,Low effort,2628.0
4087,28.2,Female,76.5,164.2,8445,93,Cycling,88,7,2406.2,Good workout,2407.0
4088,48.7,Male,70.1,183.1,13415,83,Swimming,173,2,2552.6,Low effort,2555.0
4089,45.0,Female,97.5,172.4,15281,82,Swimming,175,7,3055.4,,3056.0
4090,61.7,Female,58.5,173.4,7602,21,Cycling,142,9,2062.3,Good workout,2058.0
4091,23.3,Male,96.8,164.6,1037,106,Swimming,120,8,2429.4,Morning session,2428.0
4092,58.2,Male,80.6,184.7,10824,41,Cycling,64,10,2256.4,,2261.0
4093,33.5,Male,52.3,153.1,4775,43,Running,164,9,2060.3,,2057.0
4094,21.3,Male,84.5,193.4,11555,92,Yoga,173,4,2746.0,Low effort,2741.0
4095,52.8,Female,66.2,186.1,6120,42,HIIT,168,8,2206.5,Morning session,2204.0
4096,43.3,Female,60.1,166.0,15678,73,Walking,128,9,2762.0,Good workout,2763.0
4097,29.4,Male,104.1,180.6,18425,57,Running,115,10,2990.2,Evening workout,2994.0
4098,28.6,Male,104.0,187.3,5715,25,HIIT,177,2,1895.4,Low effort,1897.0
4099,54.4,Female,54.6,159.3,2394,59,Swimming,111,10,2026.8,Good workout,2028.0
4100,42.1,Female,69.6,176.2,3869,32,HIIT,74,3,1430.1,,1426.0
4101,35.8,Female,75.6,191.1,4676,35,HIIT,149,1,1671.4,,1671.0
4102,36.2,Female,65.2,155.7,4721,118,Yoga,147,1,2283.0,Morning session,2282.0
4103,40.4,Female,77.5,155.1,6690,63,Running,142,10,2418.8,,2423.0
4104,55.2,Male,75.3,164.2,6818,53,HIIT,79,6,2031.2,Evening workout,2029.0
4105,35.5,Male,65.7,153.3,1234,114,HIIT,166,1,2101.1,Low effort,2098.0
4106,43.2,Male,80.8,189.9,4140,46,HIIT,132,5,1912.1,High intensity,1914.0
4107,23.4,Male,109.3,156.8,9638,18,Yoga,176,6,2247.0,Good workout,2248.0
4108,21.3,Female,48.5,194.5,13897,103,HIIT,177,9,2992.2,,2989.0
4109,61.8,Male,112.3,175.0,18383,22,Running,151,6,2752.2,,2753.0
4110,46.7,Female,48.6,180.4,18718,69,Swimming,75,4,2418.3,Good workout,2418.0
4111,51.6,Female,53.3,151.8,9325,115,HIIT,134,1,2403.6,Good workout,2408.0
4112,34.8,Female,74.5,177.6,11624,89,HIIT,157,6,2737.0,High intensity,2741.0
4113,60.9,Female,89.4,191.2,7090,119,Walking,84,7,2686.8,Good workout,2689.0
4114,60.5,Female,48.2,162.2,12377,11,Swimming,163,5,1992.1,,1992.0
4115,33.5,Female,113.1,167.4,18495,104,Swimming,178,6,3403.0,Low effort,3405.0
4116,19.8,Female,67.3,179.3,15870,69,Yoga,116,10,2775.3,Low effort,2776.0
4117,51.8,Male,60.2,160.1,3103,66,Swimming,80,8,1912.1,Evening workout,1915.0
4118,25.1,Female,66.4,162.7,6125,52,Running,64,1,1545.3,High intensity,1541.0
4119,30.2,Male,116.6,173.5,7590,28,Swimming,134,8,2229.8,Low effort,2230.0
4120,59.3,Male,92.6,178.6,11212,20,Cycling,166,2,2138.7,,2138.0
4121,25.2,Female,106.7,154.1,10600,87,Swimming,68,2,2313.1,Evening workout,2316.0
4122,47.3,,104.2,184.4,3921,56,HIIT,70,8,2069.4,Good workout,2069.0
4123,49.7,Male,49.5,168.8,5734,98,Cycling,160,2,2161.0,Evening workout,2161.0
4124,53.9,Male,51.8,162.9,17037,72,Swimming,164,8,2863.1,High intensity,2864.0
4125,64.2,Male,95.4,154.1,1836,16,,124,5,1639.8,Evening workout,1643.0
4126,47.2,Male,109.4,193.0,13094,88,Walking,122,9,3007.8,Evening workout,3012.0
4127,18.3,Female,53.4,163.4,10028,103,Yoga,85,9,2559.5,,2564.0
4128,60.4,Female,89.1,187.0,11749,40,Running,133,8,2473.4,,2473.0
4129,56.4,Female,91.2,171.0,16432,97,HIIT,163,9,3328.6,Good workout,3324.0
4130,34.4,Male,111.4,158.1,12051,64,Walking,78,7,2525.2,High intensity,2525.0
4131,37.7,Female,68.6,189.8,16586,34,Swimming,75,8,2358.7,Low effort,2357.0
4132,41.3,Male,54.5,175.0,6312,81,Yoga,168,6,2283.9,Evening workout,2286.0
4133,39.7,Female,117.3,194.3,4822,39,Cycling,115,9,2183.2,,2185.0
4134,46.7,Male,92.7,154.7,12622,45,,160,2,2339.4,Good workout,2341.0
4135,39.5,Female,79.5,178.6,17099,59,Cycling,173,3,2694.9,Evening workout,2698.0
4136,61.5,Female,98.4,171.4,18188,23,Cycling,164,2,2464.0,High intensity,2463.0
4137,26.9,Male,115.8,152.8,2075,38,Yoga,127,6,1916.1,Morning session,1915.0
4138,54.0,Male,60.3,177.4,15063,36,Yoga,137,3,2178.0,,2180.0
4139,27.0,Male,97.3,187.6,17383,59,Yoga,89,1,2384.5,,2383.0
4140,53.1,Male,84.5,163.0,10605,45,Walking,66,4,1975.7,Evening workout,1976.0
4141,54.6,Male,64.9,163.7,5452,43,Walking,71,5,1709.7,Evening workout,1705.0
4142,45.6,Female,113.9,192.5,19047,30,Yoga,83,4,2488.4,,2492.0
4143,45.1,Male,89.5,160.5,13298,47,Yoga,162,6,2558.6,,2557.0
4144,59.7,Female,50.3,158.5,13368,84,Cycling,166,3,2547.0,Evening workout,2550.0
4145,60.2,Female,113.1,187.8,8428,106,Cycling,81,10,2912.8,,2910.0
4146,38.7,Female,93.8,193.9,19437,88,Yoga,106,6,3064.8,,3069.0
4147,41.5,Female,83.0,155.8,16817,85,Yoga,89,10,2962.0,,2960.0
4148,59.5,Female,46.4,150.5,3420,97,HIIT,119,1,1885.3,,1885.0
4149,57.2,Male,83.8,174.4,19912,59,Yoga,98,6,2797.3,Good workout,2793.0
4150,19.7,Male,65.2,165.9,5317,46,Running,79,8,1827.4,Good workout,1828.0
4151,25.1,Female,84.9,164.4,9412,84,Walking,85,10,2558.5,Evening workout,2561.0
4152,44.6,Female,98.6,183.2,17321,28,Cycling,108,8,2566.9,,2565.0
4153,39.6,Male,56.2,166.3,1227,10,Walking,128,1,1126.2,Evening workout,1124.0
4154,54.2,Male,81.4,152.2,19721,90,Swimming,163,7,3248.1,,3249.0
4155,44.6,Female,82.9,152.4,12456,49,HIIT,101,10,2524.9,High intensity,2520.0
4156,46.5,Male,59.5,186.5,1955,64,Yoga,65,10,1872.7,Low effort,1873.0
4157,20.7,Male,51.4,166.2,18881,89,Walking,112,4,2705.7,,2704.0
4158,61.2,Male,94.7,187.8,10472,35,Swimming,93,6,2152.7,,2149.0
4159,30.9,Female,109.6,150.0,2978,52,HIIT,128,6,2088.3,,2084.0
4160,62.3,Male,111.6,156.2,18913,68,Cycling,69,5,2805.7,Evening workout,2809.0
4161,27.6,Female,88.7,175.2,13675,60,Cycling,87,10,2649.7,Good workout,2647.0
4162,53.4,Female,75.6,188.4,17128,116,Running,62,9,3081.8,Evening workout,3086.0
4163,26.4,Female,87.6,168.7,16668,24,HIIT,136,10,2639.4,Evening workout,2637.0
4164,44.3,Female,92.4,179.5,8445,17,Walking,107,8,2014.5,Low effort,2019.0
4165,51.2,Female,105.4,192.6,5284,103,Cycling,170,6,2726.4,Low effort,2726.0
4166,18.4,Male,119.3,163.9,18585,23,Cycling,125,4,2535.1,Good workout,2531.0
4167,49.1,Female,54.0,162.3,8131,106,Walking,94,4,2296.0,High intensity,2297.0
4168,42.1,Female,73.7,169.1,11614,115,Running,111,9,2893.7,High intensity,2894.0
4169,46.3,Female,92.1,175.8,1759,16,Swimming,173,4,1678.1,Morning session,1674.0
4170,24.1,Male,106.7,176.9,14684,27,,121,7,2427.9,Low effort,2431.0
4171,20.7,Male,57.8,174.7,10680,21,Running,111,6,1893.1,Morning session,1894.0
4172,37.6,Male,88.6,158.3,5371,11,HIIT,175,2,1694.3,Low effort,1694.0
4173,37.9,Male,91.8,190.0,13651,59,Swimming,106,5,2457.2,,2454.0
4174,47.3,Male,108.6,161.6,2665,102,Swimming,113,3,2273.2,Good workout,2269.0
4175,52.8,Male,97.2,159.1,7918,30,Swimming,87,9,2136.1,Evening workout,2140.0
4176,52.4,Male,88.8,155.8,11194,16,Running,160,10,2388.2,,2386.0
4177,56.8,Female,72.9,183.4,12213,100,Running,82,1,2359.2,Good workout,2364.0
4178,44.8,Female,46.8,190.6,16745,21,HIIT,166,10,2532.2,,2534.0
4179,43.7,Male,101.5,168.7,8636,93,Walking,146,4,2597.7,,2600.0
4180,31.3,Female,101.4,155.5,18749,66,Running,94,4,2710.6,High intensity,2712.0
4181,34.4,Female,78.8,151.7,8344,87,Yoga,164,9,2715.2,High intensity,2712.0
4182,35.3,Male,102.6,164.6,4201,83,HIIT,162,1,2202.6,Good workout,2203.0
4183,62.8,Female,96.2,166.3,5752,114,Cycling,178,2,2622.0,Good workout,2624.0
4184,46.4,Female,73.5,165.9,10575,32,HIIT,91,1,1762.2,Morning session,1766.0
4185,37.7,Male,79.1,177.2,11327,39,Swimming,61,1,1739.6,Evening workout,1737.0
4186,44.1,Female,119.0,170.6,16891,67,Cycling,170,1,2789.2,Morning session,2791.0
4187,35.5,Male,92.3,157.5,14029,104,Yoga,167,3,2911.0,,2909.0
4188,21.8,Male,77.4,159.1,7091,61,Swimming,171,4,2160.8,,2160.0
4189,18.0,Female,119.6,159.7,18905,65,HIIT,75,10,3044.9,,3040.0
4190,18.8,Female,117.8,159.4,16866,19,Yoga,75,2,2115.3,Evening workout,2119.0
4191,43.8,Female,53.7,158.5,8521,28,Cycling,110,1,1581.0,High intensity,1578.0
4192,62.5,Male,92.4,177.1,16410,28,Cycling,126,5,2476.7,High intensity,2472.0
4193,37.3,Male,111.0,173.7,19007,117,Yoga,151,6,3480.4,,3478.0
4194,40.8,Male,80.2,168.1,6820,96,Yoga,152,2,2337.5,Good workout,2334.0
4195,27.7,Female,115.4,182.8,12453,68,HIIT,113,3,2479.8,Low effort,2476.0
4196,28.2,Female,88.2,153.6,5696,53,Walking,79,10,2147.4,Low effort,2151.0
4197,58.0,Male,104.3,152.7,2867,114,Yoga,159,3,2530.1,Evening workout,2534.0
4198,58.8,Female,107.2,191.0,16723,68,HIIT,92,2,2638.9,Morning session,2637.0
4199,22.7,Female,49.6,161.3,12817,105,HIIT,145,4,2620.9,High intensity,2620.0
4200,18.4,Male,84.4,167.6,1168,93,Swimming,67,5,1926.5,,1923.0
4201,34.9,Male,63.5,172.7,11213,13,Yoga,179,8,2190.7,,2191.0
4202,39.3,Female,91.6,169.7,16223,106,HIIT,170,6,3204.6,High intensity,3204.0
4203,51.6,Male,109.0,155.4,12452,74,Walking,83,9,2750.5,High intensity,2753.0
4204,62.7,Female,111.3,183.4,9027,22,Walking,112,3,1999.6,,2002.0
4205,58.3,Male,62.8,191.6,17291,76,Yoga,123,10,2960.4,,2962.0
4206,46.5,Male,94.6,151.7,11641,21,HIIT,117,9,2327.7,Evening workout,2326.0
4207,21.4,Male,74.5,179.5,1224,102,Walking,177,4,2237.5,,2234.0
4208,22.6,Female,110.6,158.2,9749,64,HIIT,96,8,2490.6,Low effort,2490.0
4209,28.4,Female,49.8,176.8,7582,70,Yoga,143,10,2353.8,High intensity,2356.0
4210,38.3,Male,86.2,191.5,2573,104,Cycling,71,7,2228.2,Low effort,2227.0
4211,52.0,Male,49.5,183.5,9577,50,Swimming,143,7,2228.8,,2228.0
4212,29.5,Male,94.6,189.8,9712,45,Yoga,143,9,2419.4,High intensity,2418.0
4213,43.1,Female,102.1,173.3,7763,11,Walking,63,10,1967.6,Evening workout,1964.0
4214,36.3,Male,52.5,166.5,13164,31,Cycling,153,2,2014.0,High intensity,2012.0
4215,62.5,Male,75.0,178.0,6217,31,Walking,90,5,1781.7,Morning session,1786.0
4216,24.5,Male,56.8,185.7,17272,50,HIIT,145,3,2421.6,High intensity,2417.0
4217,64.5,Male,65.2,161.9,13734,104,Cycling,138,7,2907.6,Morning session,2903.0
4218,24.4,Female,106.6,180.1,12353,118,HIIT,97,3,2753.3,,2756.0
4219,43.7,Female,77.3,158.7,4501,23,Walking,96,5,1622.6,Morning session,1621.0
4220,57.9,Male,70.5,168.3,14530,102,Yoga,151,5,2927.1,,2928.0
4221,22.2,Female,84.9,166.0,13394,44,Yoga,134,2,2189.2,,2188.0
4222,38.4,Female,109.1,151.1,2499,59,Running,73,1,1717.0,Low effort,1713.0
4223,31.4,Female,103.6,189.5,10669,18,Yoga,134,6,2140.4,Morning session,2144.0
4224,21.1,Male,59.4,154.1,11519,105,Yoga,132,1,2393.8,,2393.0
4225,40.6,Female,45.1,188.3,14239,68,Running,83,9,2474.3,Evening workout,2475.0
4226,59.7,Female,55.0,165.8,19128,65,Cycling,69,10,2772.3,Good workout,2769.0
4227,37.4,Female,99.4,166.9,3039,100,Running,97,5,2281.2,Evening workout,2280.0
4228,32.1,Male,46.5,176.8,9311,19,Swimming,102,1,1484.4,,1481.0
4229,62.7,Male,109.8,156.2,4857,34,Running,164,8,2266.0,Good workout,2267.0
4230,46.3,Female,88.8,157.3,5950,54,Swimming,96,1,1806.7,Good workout,1805.0
4231,25.5,Female,60.6,157.7,16441,106,Walking,101,4,2709.3,Low effort,2713.0
4232,58.2,Male,66.4,172.7,13735,20,Yoga,91,7,2101.8,,2097.0
4233,36.8,Male,62.1,181.1,2743,110,Walking,143,4,2221.0,,2220.0
4234,56.6,Female,91.4,192.2,14283,18,HIIT,73,5,2092.7,High intensity,2090.0
4235,63.3,Female,74.8,167.6,10638,16,HIIT,161,7,2190.8,Morning session,2191.0
4236,45.2,Male,54.8,187.3,4616,80,Running,63,4,1820.5,Low effort,1817.0
4237,63.5,Male,102.8,161.5,16383,43,Walking,83,5,2462.7,Good workout,2463.0
4238,44.8,Female,106.3,164.9,4894,92,Swimming,155,7,2630.9,High intensity,2633.0
4239,21.6,Male,50.8,177.5,19108,29,HIIT,178,1,2230.5,,2229.0
4240,32.5,Female,111.8,187.2,7227,115,Yoga,176,3,2782.3,High intensity,2782.0
4241,52.4,Female,85.0,180.2,11464,98,Yoga,69,1,2324.5,Good workout,2328.0
4242,54.1,Female,87.3,158.7,8847,14,Yoga,177,3,1980.9,,1981.0
4243,18.4,Male,62.7,157.3,5281,102,Walking,166,2,2215.0,Good workout,2219.0
4244,20.6,Female,102.5,168.4,19584,64,Cycling,75,5,2723.3,Morning session,2723.0
4245,64.4,Female,104.1,157.7,3143,100,Yoga,98,10,2611.3,Good workout,2609.0
4246,41.4,Male,71.3,183.8,15780,98,Swimming,155,5,2949.3,,2945.0
4247,44.4,Male,112.7,153.7,4181,110,HIIT,77,10,2679.1,,2683.0
4248,57.3,Female,66.1,180.4,7520,24,Swimming,84,9,1910.2,Low effort,1914.0
4249,53.4,Female,68.3,187.4,14052,57,Cycling,66,8,2418.3,Morning session,2421.0
4250,51.8,Male,84.8,152.8,13271,13,Cycling,115,3,1973.9,Low effort,1974.0
4251,46.7,Male,118.6,184.3,18480,87,Walking,176,1,3113.0,Evening workout,3113.0
4252,41.1,Male,110.1,168.1,13499,90,Walking,106,5,2778.9,Low effort,2783.0
4253,41.9,Female,84.3,192.5,9915,30,Walking,174,3,2101.8,Good workout,2100.0
4254,59.7,Female,50.9,178.5,17122,89,HIIT,141,5,2771.1,Good workout,2772.0
4255,21.2,Female,62.6,159.5,12431,99,Yoga,170,9,2907.9,Morning session,2912.0
4256,20.0,Male,74.2,161.1,7918,18,Swimming,141,1,1619.9,Morning session,1617.0
4257,51.5,Female,65.7,179.5,9148,75,HIIT,62,1,1918.8,Morning session,1914.0
4258,40.8,Male,106.2,179.2,14038,116,Swimming,60,9,3106.9,Evening workout,3103.0
4259,40.2,Female,54.3,167.4,14805,88,Walking,92,3,2430.4,Evening workout,2431.0
4260,62.4,Male,57.7,173.8,8749,44,Walking,130,10,2303.3,,2307.0
4261,22.3,Female,53.3,181.9,3871,97,Walking,133,5,2128.2,Morning session,2127.0
4262,48.2,Female,112.3,158.3,5489,60,Cycling,167,9,2543.8,Morning session,2547.0
4263,58.4,Male,83.8,173.6,5607,111,Swimming,118,5,2544.2,,2546.0
4264,23.1,Male,68.5,175.2,13973,87,Cycling,131,3,2524.6,High intensity,2521.0
4265,54.9,Female,78.5,152.4,13111,110,Yoga,177,9,3231.1,Good workout,3227.0
4266,27.2,Male,105.6,172.9,6834,46,HIIT,91,7,2091.8,Morning session,2092.0
4267,57.9,Male,85.4,160.5,10912,15,Running,146,7,2165.4,Low effort,2169.0
4268,24.1,Female,49.1,159.0,4399,91,HIIT,76,8,2100.3,Low effort,2098.0
4269,56.0,Male,94.0,185.9,19241,95,HIIT,137,5,3176.5,Low effort,3173.0
4270,55.1,Female,48.7,162.7,8604,91,Running,76,2,2032.2,Evening workout,2031.0
4271,38.4,Female,95.3,178.3,11957,60,HIIT,148,9,2719.4,Good workout,2719.0
4272,37.7,Male,96.5,187.5,8731,75,Yoga,80,3,2156.0,Evening workout,2159.0
4273,20.5,Male,83.9,162.9,19780,105,Walking,114,2,2913.0,Low effort,2914.0
4274,39.8,Female,52.3,175.1,16808,26,Walking,65,10,2289.2,Evening workout,2289.0
4275,64.8,Female,89.6,169.1,3261,74,HIIT,143,10,2452.3,,2457.0
4276,21.5,Female,72.6,154.2,12809,18,Yoga,108,5,1970.1,Evening workout,1975.0
4277,45.1,Female,71.7,169.0,18696,22,Walking,143,8,2531.9,High intensity,2529.0
4278,29.8,Female,109.9,163.3,11056,109,Swimming,85,3,2634.4,Evening workout,2636.0
4279,55.4,Female,78.9,194.3,19689,110,Running,91,6,3156.1,,3153.0
4280,53.3,Male,106.7,163.3,1997,67,Running,131,9,2269.0,Morning session,2270.0
4281,64.4,Male,106.8,157.3,16155,39,Walking,168,2,2556.8,Evening workout,2561.0
4282,58.4,Male,82.0,162.8,7353,40,Yoga,171,8,2300.0,Good workout,2297.0
4283,22.8,Female,70.5,173.6,19703,32,Walking,103,10,2673.7,Morning session,2670.0
4284,30.4,Male,68.8,164.7,4207,72,Yoga,118,7,2090.1,Evening workout,2091.0
4285,40.0,Female,83.4,150.9,10275,37,Cycling,88,3,1918.5,Low effort,1921.0
4286,47.3,Female,65.5,171.3,16874,68,Cycling,76,1,2306.0,,2307.0
4287,54.1,Male,91.8,183.1,4086,19,Cycling,77,6,1651.8,,1648.0
4288,42.9,Female,92.5,189.7,16973,98,HIIT,99,2,2759.9,Evening workout,2760.0
4289,44.1,Female,57.8,152.0,18105,109,Swimming,122,3,2872.9,Morning session,2869.0
4290,31.2,Female,47.6,175.9,15870,99,Swimming,141,5,2763.8,Morning session,2764.0
4291,64.1,Female,76.8,163.0,2154,35,Yoga,134,8,1879.1,Good workout,1875.0
4292,53.1,Female,79.8,190.4,17029,118,Cycling,104,2,2936.0,Morning session,2939.0
4293,56.2,Female,63.1,157.1,8167,86,Running,135,6,2389.8,,2390.0
4294,33.8,Male,58.7,165.9,1016,26,Swimming,138,1,1283.0,,1285.0
4295,39.2,Female,92.0,191.0,8097,49,Swimming,149,7,2363.5,,2365.0
4296,38.1,Female,112.5,170.7,14165,77,Yoga,62,4,2552.8,,2548.0
4297,38.7,Female,89.7,159.3,19616,32,Swimming,62,1,2153.3,Morning session,2152.0
4298,25.0,Female,63.7,174.4,12654,44,HIIT,97,9,2316.8,Low effort,2320.0
4299,33.4,Male,108.9,187.8,18830,84,Cycling,158,9,3330.1,,3333.0
4300,48.4,Male,110.6,171.7,17205,85,Yoga,132,3,2951.8,,2947.0
4301,59.7,Female,110.4,153.7,10657,18,Swimming,166,6,2354.8,Morning session,2351.0
4302,27.7,Female,119.0,153.6,12959,88,HIIT,99,7,2848.2,,2847.0
4303,49.3,Female,89.1,179.5,12819,54,Cycling,127,4,2356.1,Evening workout,2355.0
4304,51.7,Male,118.4,151.8,4083,46,Swimming,113,6,2111.6,Good workout,2111.0
4305,26.8,Male,111.2,178.5,10735,78,Swimming,179,9,2969.8,Evening workout,2969.0
4306,34.4,Male,113.8,192.3,7952,28,HIIT,79,10,2155.5,,2159.0
4307,28.7,Male,47.3,185.2,15637,84,Walking,74,6,2502.7,Evening workout,2500.0
4308,49.2,Female,82.9,170.8,10463,82,Walking,152,7,2684.1,Good workout,2685.0
4309,27.2,Male,86.9,170.2,6391,108,HIIT,64,6,2392.5,Low effort,2395.0
4310,39.1,Male,84.1,170.6,15468,36,Running,98,7,2418.5,Evening workout,2416.0
4311,34.5,Female,94.2,153.3,16091,22,Swimming,99,1,2069.1,Morning session,2066.0
4312,21.5,Female,79.1,150.7,15964,66,Running,66,6,2465.1,High intensity,2463.0
4313,64.5,Male,68.6,175.1,9964,69,Walking,131,9,2576.5,Good workout,2580.0
4314,42.9,Male,61.4,151.3,8914,21,Walking,155,3,1846.3,,1848.0
4315,38.5,Male,84.4,158.4,15476,18,Walking,159,6,2368.1,,2371.0
4316,54.5,,118.7,194.2,17866,115,Walking,92,4,3173.2,Morning session,3175.0
4317,55.7,Female,110.8,167.8,8437,101,Walking,177,7,3005.2,,3004.0
4318,18.0,Female,88.1,191.3,12371,86,Swimming,96,7,2600.8,Evening workout,2602.0
4319,42.6,Male,67.5,190.2,10773,93,Swimming,91,9,2625.6,Low effort,2625.0
4320,53.3,Male,50.0,160.3,6203,86,HIIT,102,4,2050.2,Evening workout,2046.0
4321,34.9,Male,110.1,174.8,16430,36,Running,122,8,2711.8,Morning session,2708.0
4322,,Male,65.3,175.0,13462,99,Walking,95,8,2744.9,Good workout,2741.0
4323,41.5,Male,79.2,185.7,10033,72,Walking,157,8,2635.5,,2640.0
4324,19.8,Female,73.6,191.2,19256,102,Walking,108,8,3126.5,Good workout,3129.0
4325,57.1,Female,51.6,184.9,16754,38,Cycling,84,6,2277.2,Low effort,2275.0
4326,32.4,Female,97.4,187.5,4320,31,Cycling,167,8,2093.5,,2097.0
4327,49.7,Male,81.9,152.5,15979,82,Yoga,155,6,2851.6,Low effort,2852.0
4328,56.3,Male,67.3,190.3,3728,97,Walking,125,10,2467.7,,2470.0
4329,23.9,Female,52.6,184.2,18338,115,Swimming,68,2,2662.1,Good workout,2659.0
4330,18.6,Female,92.5,189.1,2595,28,Cycling,161,3,1681.9,,1682.0
4331,64.4,Male,54.6,171.5,3288,47,HIIT,152,6,1907.5,Low effort,1911.0
4332,40.4,Female,68.9,157.3,7845,104,Swimming,161,7,2668.7,Evening workout,2672.0
4333,56.2,Male,91.2,164.6,8663,48,Cycling,77,4,2013.7,,2009.0
4334,34.7,Male,97.1,194.9,18127,24,Cycling,81,1,2173.2,Low effort,2176.0
4335,51.1,Female,83.2,156.2,18878,63,HIIT,158,4,2822.3,High intensity,2825.0
4336,58.5,Female,111.3,168.8,7944,41,Yoga,74,6,2130.3,Evening workout,2131.0
4337,46.1,Female,110.4,189.1,13302,119,Cycling,66,8,3068.2,,3072.0
4338,26.7,Male,50.3,191.7,11180,55,Yoga,72,4,1967.3,Low effort,1964.0
4339,30.0,Male,65.7,,1207,70,Walking,165,10,2232.4,Morning session,2233.0
4340,23.7,Female,117.5,150.4,2083,102,HIIT,95,1,2099.8,Good workout,2097.0
4341,23.1,Male,118.5,194.7,19796,61,Swimming,75,5,2801.1,,2802.0
4342,37.7,Male,80.5,178.2,4311,43,Cycling,100,7,1904.4,,1908.0
4343,20.8,Male,47.3,162.1,9588,82,Walking,80,6,2141.5,Good workout,2137.0
4344,34.8,Female,86.3,178.2,17592,44,HIIT,87,3,2373.7,Morning session,2375.0
4345,29.3,Male,89.2,190.4,14444,79,HIIT,133,7,2803.3,,2805.0
4346,64.9,Female,88.1,191.4,6850,46,HIIT,142,4,2114.8,High intensity,2118.0
4347,62.8,Female,77.7,155.0,19820,87,Yoga,76,5,2882.2,Morning session,2881.0
4348,18.2,Male,104.3,154.1,13719,70,Cycling,124,7,2710.2,Low effort,2708.0
4349,34.6,Female,114.6,183.2,17517,58,HIIT,72,2,2489.3,Good workout,2486.0
4350,20.2,Male,70.4,160.9,18022,18,Swimming,95,4,2101.3,Evening workout,2104.0
4351,43.2,Female,65.4,158.7,2228,28,Walking,170,4,1662.8,,1660.0
4352,32.8,Female,46.5,187.0,5019,96,Swimming,117,6,2132.0,Morning session,2133.0
4353,53.6,Male,91.0,189.1,10482,114,Swimming,165,7,3021.3,Evening workout,3022.0
4354,49.4,Female,74.7,190.3,15105,37,Swimming,79,4,2144.9,Good workout,2147.0
4355,49.6,Female,71.7,158.5,19580,89,Cycling,164,10,3333.2,Morning session,3332.0
4356,21.6,Female,115.3,157.5,10895,35,HIIT,163,1,2209.4,High intensity,2209.0
4357,35.7,Male,64.1,193.0,15135,47,Walking,111,1,2122.1,,2125.0
4358,36.7,Male,94.4,189.8,17245,49,Running,65,5,2441.9,Evening workout,2438.0
4359,60.2,Female,67.2,152.7,11387,34,HIIT,82,1,1831.8,Low effort,1828.0
4360,52.7,Female,57.6,162.4,18359,108,Running,101,3,2825.7,Evening workout,2830.0
4361,57.1,Female,48.0,168.1,15904,78,Cycling,83,9,2688.3,,2685.0
4362,31.8,Male,58.8,183.8,7121,80,Walking,175,3,2183.5,Evening workout,2185.0
4363,50.6,Male,64.5,181.6,2028,32,HIIT,172,3,1625.0,,1624.0
4364,31.0,Female,57.2,165.0,17909,98,HIIT,64,9,2885.6,High intensity,2889.0
4365,51.3,Male,47.2,185.8,3327,74,Running,91,5,1827.8,Evening workout,1831.0
4366,21.5,Male,91.5,167.6,19930,31,Running,105,8,2690.8,High intensity,2692.0
4367,41.2,Male,47.8,163.6,18219,73,Running,76,10,2771.0,Low effort,2774.0
4368,46.5,Male,45.5,179.4,3483,77,Cycling,134,9,2149.9,,
4369,36.3,Female,68.1,151.8,3734,67,Yoga,86,6,1918.4,Morning session,1915.0
4370,23.1,Male,79.5,162.7,10730,37,Running,127,7,2187.7,,2184.0
4371,50.7,Male,58.7,176.2,11102,87,Walking,82,7,2406.5,Good workout,2405.0
4372,57.4,Female,111.6,166.9,8304,106,Cycling,146,7,2931.0,,2926.0
4373,36.6,Female,57.4,180.7,5049,77,Running,172,4,2159.2,Morning session,2156.0
4374,18.2,Male,91.1,164.6,15947,115,Cycling,93,2,2796.3,,2794.0
4375,22.6,Male,94.7,169.5,10495,84,HIIT,80,2,2265.6,Good workout,2269.0
4376,44.4,Female,70.3,154.8,1392,112,Yoga,81,7,2182.0,Low effort,2184.0
4377,33.3,Female,47.1,156.3,12776,105,,124,10,2874.5,Low effort,2872.0
4378,23.5,Female,95.2,167.0,11867,13,Running,91,7,2032.6,Evening workout,2030.0
4379,57.3,Male,84.4,160.1,3466,10,Cycling,121,10,1898.2,Good workout,1898.0
4380,30.1,Male,112.7,181.4,2225,35,Swimming,87,7,1840.4,High intensity,1839.0
4381,52.9,Female,80.3,176.3,15987,42,HIIT,141,8,2696.8,,2693.0
4382,36.5,Male,95.1,175.3,1461,90,HIIT,66,3,1866.0,Good workout,1863.0
4383,29.5,Female,45.4,186.5,10993,36,Swimming,113,5,1899.7,Low effort,1901.0
4384,33.4,Male,77.6,194.2,12465,51,Walking,161,6,2459.0,Low effort,2463.0
4385,60.6,Female,51.9,177.8,17535,78,Yoga,129,8,2839.0,,2839.0
4386,27.8,Female,96.7,151.2,11461,80,Walking,73,8,2596.3,Good workout,2598.0
4387,42.3,Male,55.6,169.1,13366,73,Walking,153,10,2766.6,,2771.0
4388,37.9,Male,71.7,153.7,2785,34,Running,114,3,1502.2,Low effort,1502.0
4389,48.2,Male,58.5,162.7,7242,81,Swimming,117,4,2133.8,High intensity,2137.0
4390,21.9,Male,90.8,173.2,15312,107,Yoga,103,6,2904.1,,2900.0
4391,61.6,Male,54.3,187.8,7356,114,HIIT,105,4,2403.3,,2401.0
4392,40.8,Male,68.5,189.6,19220,13,Swimming,73,10,2419.5,Low effort,2416.0
4393,19.3,Female,105.2,194.4,10589,21,Yoga,103,4,1982.5,,1982.0
4394,39.1,Male,62.4,178.9,2493,67,Swimming,100,5,1819.9,,1818.0
4395,54.9,Female,53.5,185.4,18932,104,Yoga,132,10,3288.4,Morning session,3291.0
4396,25.4,Female,61.5,151.2,6163,20,Cycling,154,7,1872.6,,1871.0
4397,24.8,Male,102.3,190.1,10612,110,Yoga,61,2,2443.9,High intensity,2442.0
4398,31.7,Female,57.6,167.1,15297,117,Cycling,141,2,2815.2,,2813.0
4399,20.4,Female,94.1,157.3,6704,68,HIIT,64,10,2277.8,Morning session,2277.0
4400,33.7,Male,50.4,164.9,7688,45,HIIT,149,9,2155.9,,2159.0
4401,36.1,Male,95.4,190.3,16835,118,Yoga,146,4,3175.8,Good workout,3172.0
4402,35.6,Male,80.8,166.5,19447,31,Swimming,71,5,2370.9,,2366.0
4403,33.1,Female,115.0,,19404,74,HIIT,137,3,2930.3,,2926.0
4404,25.2,Male,69.2,151.1,11341,59,HIIT,136,2,2146.5,Good workout,2142.0
4405,50.7,Male,55.7,155.6,8353,13,Swimming,158,10,2080.7,,2076.0
4406,29.7,Male,88.1,178.8,10142,109,Cycling,106,8,2760.6,Low effort,2761.0
4407,28.8,Male,58.1,176.4,16266,81,Walking,138,4,2591.7,Evening workout,2587.0
4408,22.6,Female,73.6,186.6,9216,98,Running,94,1,2172.2,High intensity,2169.0
4409,44.5,Male,118.1,183.3,16932,101,Yoga,175,6,3338.6,Good workout,3342.0
4410,29.2,Female,94.4,167.4,13017,61,Walking,78,6,2402.0,Low effort,2401.0
4411,34.1,Male,49.0,191.7,1569,111,Yoga,138,2,1990.7,High intensity,1990.0
4412,23.7,Female,116.7,159.3,6112,109,Cycling,122,2,2497.8,Low effort,2493.0
4413,50.5,Female,113.5,187.5,2355,109,Running,174,8,2764.5,,2769.0
4414,22.7,Female,101.4,193.8,9056,52,Swimming,67,7,2157.5,,2161.0
4415,45.9,Male,70.1,166.3,17086,114,Swimming,82,2,2771.2,,2772.0
4416,31.5,Female,50.8,162.1,18214,55,Yoga,72,10,2537.1,,2540.0
4417,22.5,Male,60.6,191.7,15220,13,Cycling,82,1,1738.5,Good workout,1740.0
4418,50.1,Male,104.0,176.9,15498,22,Running,90,8,2405.3,Morning session,2410.0
4419,58.9,Male,56.7,151.5,1834,47,Running,89,10,1850.0,,1851.0
4420,36.3,Male,119.3,183.2,12308,54,HIIT,101,2,2336.0,,2334.0
4421,39.8,Male,47.8,180.5,1969,34,Swimming,61,5,1348.5,Good workout,1347.0
4422,22.0,Female,107.2,172.6,1592,76,Walking,70,6,1961.2,Good workout,1962.0
4423,19.7,Male,108.5,156.6,1254,64,HIIT,84,10,2106.5,Good workout,2105.0
4424,47.2,Female,106.4,187.5,11306,105,Walking,88,1,2518.6,,2520.0
4425,64.7,Female,50.0,182.2,3661,48,Walking,81,2,1490.4,,1486.0
4426,56.3,Female,63.9,161.2,16309,74,Running,78,10,2770.8,,2766.0
4427,21.3,Female,62.5,194.8,9794,84,Running,132,4,2344.1,Evening workout,2340.0
4428,50.8,Female,87.2,161.6,19223,11,Yoga,100,2,2193.3,,2194.0
4429,30.6,Female,117.5,168.4,6905,78,Walking,97,6,2403.7,Morning session,2404.0
4430,37.2,Female,47.4,158.3,3431,95,Yoga,88,4,1903.4,,1903.0
4431,24.3,Male,116.8,159.8,8756,71,Cycling,133,3,2368.5,High intensity,2373.0
4432,32.9,Female,82.2,166.4,6353,55,Running,81,6,1970.9,Good workout,1969.0
4433,40.1,Male,112.2,189.7,18349,86,Swimming,147,9,3337.4,Good workout,3338.0
4434,31.2,Female,88.4,188.3,2737,96,Cycling,67,8,2244.7,,2246.0
4435,40.0,Female,107.0,190.9,17868,40,Running,106,2,2453.2,High intensity,2454.0
4436,36.1,Female,86.3,159.6,13326,108,Yoga,65,3,2559.4,High intensity,2556.0
4437,46.6,Female,108.5,161.4,13911,111,Cycling,66,2,2761.0,,2765.0
4438,37.4,Male,98.2,164.4,19411,114,Cycling,143,10,3595.4,,3596.0
4439,46.5,Male,115.7,180.6,6213,44,Swimming,140,7,2322.0,Morning session,2319.0
4440,41.4,Male,81.2,164.9,7227,54,Yoga,95,9,2214.7,Good workout,2211.0
4441,35.4,Female,48.6,177.4,12279,86,Yoga,67,1,2077.2,Good workout,2078.0
4442,27.8,Female,46.4,153.7,16836,63,Yoga,136,3,2390.5,,2393.0
4443,58.3,Female,88.8,185.2,9796,80,Swimming,147,6,2600.2,Good workout,2599.0
4444,25.1,Male,111.4,150.3,17351,78,HIIT,105,4,2820.7,Morning session,2820.0
4445,43.7,Female,112.1,193.6,18352,38,Swimming,173,10,3060.7,Good workout,3061.0
4446,46.6,Male,118.0,183.3,17820,81,Swimming,123,10,3291.2,Low effort,3295.0
4447,27.7,Male,106.6,166.7,11966,17,Cycling,90,1,1846.7,Low effort,1846.0
4448,34.3,Female,45.2,188.7,14967,63,Yoga,82,9,2426.3,Morning session,2423.0
4449,19.6,Female,61.4,187.5,2809,16,Cycling,120,7,1524.6,Low effort,1523.0
4450,23.6,Male,60.8,193.0,7546,92,Yoga,140,7,2442.8,Low effort,2441.0
4451,22.2,Male,53.0,182.7,9107,112,Swimming,109,1,2225.8,High intensity,2227.0
4452,45.7,Male,97.3,170.2,6505,32,HIIT,105,9,2125.2,Low effort,2130.0
4453,58.4,Female,117.1,175.3,6257,109,Yoga,147,8,2949.9,Good workout,2952.0
4454,22.5,Female,103.4,185.5,16051,115,HIIT,102,10,3304.5,Good workout,3304.0
4455,35.4,Female,53.5,154.4,5909,41,HIIT,69,5,1607.8,Morning session,1609.0
4456,43.3,Female,56.7,182.1,15866,71,Walking,154,4,2613.4,Good workout,2618.0
4457,37.2,Female,85.6,150.9,11021,54,Yoga,168,1,2254.5,,2251.0
4458,58.1,Female,59.7,155.9,16358,77,HIIT,79,9,2732.6,Good workout,2728.0
4459,44.2,Male,110.4,186.9,1461,39,Cycling,75,8,1836.3,Morning session,1835.0
4460,29.8,Male,119.5,151.4,16732,115,Running,137,2,3133.3,,3132.0
4461,24.2,Male,55.8,154.1,4233,48,Running,62,4,1530.8,Low effort,1526.0
4462,20.5,Female,52.0,175.7,13128,14,Walking,89,4,1759.4,,1758.0
4463,27.4,Male,99.3,190.4,6202,76,Walking,77,7,2261.5,Morning session,2260.0
4464,51.8,Female,50.5,,3939,31,Running,118,3,1493.4,Evening workout,1494.0
4465,42.8,Female,97.9,161.1,16197,37,Cycling,129,8,2678.0,,2673.0
4466,52.1,Male,64.8,154.7,14722,31,Running,143,7,2367.3,Good workout,2369.0
4467,33.6,Female,83.3,151.4,13998,95,Swimming,94,10,2924.0,Evening workout,2928.0
4468,19.2,Male,116.9,153.5,17472,107,Cycling,78,4,3015.2,Evening workout,3017.0
4469,41.8,Male,78.2,176.3,19047,38,HIIT,85,9,2617.6,Morning session,2613.0
4470,27.2,Female,101.8,159.8,4301,52,Walking,94,6,1964.1,,1960.0
4471,55.7,Male,63.0,162.1,16640,51,Walking,135,3,2435.7,Morning session,2438.0
4472,39.6,Male,115.8,193.9,17805,69,Yoga,131,7,3017.8,Low effort,3020.0
4473,43.1,Male,75.2,151.7,17131,86,Running,116,6,2879.3,Morning session,2884.0
4474,60.5,Male,84.3,175.2,5433,80,HIIT,160,8,2547.8,,2551.0
4475,56.1,Female,58.0,164.6,1265,83,Cycling,108,5,1922.6,,1923.0
4476,44.0,Male,81.4,159.4,3850,101,Walking,69,6,2222.6,High intensity,2223.0
4477,46.1,Male,88.2,171.4,2378,77,Cycling,144,1,1927.1,Low effort,1923.0
4478,64.2,Male,53.0,189.8,7503,68,Yoga,172,8,2408.7,Low effort,2406.0
4479,55.5,Female,102.2,174.3,8157,105,Cycling,164,1,2637.9,Evening workout,2636.0
4480,37.6,Male,64.8,164.4,11006,95,Cycling,168,3,2547.8,High intensity,2552.0
4481,44.2,Female,94.5,162.8,1849,93,Cycling,165,2,2193.0,Morning session,2188.0
4482,58.5,Male,64.0,157.4,5814,93,HIIT,88,6,2246.5,High intensity,2248.0
4483,37.6,Male,80.2,170.4,11000,15,Walking,154,8,2210.9,High intensity,2209.0
4484,61.3,Male,71.9,170.4,16288,82,Cycling,163,8,3055.5,,3058.0
4485,36.7,Female,116.7,171.8,4274,37,Yoga,130,7,2115.1,Good workout,2113.0
4486,37.0,Female,76.7,,18100,86,Cycling,157,7,3061.1,Evening workout,3064.0
4487,52.4,Female,45.6,194.7,15227,40,Running,157,8,2475.6,High intensity,2479.0
4488,64.3,Female,61.2,176.8,18279,48,Walking,153,5,2649.7,Morning session,2645.0
4489,19.4,Female,53.1,189.8,10368,59,Running,127,3,2032.6,,2032.0
4490,47.5,Female,89.1,171.1,12945,87,Walking,164,2,2689.8,Morning session,2690.0
4491,51.7,Male,110.0,179.4,10968,95,Running,153,3,2768.1,High intensity,2772.0
4492,39.5,Female,76.7,158.6,10651,46,Walking,148,3,2145.3,Morning session,2150.0
4493,20.6,Male,89.2,194.2,14903,118,Cycling,137,7,3132.3,Good workout,3131.0
4494,23.6,Female,53.6,184.4,19927,97,Swimming,83,1,2571.9,High intensity,2573.0
4495,32.8,Female,74.8,167.7,8771,81,Yoga,102,7,2412.1,Low effort,2408.0
4496,44.4,Female,82.4,191.7,14460,24,Walking,154,6,2358.0,Morning session,2357.0
4497,27.7,Male,104.8,154.1,5637,60,HIIT,176,10,2542.3,Morning session,2538.0
4498,26.3,Female,45.9,176.7,13922,114,Yoga,98,2,2496.9,Evening workout,2496.0
4499,50.2,Female,49.9,155.7,9066,79,Walking,151,10,2593.3,Good workout,2592.0
4500,49.3,Male,107.1,181.7,4553,32,Swimming,84,1,1659.5,Good workout,1659.0
4501,23.7,Male,80.3,157.6,2349,34,Walking,142,9,1907.1,Low effort,1909.0
4502,58.4,Male,109.1,188.6,3986,104,Running,127,2,2373.5,High intensity,2372.0
4503,53.6,Male,117.5,170.4,12522,55,HIIT,93,4,2414.5,High intensity,2419.0
4504,19.8,Female,68.8,167.2,3122,102,Swimming,155,9,2466.4,Evening workout,2467.0
4505,46.7,Male,48.9,163.6,14892,32,Walking,148,9,2393.1,High intensity,2391.0
4506,21.4,Female,112.2,164.4,9689,19,Yoga,178,1,1980.8,Good workout,1984.0
4507,18.4,Female,69.7,191.6,15062,82,Swimming,145,2,2510.4,Morning session,2514.0
4508,36.1,Male,118.2,175.8,2363,86,Cycling,112,2,2108.7,,2105.0
4509,43.2,Female,51.7,193.9,17691,41,HIIT,151,2,2290.2,Morning session,2294.0
4510,42.4,Male,57.4,181.7,3751,60,Walking,114,8,1969.1,,1966.0
4511,27.9,Female,112.1,188.7,8782,118,Running,174,8,3090.2,Evening workout,3088.0
4512,,Male,87.5,177.4,18648,50,Walking,112,10,2880.0,Morning session,2880.0
4513,39.1,Male,101.2,188.8,13540,74,HIIT,77,8,2663.7,Good workout,2668.0
4514,38.2,Male,80.8,192.6,14223,74,HIIT,176,4,2736.0,Low effort,2740.0
4515,39.1,Male,58.6,181.2,6339,110,Cycling,66,8,2357.2,,2361.0
4516,53.3,Male,116.3,162.3,6848,49,Running,122,7,2315.5,Evening workout,2315.0
4517,51.6,Male,71.5,164.1,17877,27,Walking,134,8,2526.3,Morning session,2522.0
4518,47.1,Female,81.2,167.9,19405,45,Yoga,101,1,2354.7,Evening workout,2357.0
4519,42.5,Female,115.4,188.1,19131,40,Cycling,70,3,2489.9,Evening workout,2494.0
4520,62.3,Female,69.1,155.9,16861,63,HIIT,178,10,3006.4,High intensity,3002.0
4521,45.5,Male,111.5,160.3,14465,72,Swimming,68,6,2633.1,High intensity,2632.0
4522,18.6,Female,48.1,181.2,4302,10,HIIT,94,1,1087.5,Evening workout,1092.0
4523,62.8,Male,118.0,189.2,15437,61,Running,179,4,2897.8,,2896.0
4524,21.6,Female,60.4,169.5,16162,109,Walking,160,9,3140.5,Low effort,3140.0
4525,24.3,Female,63.2,182.4,15512,66,Walking,146,7,2641.9,Good workout,2645.0
4526,26.1,Male,73.6,189.2,6022,18,Swimming,156,1,1564.2,Good workout,1564.0
4527,53.4,Female,95.3,157.8,11471,95,Running,124,6,2815.6,Good workout,2815.0
4528,36.5,Female,62.3,184.4,7155,101,HIIT,143,6,2463.3,,2464.0
4529,18.8,Female,102.5,154.2,6254,99,Cycling,64,2,2085.0,,2090.0
4530,27.7,Male,88.5,184.4,5354,83,HIIT,152,6,2345.2,,2348.0
4531,53.6,Female,60.7,163.3,3516,65,Running,85,10,2071.2,,2068.0
4532,26.3,Male,109.8,170.1,16872,56,Running,110,2,2528.0,,2527.0
4533,62.1,Female,46.4,,11156,12,Cycling,97,8,1884.2,High intensity,1888.0
4534,63.6,Female,100.3,166.1,9838,11,HIIT,62,7,1916.9,Evening workout,1913.0
4535,59.3,Female,72.0,167.4,13734,63,Yoga,144,6,2616.1,Evening workout,2614.0
4536,49.1,Female,109.8,183.9,12022,46,Walking,118,10,2634.2,Evening workout,2634.0
4537,49.5,Male,49.9,161.5,6208,65,Walking,72,6,1894.7,High intensity,1896.0
4538,23.4,Female,66.1,165.1,17578,40,Cycling,154,9,2674.1,Evening workout,2678.0
4539,55.1,Male,57.7,153.1,14725,106,Walking,140,9,3055.6,High intensity,3059.0
4540,34.4,Male,109.6,174.4,10337,105,HIIT,94,10,2940.9,Evening workout,2941.0
4541,27.7,Female,60.5,183.4,11701,116,HIIT,146,10,3034.3,,3034.0
4542,44.3,Female,108.2,177.3,11275,21,Cycling,62,2,1810.4,Evening workout,1808.0
4543,52.2,Male,76.2,160.1,7210,67,Walking,112,3,2073.1,Evening workout,2078.0
4544,38.9,Male,95.0,162.3,12544,76,Yoga,114,10,2824.1,,2821.0
4545,42.7,Female,102.5,180.3,17327,35,Swimming,104,7,2585.3,Evening workout,2588.0
4546,45.8,Female,90.1,174.9,15041,87,Cycling,125,10,3085.4,Low effort,3088.0
4547,64.5,Female,96.7,188.0,17705,21,Yoga,126,9,2665.3,High intensity,2668.0
4548,32.8,Female,107.8,159.7,11479,99,Cycling,143,6,2897.6,Evening workout,2898.0
4549,21.8,Female,104.5,173.2,12323,25,Running,171,1,2139.9,High intensity,2143.0
4550,46.4,Male,109.4,150.3,13937,62,HIIT,176,7,2887.2,,2883.0
4551,26.3,Female,99.7,174.2,2702,81,Swimming,103,1,1904.8,,1905.0
4552,44.5,Female,101.8,177.2,11404,58,Cycling,132,5,2517.5,High intensity,2513.0
4553,43.8,Male,115.6,185.7,1830,58,Walking,171,9,2406.0,,2411.0
4554,36.2,Female,117.4,167.4,9380,101,HIIT,127,10,3025.5,Low effort,3022.0
4555,45.6,Female,70.1,155.6,1091,16,HIIT,121,10,1680.7,,1680.0
4556,34.1,Male,56.3,151.3,4877,24,HIIT,84,9,1700.2,Morning session,1702.0
4557,60.7,Female,115.4,152.4,11103,114,Cycling,111,1,2767.8,Low effort,2764.0
4558,58.5,Male,90.8,157.6,19720,45,Cycling,109,6,2740.7,Evening workout,2740.0
4559,59.7,Female,91.6,180.0,8676,81,Walking,60,3,2135.6,Evening workout,2137.0
4560,37.2,Female,82.0,168.6,2580,83,Cycling,98,9,2186.3,Evening workout,2189.0
4561,62.4,Female,65.2,155.7,16787,24,Cycling,111,3,2173.2,,2172.0
4562,57.4,Male,58.5,163.8,10600,71,Running,135,2,2208.2,,2213.0
4563,56.3,Male,46.2,152.8,16412,27,Swimming,99,8,2270.5,Morning session,2266.0
4564,40.1,Male,116.3,150.1,1473,55,Swimming,163,3,2017.8,Morning session,2018.0
4565,64.3,Male,114.5,193.6,12624,110,Walking,119,5,2990.1,,2986.0
4566,49.0,Female,77.8,179.6,17653,114,Cycling,147,6,3212.8,Evening workout,3215.0
4567,64.1,Male,50.1,168.6,18077,118,Swimming,177,10,3448.9,Low effort,3450.0
4568,50.2,Male,81.7,168.4,13663,70,Swimming,132,10,2807.6,Evening workout,2804.0
4569,63.7,Male,58.1,158.6,18799,52,Running,169,1,2531.8,Evening workout,2530.0
4570,22.5,Female,81.5,156.7,15517,53,Cycling,143,7,2594.4,Morning session,2597.0
4571,60.3,Female,52.8,186.2,19467,108,Swimming,128,7,3163.7,Evening workout,3168.0
4572,51.5,Male,57.5,190.4,18619,75,Yoga,79,5,2608.9,Evening workout,2611.0
4573,57.8,Male,84.5,156.6,4967,64,Running,144,9,2364.9,Low effort,2362.0
4574,28.6,Female,102.3,158.0,14211,95,Yoga,61,2,2499.6,,2499.0
4575,20.5,Male,,153.5,7634,88,,144,5,2291.0,,2289.0
4576,50.1,Male,101.8,174.8,1840,110,HIIT,165,2,2366.1,Low effort,2362.0
4577,28.6,Male,82.4,161.5,2461,48,Cycling,147,2,1731.0,Good workout,1729.0
4578,33.7,Male,76.5,155.7,16405,109,Swimming,68,9,2986.6,Evening workout,2985.0
4579,35.0,Female,110.3,167.3,16003,14,Swimming,98,7,2371.0,,2372.0
4580,47.1,Female,69.6,189.6,4472,66,Walking,178,4,2097.1,Evening workout,2102.0
4581,27.6,Female,102.8,170.4,16847,24,Swimming,89,8,2450.0,Good workout,2455.0
4582,35.6,Male,119.4,164.6,7575,100,Running,113,4,2580.9,Evening workout,2578.0
4583,55.5,Male,77.6,152.8,5843,25,Walking,141,1,1665.3,,1662.0
4584,36.6,Female,110.7,151.1,8739,66,Yoga,117,10,2637.6,Good workout,2634.0
4585,53.9,Female,74.0,190.6,15852,109,Swimming,103,3,2803.6,Good workout,2808.0
4586,30.4,Female,78.9,189.1,17324,111,Yoga,102,10,3220.3,Good workout,3223.0
4587,63.7,Male,113.5,153.8,19893,91,Running,69,1,2900.9,Low effort,2901.0
4588,20.4,Female,92.8,181.8,10157,108,Cycling,168,2,2675.2,,2680.0
4589,27.4,Male,84.6,151.1,19422,34,Cycling,164,2,2515.1,Low effort,2517.0
4590,55.1,Male,95.5,178.2,15516,31,HIIT,107,7,2467.3,Morning session,2469.0
4591,18.3,Female,57.1,151.4,13432,40,Swimming,144,4,2178.8,,2175.0
4592,44.1,Female,75.1,183.5,19234,110,Running,145,10,3431.8,,3430.0
4593,63.7,Male,83.2,176.2,8432,43,Running,76,9,2198.0,Low effort,2196.0
4594,25.5,Female,107.3,188.3,19837,96,Swimming,64,2,2822.5,Low effort,2826.0
4595,63.2,Female,92.8,193.7,16148,25,Cycling,129,9,2631.6,,2627.0
4596,59.8,Male,92.4,187.7,12194,79,Cycling,133,6,2719.2,Good workout,2719.0
4597,34.6,Male,105.2,167.8,15819,68,Yoga,123,10,2958.3,Good workout,2957.0
4598,26.8,Male,56.7,185.5,7625,24,HIIT,166,8,2011.8,,2007.0
4599,23.6,Male,100.8,168.2,8404,91,Running,125,7,2617.3,,2617.0
4600,60.3,Male,62.6,176.6,15674,111,Running,130,8,3078.4,Low effort,3078.0
4601,42.6,Female,71.6,194.1,11507,22,Cycling,169,9,2323.6,Morning session,2327.0
4602,56.0,Male,72.2,169.5,19697,33,Swimming,63,8,2493.4,Evening workout,2497.0
4603,45.8,Male,96.4,170.4,5623,22,Walking,160,6,1981.1,High intensity,1985.0
4604,50.2,Male,60.6,172.3,8015,74,Yoga,142,8,2410.8,,2408.0
4605,54.3,Female,102.9,179.5,16261,45,Walking,176,8,2900.8,Evening workout,2905.0
4606,26.3,Male,53.6,174.2,8782,58,Swimming,87,2,1770.8,Evening workout,1774.0
4607,35.1,Male,70.3,180.4,6214,91,Yoga,143,2,2200.5,High intensity,2202.0
4608,38.3,Male,72.8,176.7,7938,57,Running,153,1,1976.6,Evening workout,1979.0
4609,19.6,Female,80.1,183.7,3988,106,Cycling,165,10,2667.9,High intensity,2668.0
4610,60.3,Male,53.9,157.4,6156,111,Swimming,97,2,2173.9,,2174.0
4611,55.6,Male,91.2,168.2,6512,52,Yoga,125,7,2206.7,,2211.0
4612,57.4,Male,95.3,190.3,10788,15,Cycling,126,3,1992.5,Evening workout,1991.0
4613,53.1,Female,101.2,175.0,15185,90,Walking,119,4,2829.6,Low effort,2827.0
4614,60.8,Female,76.4,177.7,19734,77,HIIT,106,4,2819.4,High intensity,2823.0
4615,54.8,Female,111.6,153.8,10971,23,Walking,165,4,2309.4,Morning session,2311.0
4616,32.6,Female,101.8,180.6,11640,39,Yoga,172,2,2263.8,Low effort,2259.0
4617,45.8,Male,98.1,165.3,7487,119,Swimming,162,6,2878.6,Good workout,2876.0
4618,35.1,Male,60.1,159.0,14688,93,Swimming,84,1,2338.6,,2341.0
4619,51.6,Female,106.9,187.5,13452,17,Yoga,125,5,2262.5,Good workout,2265.0
4620,39.4,Female,100.3,159.2,16372,63,Cycling,162,2,2685.2,Evening workout,2683.0
4621,28.7,Male,67.7,194.5,12999,75,Running,138,9,2701.9,Low effort,2704.0
4622,30.8,Male,61.4,158.3,14434,110,HIIT,126,2,2656.3,High intensity,2654.0
4623,21.4,Female,82.0,188.9,13416,13,Swimming,128,6,2105.4,,2107.0
4624,39.9,Female,116.9,185.3,14945,83,Swimming,177,4,2971.7,,2970.0
4625,24.5,Female,74.7,185.3,2017,93,Running,99,6,2082.0,,2085.0
4626,60.1,Female,102.3,168.4,5690,69,Swimming,159,2,2253.8,,2252.0
4627,41.8,Male,66.7,168.7,9373,62,Swimming,109,2,1982.4,,1978.0
4628,21.0,Female,61.7,161.8,15378,108,Walking,174,7,3048.3,,3048.0
4629,45.5,Female,59.8,162.7,19835,83,Swimming,99,3,2701.6,Morning session,2703.0
4630,32.0,Male,92.3,174.1,19336,101,Walking,178,3,3166.1,Low effort,3164.0
4631,18.8,Male,76.5,185.6,5700,24,Cycling,161,7,1947.9,High intensity,1944.0
4632,20.1,Male,84.6,174.8,14901,109,Yoga,96,8,2941.7,Low effort,2945.0
4633,31.7,Male,101.2,177.2,1660,10,Swimming,150,7,1735.4,Good workout,1738.0
4634,55.3,Male,102.3,191.3,18699,31,Yoga,128,3,2486.5,Morning session,2485.0
4635,18.9,Female,60.7,188.4,8381,100,Yoga,76,3,2149.5,High intensity,2151.0
4636,55.8,,72.0,179.3,3919,102,Yoga,121,7,2357.6,High intensity,2357.0
4637,55.1,Female,45.4,154.1,19456,24,Walking,161,3,2351.1,Good workout,2356.0
4638,38.5,Male,85.3,166.6,19403,83,Swimming,168,2,2912.5,Good workout,2915.0
4639,46.5,Female,92.7,167.4,11932,93,HIIT,100,7,2775.1,,2780.0
4640,22.4,Male,75.8,192.3,1815,31,Running,179,3,1644.6,High intensity,1646.0
4641,27.8,Female,80.3,170.6,15510,59,Cycling,135,5,2572.2,Good workout,2576.0
4642,45.9,Female,77.9,171.6,13289,57,Yoga,101,7,2445.3,Good workout,2444.0
4643,38.2,Male,77.6,188.7,5734,82,Yoga,90,2,1938.0,,1943.0
4644,24.9,Male,67.4,155.4,3753,60,Running,92,8,1909.3,Good workout,1907.0
4645,20.5,Female,104.8,165.7,7505,105,Yoga,102,2,2393.4,Good workout,2390.0
4646,62.5,Female,74.8,151.2,12559,26,Running,152,4,2240.3,Low effort,2243.0
4647,64.5,Female,89.1,150.1,15905,115,Walking,161,4,3204.2,Morning session,3200.0
4648,37.1,Female,83.8,179.4,5685,92,Cycling,126,8,2486.5,Evening workout,2489.0
4649,36.3,Female,89.2,192.2,17585,113,Walking,97,1,2856.1,,2860.0
4650,52.7,Male,56.6,186.5,18388,100,Yoga,100,9,3061.5,High intensity,3057.0
4651,21.6,Male,76.3,172.7,18696,60,Swimming,177,6,2865.8,High intensity,2863.0
4652,22.7,Male,100.6,150.8,19409,46,Walking,122,4,2649.0,Morning session,2649.0
4653,18.2,Male,68.6,168.7,12765,107,Walking,99,6,2654.9,,2655.0
4654,21.5,Female,57.1,152.5,5221,58,Cycling,89,6,1815.2,Morning session,1820.0
4655,29.8,Female,64.5,151.1,16327,68,Running,106,9,2710.9,,2713.0
4656,44.1,Male,100.6,186.4,4671,19,Running,81,4,1612.9,,1615.0
4657,59.6,Female,97.5,166.5,5941,39,HIIT,161,8,2281.5,Low effort,2285.0
4658,40.5,Male,112.2,177.9,13466,94,Running,155,1,2773.1,Low effort,2769.0
4659,42.2,Female,98.0,167.6,18988,30,Walking,114,6,2599.4,Evening workout,2599.0
4660,38.8,Female,78.1,182.6,19286,43,Walking,102,5,2527.9,Good workout,2532.0
4661,41.3,Female,72.4,164.7,13191,82,Swimming,120,3,2453.2,Evening workout,2457.0
4662,42.3,Male,94.7,171.3,5588,107,HIIT,133,4,2500.2,,2498.0
4663,62.2,Male,46.2,190.5,11811,59,Cycling,91,8,2257.6,Low effort,2256.0
4664,63.3,Male,70.3,176.1,19733,85,Swimming,166,10,3345.5,,3344.0
4665,49.8,Male,95.7,186.8,8928,56,Walking,63,2,1976.1,,1975.0
4666,49.7,Female,91.5,181.4,16325,94,HIIT,152,8,3214.2,High intensity,3212.0
4667,22.5,Female,70.4,194.0,8120,93,Running,104,7,2401.2,,2404.0
4668,53.4,Female,119.0,168.2,15274,15,Swimming,131,1,2240.4,Morning session,2240.0
4669,63.0,Female,118.9,177.8,5719,59,Running,79,2,2019.8,High intensity,2015.0
4670,59.3,Male,105.0,177.1,9081,118,Yoga,170,7,3117.8,,3121.0
4671,59.9,Female,67.7,159.0,15550,109,Swimming,130,3,2835.1,,2837.0
4672,56.7,Female,81.2,169.2,17354,72,Cycling,124,2,2642.2,High intensity,2642.0
4673,33.1,Female,85.5,174.0,11864,21,Running,119,1,1818.4,Low effort,1815.0
4674,50.2,Male,96.5,170.5,17931,50,Swimming,148,7,2888.8,Good workout,2890.0
4675,38.1,Male,93.2,163.8,13624,40,Swimming,85,3,2151.5,High intensity,2149.0
4676,26.7,Male,71.6,171.1,4361,11,Cycling,132,6,1593.9,Evening workout,1595.0
4677,23.3,Female,50.6,175.5,14707,25,Walking,82,10,2180.3,High intensity,2182.0
4678,62.7,Male,118.1,193.7,2924,10,Swimming,99,8,1867.4,Morning session,1865.0
4679,52.0,Female,110.3,160.5,13647,13,HIIT,61,6,2100.3,,2104.0
4680,56.6,Female,68.2,156.3,7681,56,HIIT,85,7,2075.7,Good workout,2071.0
4681,39.6,Female,82.9,166.2,3701,74,Cycling,137,6,2141.9,,2143.0
4682,58.4,Male,72.5,167.6,15175,61,Cycling,121,7,2615.1,Morning session,2617.0
4683,22.7,Male,72.8,156.8,11122,56,HIIT,103,5,2145.4,High intensity,2147.0
4684,59.6,Female,110.4,169.6,17805,108,Walking,90,9,3337.2,Good workout,3338.0
4685,40.4,,105.8,187.1,17719,86,Walking,85,3,2780.0,Low effort,2784.0
4686,34.3,Male,90.0,160.8,10718,59,HIIT,178,6,2528.0,Low effort,2531.0
4687,29.5,Male,113.8,193.5,1056,54,Cycling,172,9,2275.7,Evening workout,2280.0
4688,40.3,Male,119.5,165.7,14973,51,Running,142,1,2512.2,,2512.0
4689,33.1,Female,118.1,176.0,16352,104,Swimming,161,5,3246.6,Good workout,3243.0
4690,20.7,Female,87.3,160.7,16052,93,Yoga,176,4,2934.0,Good workout,2932.0
4691,47.5,Female,103.1,165.3,4147,65,Running,64,9,2211.4,Morning session,2216.0
4692,39.3,Male,46.6,172.6,4537,80,Walking,129,1,1826.1,Low effort,1824.0
4693,26.9,Male,59.3,161.3,1721,66,Running,94,4,1619.3,High intensity,1616.0
4694,46.6,Male,81.6,189.9,13269,113,Running,75,1,2506.2,Evening workout,2507.0
4695,64.1,Female,115.5,152.5,17769,42,Yoga,90,3,2529.7,Low effort,2531.0
4696,54.7,Female,64.4,151.5,8426,37,Running,141,4,1967.4,Evening workout,1970.0
4697,40.2,Male,79.8,187.6,14788,53,Yoga,73,1,2133.6,Low effort,2136.0
4698,30.3,Female,78.8,173.4,15007,65,Yoga,84,5,2404.9,Evening workout,2408.0
4699,49.8,Male,75.5,178.2,12079,53,HIIT,138,6,2387.1,Good workout,2383.0
4700,63.5,Female,63.5,183.8,15346,93,Swimming,149,1,2656.0,High intensity,2655.0
4701,64.7,Male,,169.6,8115,105,Running,159,10,3101.8,High intensity,3101.0
4702,40.8,Female,68.2,167.6,11911,82,Walking,134,10,2778.9,Evening workout,2775.0
4703,62.2,Female,83.5,163.3,1259,43,Walking,160,4,1823.9,Evening workout,1822.0
4704,34.2,Male,98.9,167.5,9791,23,Walking,164,4,2116.9,,2118.0
4705,57.2,Male,83.7,151.5,8536,77,HIIT,160,1,2326.1,,2322.0
4706,38.1,Male,61.9,150.1,9947,38,Running,130,2,1888.5,Evening workout,1884.0
4707,19.0,Male,63.8,169.5,12769,88,Swimming,77,10,2630.0,Evening workout,2630.0
4708,54.5,Male,92.5,183.7,11950,26,Running,109,5,2111.6,,2107.0
4709,23.7,Female,79.5,190.1,17860,92,Swimming,79,2,2602.8,High intensity,2601.0
4710,61.6,Male,76.2,190.4,6283,111,Cycling,115,3,2414.0,Good workout,2416.0
4711,35.1,Male,91.6,160.2,10791,18,Swimming,61,9,2025.8,High intensity,2022.0
4712,47.2,Male,91.6,176.6,3359,36,Running,85,5,1707.3,Low effort,1705.0
4713,39.6,Female,108.5,172.8,8405,58,Yoga,82,1,1994.0,Morning session,1997.0
4714,50.7,Male,90.7,187.1,18645,88,Yoga,91,5,2909.2,Low effort,2913.0
4715,47.4,Male,79.3,193.2,15357,46,Cycling,72,3,2184.0,High intensity,2182.0
4716,34.2,Male,61.4,152.2,7323,37,HIIT,72,1,1506.2,Good workout,1509.0
4717,60.6,Female,86.2,161.9,6937,59,Walking,76,3,1953.3,Good workout,1954.0
4718,49.0,Female,73.1,179.0,18966,64,Walking,148,6,2843.5,Morning session,2848.0
4719,59.4,Male,114.2,180.5,12030,13,Yoga,117,10,2425.5,Morning session,2428.0
4720,31.5,Female,61.1,172.4,18882,94,Walking,145,5,2954.8,Morning session,2951.0
4721,27.3,Male,58.6,150.2,14003,107,Swimming,86,1,2436.1,Good workout,2437.0
4722,64.5,Female,68.6,190.1,11578,28,HIIT,76,2,1813.2,,1818.0
4723,53.1,Male,101.6,169.5,13979,46,Swimming,149,5,2560.4,Low effort,2563.0
4724,51.2,Female,94.0,155.2,3209,13,HIIT,97,9,1760.1,,1761.0
4725,26.7,Male,101.5,160.6,13060,46,Swimming,73,5,2240.7,High intensity,2239.0
4726,59.3,Male,105.7,184.6,8228,60,HIIT,176,5,2539.7,Evening workout,2543.0
4727,45.2,Female,83.4,153.5,10300,41,Swimming,73,1,1813.8,,1816.0
4728,28.8,Male,99.4,178.2,9681,54,Cycling,71,5,2131.3,Good workout,2133.0
4729,31.4,Male,80.0,159.2,9196,21,Swimming,128,8,2055.0,High intensity,2057.0
4730,56.8,Male,81.8,178.1,9267,50,HIIT,160,9,2513.6,Morning session,2510.0
4731,64.3,Male,58.1,187.4,6372,65,Swimming,127,10,2311.5,Morning session,2307.0
4732,36.8,Female,71.3,150.3,7150,89,Running,114,3,2155.1,Good workout,2160.0
4733,32.4,Male,75.1,189.3,11920,23,HIIT,122,4,1984.7,High intensity,1986.0
4734,45.6,Female,117.6,157.7,17001,63,Running,88,7,2845.9,Evening workout,2847.0
4735,41.5,Female,88.1,187.3,17856,72,Cycling,148,7,2978.6,,2976.0
4736,25.0,Female,112.9,166.0,16147,74,HIIT,104,1,2577.5,Morning session,2577.0
4737,60.5,Female,92.7,168.2,18221,67,Yoga,63,6,2685.7,,2690.0
4738,26.2,Male,101.3,182.1,2186,105,Walking,173,9,2663.3,Low effort,2668.0
4739,64.6,Male,119.1,164.0,7461,30,HIIT,75,5,1996.0,,1998.0
4740,50.3,Female,66.1,194.6,18865,13,Walking,173,8,2596.3,Low effort,2594.0
4741,50.4,Male,48.5,180.4,12464,82,HIIT,125,10,2688.5,High intensity,2688.0
4742,36.3,Female,116.6,170.5,15052,55,HIIT,82,9,2785.4,Evening workout,2785.0
4743,20.4,Male,90.6,152.4,8332,95,HIIT,127,10,2727.6,,2728.0
4744,27.7,Male,103.7,151.2,17615,21,Swimming,79,10,2555.1,,2554.0
4745,57.3,Male,78.4,184.1,1327,39,Cycling,76,3,1517.0,,1516.0
4746,64.8,Female,55.2,190.6,6239,103,Walking,111,1,2131.5,,2134.0
4747,59.7,Female,75.8,165.0,18333,105,Yoga,65,2,2743.1,Good workout,2743.0
4748,18.8,Male,55.5,194.8,11078,69,Yoga,141,5,2302.2,Morning session,2306.0
4749,46.2,Female,100.4,170.8,8038,109,Cycling,143,10,3002.9,Good workout,3007.0
4750,51.4,Female,82.3,161.3,9048,80,Swimming,98,7,2421.5,Evening workout,2426.0
4751,30.3,Male,65.8,177.7,15954,90,Running,168,6,2871.3,Evening workout,2875.0
4752,18.5,Female,54.8,161.8,3297,74,Yoga,164,4,1960.8,Morning session,1956.0
4753,51.1,Male,70.1,182.2,18691,23,Yoga,93,9,2492.7,Good workout,2489.0
4754,46.1,Male,52.4,169.6,13703,53,Yoga,163,4,2398.6,,2395.0
4755,64.8,Male,52.7,189.3,3779,117,Running,169,3,2393.8,Evening workout,2392.0
4756,30.2,Female,104.4,170.7,14706,111,Walking,113,5,3017.9,,3014.0
4757,46.6,Male,116.2,188.2,14225,35,HIIT,147,4,2454.5,,2456.0
4758,56.0,Male,78.7,190.5,8318,100,Swimming,141,2,2429.7,Good workout,2429.0
4759,41.4,Female,60.8,191.1,14531,118,Yoga,153,3,2865.4,High intensity,2861.0
4760,43.2,Female,57.8,185.1,6335,25,Yoga,124,7,1795.7,,1795.0
4761,34.6,Female,66.2,171.7,10530,119,Cycling,146,2,2604.7,Evening workout,2601.0
4762,24.1,Female,71.8,175.8,8502,16,Swimming,88,1,1464.3,,1464.0
4763,30.0,Male,108.6,156.9,2649,41,Walking,100,2,1662.8,High intensity,1662.0
4764,22.6,Female,46.8,156.8,14472,98,Running,164,8,2928.1,Low effort,2927.0
4765,43.3,Female,70.0,157.4,3862,104,Running,122,8,2409.6,,2413.0
4766,20.8,Female,113.4,175.6,1917,25,Walking,91,10,1894.7,Good workout,1890.0
4767,24.3,Female,74.1,173.2,13444,114,Swimming,125,2,2710.3,,2706.0
4768,56.9,,52.0,173.2,9353,87,Running,171,6,2524.0,,2528.0
4769,18.3,Female,82.5,189.2,6449,98,Swimming,159,7,2620.2,,2619.0
4770,34.4,Male,105.9,161.8,3811,71,Yoga,104,1,1919.5,Evening workout,1918.0
4771,60.8,Female,109.5,157.5,4421,39,Swimming,76,7,1923.1,,1926.0
4772,42.7,Male,111.0,158.2,10290,80,Cycling,102,8,2723.8,,2723.0
4773,20.7,Male,90.4,152.6,3721,21,Running,178,9,1993.4,High intensity,1995.0
4774,32.0,Female,116.8,170.5,11892,76,Running,125,8,2852.2,Evening workout,2850.0
4775,46.9,Male,87.8,180.4,16256,100,Walking,127,3,2891.8,Low effort,2890.0
4776,60.3,Female,103.7,173.9,1788,55,HIIT,167,8,2246.3,Morning session,2244.0
4777,49.0,Male,90.2,153.8,17640,92,Running,93,3,2783.3,Low effort,2787.0
4778,43.4,Male,116.3,169.3,5025,52,HIIT,60,6,2030.8,Low effort,2026.0
4779,33.1,Male,79.7,165.2,7741,110,Yoga,82,4,2364.9,,2362.0
4780,42.4,Female,83.7,159.7,4654,64,Walking,65,7,2020.5,High intensity,2023.0
4781,45.7,Male,95.0,192.3,14580,54,Walking,75,8,2566.9,,2569.0
4782,26.4,Female,48.8,175.6,8660,69,Swimming,61,10,2134.8,Morning session,2130.0
4783,18.4,Male,95.8,178.2,4251,115,Running,169,6,2648.0,,2647.0
4784,46.3,Male,49.2,154.7,6268,80,Walking,175,10,2529.9,Morning session,2525.0
4785,39.2,Male,99.0,160.2,12781,89,Yoga,135,4,2712.1,Evening workout,2713.0
4786,33.0,Male,64.5,178.7,14489,41,Running,86,8,2322.4,Good workout,2318.0
4787,58.5,Male,68.5,194.9,16131,17,Cycling,78,7,2191.3,Morning session,2194.0
4788,61.4,Male,80.3,164.4,8562,86,Walking,87,10,2610.4,Evening workout,2613.0
4789,58.8,Female,78.7,155.2,16987,71,Running,94,8,2798.2,,2799.0
4790,24.4,Female,98.8,164.5,15391,84,Running,174,10,3182.4,Low effort,3181.0
4791,31.6,Female,78.3,192.8,3152,29,Walking,166,7,1909.0,Morning session,1913.0
4792,46.8,Male,61.1,169.0,9738,27,Yoga,127,3,1869.3,Evening workout,1866.0
4793,36.9,Female,49.6,183.7,8888,110,HIIT,108,3,2333.4,High intensity,2336.0
4794,36.9,Male,62.5,151.1,11096,15,Swimming,172,9,2243.5,,2240.0
4795,19.0,Female,99.7,193.3,6474,93,HIIT,66,7,2352.1,Low effort,2349.0
4796,58.9,Female,97.1,165.7,1488,105,Yoga,96,1,2038.4,Low effort,2039.0
4797,62.3,Male,94.9,168.2,19206,119,Yoga,174,3,3395.3,,3393.0
4798,32.5,Male,116.7,183.6,6622,117,Swimming,84,1,2404.5,Morning session,2400.0
4799,20.6,Female,89.2,163.4,4774,38,HIIT,176,6,2077.6,Morning session,2075.0
4800,28.4,Female,57.5,173.6,7446,13,Yoga,174,2,1648.6,,1644.0
4801,63.3,Female,60.1,177.2,9572,80,Swimming,100,7,2364.5,Low effort,2365.0
4802,47.1,Female,57.3,181.5,8833,52,Yoga,140,8,2259.6,Low effort,2257.0
4803,57.1,Male,64.2,186.8,11258,93,Walking,121,6,2578.6,Morning session,2579.0
4804,35.2,Female,110.3,159.2,13416,43,Walking,100,5,2353.0,Low effort,2356.0
4805,19.9,Male,91.1,194.8,5887,109,,73,10,2529.2,Low effort,2534.0
4806,49.3,Male,63.0,158.4,17605,80,Yoga,160,4,2782.3,High intensity,2786.0
4807,25.0,Female,89.5,173.7,16684,42,Running,113,9,2627.6,Evening workout,2630.0
4808,39.8,Male,81.6,185.5,1617,24,Cycling,61,8,1564.7,High intensity,1564.0
4809,23.1,Female,98.3,178.6,14636,105,HIIT,147,5,3006.8,Good workout,3010.0
4810,29.7,Male,50.3,178.5,3570,95,Swimming,138,1,1949.6,Low effort,1950.0
4811,64.2,Male,58.6,172.4,7309,49,Cycling,107,8,2092.0,Morning session,2092.0
4812,57.2,Female,48.7,176.4,3790,102,Cycling,110,8,2266.7,Low effort,2263.0
4813,53.1,Male,99.6,180.3,8826,98,Yoga,156,7,2839.9,Evening workout,2844.0
4814,32.8,Male,78.1,192.5,13134,14,Walking,114,7,2107.7,,2106.0
4815,45.4,Female,71.7,156.0,5054,87,Swimming,71,8,2218.8,Morning session,2215.0
4816,62.8,Male,51.7,194.3,17090,59,Yoga,142,1,2356.8,,2353.0
4817,35.1,Male,47.2,153.2,8681,108,HIIT,175,3,2482.8,High intensity,2479.0
4818,19.3,Female,91.8,163.2,16569,75,Walking,170,4,2861.0,Morning session,2858.0
4819,30.3,Female,46.1,191.2,7508,98,Swimming,128,6,2363.2,Morning session,2360.0
4820,62.7,Male,69.7,191.8,17608,63,Cycling,60,10,2757.1,,2757.0
4821,32.6,Male,104.5,159.9,11433,89,Cycling,166,10,3074.3,,3076.0
4822,37.8,Male,68.6,193.1,13344,55,Cycling,118,9,2548.7,,2544.0
4823,46.3,Female,59.4,183.1,12888,89,Yoga,132,4,2533.4,,2538.0
4824,59.2,Male,58.4,175.3,4827,20,Cycling,162,6,1799.9,Evening workout,
4825,46.3,Male,98.5,172.7,18787,58,Cycling,93,9,2911.8,Low effort,2911.0
4826,20.7,Male,50.2,158.3,17257,108,Cycling,152,9,3107.0,Evening workout,3111.0
4827,36.1,Male,62.2,186.7,17793,32,Yoga,172,6,2549.8,High intensity,2548.0
4828,20.8,Male,64.3,157.8,2916,64,Yoga,171,5,2017.2,,2014.0
4829,31.6,Male,106.8,163.3,3859,14,Yoga,171,3,1766.0,Low effort,1765.0
4830,57.1,Female,84.7,156.6,8072,73,Walking,105,5,2295.0,,2296.0
4831,21.5,Female,83.1,156.6,16523,44,HIIT,118,3,2353.5,High intensity,2354.0
4832,28.6,Male,96.2,158.8,3051,102,Swimming,125,5,2331.4,Evening workout,2336.0
4833,48.2,Male,76.3,152.6,9214,78,Running,78,10,2492.6,Low effort,2490.0
4834,60.7,Female,117.4,163.3,3968,63,Cycling,87,10,2379.9,Evening workout,2384.0
4835,49.7,Female,71.8,166.4,9936,12,Walking,158,1,1759.9,High intensity,1755.0
4836,44.3,Female,96.0,193.1,1601,15,Yoga,99,6,1585.4,Evening workout,1588.0
4837,47.6,Male,107.9,171.8,16451,96,HIIT,176,7,3317.3,Low effort,3322.0
4838,60.4,Male,118.4,175.8,14257,119,Running,116,2,3018.1,Good workout,3021.0
4839,19.5,Male,107.5,177.6,6274,65,Cycling,110,3,2072.3,,2073.0
4840,26.1,Male,61.5,194.2,19226,11,Yoga,171,10,2656.3,Low effort,2661.0
4841,45.1,Female,93.7,163.3,11866,91,Walking,81,9,2752.1,Low effort,2755.0
4842,48.6,Female,67.7,158.8,13368,103,Running,127,8,2894.1,,2898.0
4843,51.3,,116.8,175.8,9674,47,Swimming,67,4,2103.4,,2102.0
4844,32.3,Female,57.2,151.6,16462,65,Walking,119,8,2677.2,,2676.0
4845,42.7,Male,67.4,160.8,12503,14,Walking,124,8,2100.5,,2099.0
4846,53.4,Male,101.2,166.3,16624,55,Running,95,6,2680.2,,2676.0
4847,25.8,Female,106.4,183.7,15370,20,Swimming,130,1,2151.9,High intensity,2154.0
4848,26.3,Female,98.5,168.3,6368,74,Running,148,2,2191.9,Good workout,2194.0
4849,54.3,Female,64.1,188.2,13567,19,Swimming,88,4,1906.6,High intensity,1911.0
4850,62.3,Female,96.6,167.2,4825,50,HIIT,124,4,2026.1,Morning session,2026.0
4851,56.4,Female,67.2,162.9,11391,53,HIIT,115,2,2118.6,Evening workout,2120.0
4852,49.7,Male,79.9,154.3,10874,99,Walking,141,9,2899.5,,2896.0
4853,34.1,Male,111.5,172.4,4608,42,Running,63,2,1642.0,Good workout,1645.0
4854,52.2,Female,78.6,173.7,7878,100,Running,143,6,2575.5,Low effort,2580.0
4855,54.9,Female,77.6,178.4,2018,65,Swimming,169,5,2063.6,Low effort,2067.0
4856,36.7,Female,90.7,157.4,18695,21,Swimming,131,4,2408.7,Low effort,2408.0
4857,61.6,Male,89.3,175.8,10610,11,Running,150,6,2128.3,Good workout,2132.0
4858,46.5,Male,63.6,164.3,3500,10,Swimming,109,4,1389.3,,1394.0
4859,24.7,Male,59.2,150.1,3667,74,Cycling,98,9,2050.3,Low effort,2052.0
4860,45.5,Female,110.1,177.1,10578,42,Walking,94,10,2540.3,Evening workout,2542.0
4861,26.8,Male,83.6,163.7,6230,95,Yoga,84,7,2345.7,Evening workout,2348.0
4862,45.1,Female,62.2,191.1,11255,85,Yoga,176,3,2533.9,Good workout,2538.0
4863,23.2,Male,114.0,183.7,5834,112,Yoga,137,10,2911.7,,2911.0
4864,46.4,Male,103.7,180.6,2546,45,Cycling,103,4,1795.1,Good workout,1800.0
4865,34.4,Male,76.4,155.5,16050,30,Yoga,106,1,2046.6,Morning session,2046.0
4866,33.5,Female,65.7,154.2,16049,93,Swimming,99,6,2732.7,Low effort,2735.0
4867,40.0,,84.5,180.7,19529,45,Swimming,90,2,2372.3,Low effort,2375.0
4868,48.3,Male,71.1,186.1,19547,35,Yoga,128,4,2464.0,,2460.0
4869,20.1,Female,46.2,164.5,16640,56,Running,140,5,2404.9,,2407.0
4870,38.0,Female,83.4,164.2,15284,104,HIIT,133,8,3066.0,Morning session,3067.0
4871,43.5,Female,100.1,192.6,4423,10,Walking,102,3,1532.1,,1530.0
4872,53.4,Female,57.4,154.7,3332,47,Walking,114,6,1767.5,,1768.0
4873,59.7,Female,100.3,177.2,7066,23,Running,75,1,1620.2,Morning session,1624.0
4874,54.5,Female,110.1,182.7,19040,99,Running,171,9,3584.5,Low effort,3581.0
4875,39.9,Female,100.8,160.5,7038,55,HIIT,127,1,2016.0,,2016.0
4876,59.2,Male,72.5,192.7,9583,51,Swimming,178,2,2197.0,Good workout,2198.0
4877,29.3,Female,108.6,155.0,6289,16,Swimming,128,1,1717.8,High intensity,1714.0
4878,59.3,Female,,172.0,1296,64,HIIT,101,8,2158.8,High intensity,2163.0
4879,30.8,Male,108.0,189.0,18470,65,HIIT,169,4,2969.3,Good workout,2967.0
4880,28.9,Male,100.4,151.7,6194,85,Running,100,2,2153.6,Low effort,2155.0
4881,33.1,Male,85.4,164.5,6805,72,Cycling,109,7,2281.1,High intensity,2279.0
4882,25.5,Male,85.2,172.7,13797,33,Cycling,143,8,2455.3,,2455.0
4883,57.7,Female,48.5,171.4,17879,92,Swimming,65,9,2824.9,Low effort,2820.0
4884,57.8,Male,101.9,158.8,3995,82,Walking,134,5,2345.2,Evening workout,2341.0
4885,62.4,Male,74.7,189.2,17477,108,Yoga,112,3,2946.9,,2942.0
4886,19.9,Female,90.1,179.2,13912,13,Cycling,76,1,1765.5,,1766.0
4887,47.3,Female,100.8,165.1,7393,118,Walking,164,8,2964.9,Low effort,2962.0
4888,47.6,Female,75.6,179.6,1720,51,Swimming,116,6,1820.0,Low effort,1821.0
4889,29.6,Male,51.2,194.3,7325,105,Yoga,126,5,2341.2,Low effort,2343.0
4890,27.7,Female,98.4,158.3,13554,119,Walking,75,7,2931.1,,2927.0
4891,61.8,Male,52.1,150.1,6099,79,Cycling,111,5,2100.7,Low effort,2103.0
4892,28.8,Female,99.0,187.5,13568,37,Yoga,159,4,2399.6,Good workout,2395.0
4893,32.4,Female,113.8,157.7,5026,101,Yoga,149,5,2562.8,Good workout,2563.0
4894,33.1,Male,88.3,167.9,13247,49,Yoga,147,7,2543.3,High intensity,2546.0
4895,34.5,Female,57.0,176.9,6057,60,Cycling,177,6,2196.6,Morning session,2195.0
4896,43.8,Female,64.5,167.1,18490,38,Cycling,170,10,2843.1,Morning session,2847.0
4897,19.2,Female,76.6,181.5,6305,51,Swimming,93,10,2122.1,Morning session,2120.0
4898,29.0,Female,104.0,181.5,12914,78,Yoga,143,9,2935.4,Evening workout,2935.0
4899,43.7,Female,94.9,194.0,7674,14,Cycling,140,10,2176.2,,2176.0
4900,40.3,Male,71.7,185.2,10563,110,Running,174,2,2663.9,High intensity,2659.0
4901,35.7,Male,69.0,185.4,16316,50,Running,79,7,2418.9,Good workout,2421.0
4902,49.7,Female,96.7,170.4,17217,70,Cycling,139,1,2667.1,Evening workout,2667.0
4903,55.0,Male,112.5,181.3,3005,64,Walking,115,8,2234.9,High intensity,2234.0
4904,64.2,Male,65.4,180.6,13741,37,HIIT,110,4,2176.4,Morning session,2176.0
4905,20.4,Male,62.4,186.7,15602,50,Cycling,112,8,2465.3,High intensity,2466.0
4906,55.5,Female,83.9,165.6,13603,18,Cycling,108,8,2284.4,Evening workout,2283.0
4907,20.4,Female,59.1,163.5,14987,38,Walking,63,4,1972.8,Good workout,1976.0
4908,47.0,Female,97.7,173.4,18147,87,HIIT,77,4,2803.8,High intensity,2806.0
4909,18.1,Male,82.4,174.5,14543,47,HIIT,95,5,2266.5,Good workout,2265.0
4910,47.2,Male,92.2,184.0,10144,71,Yoga,176,7,2712.1,High intensity,2710.0
4911,62.5,Female,96.2,166.5,12114,63,Running,94,6,2500.8,,2498.0
4912,49.5,Female,116.4,191.0,6691,61,Yoga,89,1,2039.4,,2044.0
4913,45.1,Male,72.6,194.3,8059,113,Yoga,177,6,2776.0,,2778.0
4914,38.7,Male,60.5,153.1,5479,43,Walking,122,3,1729.2,Low effort,1731.0
4915,63.5,Female,60.5,160.5,5198,46,HIIT,141,9,2145.7,Low effort,2142.0
4916,30.1,Male,79.3,164.4,10091,58,Cycling,80,3,1993.7,Low effort,1998.0
4917,44.5,Male,61.6,179.5,16068,51,Swimming,111,9,2555.3,Evening workout,2559.0
4918,53.1,Male,117.9,173.3,5205,23,Running,155,5,2068.2,Morning session,2070.0
4919,24.5,Male,96.2,151.0,4641,91,Cycling,128,10,2581.0,Good workout,2581.0
4920,39.5,Male,56.6,192.2,4543,42,Walking,100,8,1839.6,,1837.0
4921,27.7,Male,92.6,183.8,16424,107,Walking,113,9,3182.0,Low effort,3183.0
4922,56.2,Male,,172.8,6591,101,Walking,146,9,2647.1,,2647.0
4923,32.5,Female,93.8,180.3,12833,109,HIIT,89,7,2866.9,Evening workout,2863.0
4924,32.3,Female,96.3,186.1,7116,118,Swimming,150,10,3008.7,Morning session,3006.0
4925,21.8,Male,45.1,162.1,1761,110,Cycling,115,1,1784.5,,1785.0
4926,49.2,Male,110.8,182.2,3407,96,Walking,138,8,2608.8,High intensity,2609.0
4927,40.2,Male,108.8,156.8,1885,115,Running,100,7,2495.0,,2500.0
4928,23.1,Female,52.1,181.4,3643,26,Running,73,4,1333.0,Evening workout,1333.0
4929,41.7,Female,69.6,156.0,12125,84,Walking,80,6,2456.2,Evening workout,2454.0
4930,37.4,Male,110.3,191.3,2468,41,Walking,179,10,2304.8,Evening workout,2303.0
4931,54.0,Female,117.5,187.5,14366,110,Running,157,2,3056.0,Evening workout,3060.0
4932,37.0,Male,117.0,193.9,8015,88,Yoga,149,4,2582.8,Evening workout,2581.0
4933,29.1,Male,114.5,162.7,7323,77,,84,8,2485.7,Low effort,2483.0
4934,50.8,Male,95.4,173.2,9935,48,HIIT,109,4,2201.6,Morning session,2198.0
4935,45.4,Male,97.4,177.8,3428,103,Cycling,168,10,2764.3,,2767.0
4936,25.6,Male,59.7,181.7,12685,19,Walking,154,4,2000.4,High intensity,2005.0
4937,18.1,Male,94.4,192.7,13738,96,Yoga,112,4,2705.1,High intensity,2709.0
4938,54.7,Male,115.8,167.8,10308,33,Running,107,10,2460.1,Morning session,2461.0
4939,39.1,Female,119.3,183.4,16879,109,Yoga,129,9,3462.6,,3466.0
4940,23.2,Male,82.7,183.0,16772,67,Swimming,107,2,2435.6,Morning session,2434.0
4941,38.1,Female,84.2,187.8,11633,78,HIIT,63,7,2400.7,High intensity,2398.0
4942,49.0,Male,110.0,150.6,18738,110,Swimming,83,3,3074.0,Evening workout,3071.0
4943,52.9,Male,83.3,192.2,19864,116,Yoga,165,4,3336.4,High intensity,3341.0
4944,32.4,Female,118.1,191.0,12193,73,Walking,90,1,2359.0,High intensity,2359.0
4945,22.9,Female,61.4,180.7,18570,28,Walking,142,3,2278.6,Evening workout,2281.0
4946,63.8,Male,51.5,150.4,16281,110,HIIT,134,2,2763.7,Morning session,2761.0
4947,,Female,83.4,165.8,5087,17,Running,88,10,1785.0,Good workout,1781.0
4948,42.7,Male,112.8,188.5,7228,80,Running,64,7,2408.8,High intensity,2406.0
4949,63.2,Male,79.9,164.7,3831,49,Cycling,141,6,2034.4,High intensity,2033.0
4950,57.6,Female,95.4,182.9,19132,22,Running,126,1,2337.0,Low effort,2342.0
4951,46.9,Female,91.0,172.8,12055,110,Cycling,163,8,3153.0,High intensity,3153.0
4952,24.7,Female,80.3,190.7,14795,36,Running,134,9,2522.2,,2521.0
4953,57.8,Female,108.4,183.7,8552,91,Cycling,144,1,2506.3,Evening workout,2503.0
4954,30.0,Male,57.4,166.8,15605,97,Walking,153,5,2787.1,,2790.0
4955,55.4,Female,62.4,174.0,12282,114,HIIT,142,7,2879.3,Low effort,2877.0
4956,35.7,Female,65.4,191.4,2063,11,Walking,112,2,1237.2,High intensity,1234.0
4957,19.5,Female,109.7,155.2,14344,25,HIIT,148,6,2455.7,Good workout,2455.0
4958,25.4,Female,52.0,180.2,16898,23,Yoga,123,8,2342.8,,2346.0
4959,28.8,Female,92.1,154.9,3732,26,Swimming,94,8,1772.3,High intensity,1770.0
4960,50.3,Male,87.1,189.5,2872,69,Cycling,71,10,2105.2,,2110.0
4961,55.4,Male,97.5,189.2,5720,79,Yoga,106,10,2521.5,,2518.0
4962,44.8,Female,,179.5,2969,108,Running,149,8,2514.2,Evening workout,2513.0
4963,37.3,Female,63.1,154.9,13155,26,Swimming,114,6,2047.4,High intensity,2052.0
4964,29.7,Male,67.8,161.5,12870,54,HIIT,179,6,2505.1,,2507.0
4965,60.7,Female,94.1,156.2,17702,47,HIIT,171,3,2708.3,,2704.0
4966,48.8,Male,95.4,194.6,4717,113,Swimming,128,2,2383.5,Low effort,2386.0
4967,44.3,,87.5,162.4,2374,73,Walking,142,5,2080.9,Evening workout,2084.0
4968,49.1,Female,95.3,153.2,9679,15,Running,150,9,2295.0,Low effort,2299.0
4969,27.2,Male,113.5,191.7,17834,69,Running,97,4,2720.1,High intensity,2721.0
4970,20.0,Female,85.7,152.6,14427,111,Yoga,88,5,2807.1,High intensity,2807.0
4971,62.5,Female,116.7,161.6,2940,58,Yoga,71,6,2035.2,Low effort,2037.0
4972,44.5,Male,55.7,150.0,3367,30,,78,6,1493.9,Morning session,1495.0
4973,52.2,Male,96.1,176.5,12428,108,Cycling,68,4,2704.6,,2704.0
4974,48.5,Female,67.5,192.3,17631,32,HIIT,141,4,2357.3,Low effort,2353.0
4975,32.6,Male,93.3,162.4,17862,85,Cycling,88,8,2987.1,Morning session,2986.0
4976,33.2,Female,82.9,166.3,13655,66,Swimming,62,5,2299.2,Morning session,2300.0
4977,30.3,Male,91.6,157.8,8968,73,HIIT,146,5,2423.9,Morning session,2426.0
4978,52.5,Male,116.1,181.6,17292,38,Running,89,9,2774.3,Evening workout,2775.0
4979,28.1,Female,51.9,169.2,15743,36,Swimming,169,4,2312.0,,2314.0
4980,38.6,Female,110.7,166.7,2368,15,Walking,117,7,1750.8,,1746.0
4981,28.4,Female,106.1,183.7,3226,30,Running,147,5,1886.4,Morning session,1889.0
4982,47.9,Male,73.1,184.8,12688,80,Running,112,9,2714.6,High intensity,2710.0
4983,52.7,Female,82.8,184.6,4612,116,Running,160,8,2733.4,Low effort,2735.0
4984,39.0,Female,77.7,187.5,13199,50,HIIT,160,8,2566.8,Morning session,2570.0
4985,55.5,Male,,191.0,11034,89,Running,63,10,2624.1,Good workout,2620.0
4986,48.7,Male,67.2,173.8,12569,14,Cycling,116,10,2190.8,Morning session,2193.0
4987,31.5,Female,47.2,167.5,2059,24,Cycling,113,3,1253.7,High intensity,1256.0
4988,41.5,Female,89.7,188.9,19028,30,Yoga,87,9,2617.6,,2619.0
4989,49.9,Female,52.6,182.7,14115,67,HIIT,75,8,2421.2,,2419.0
4990,53.5,Female,73.6,172.2,19195,13,Running,72,3,2086.5,,2089.0
4991,49.6,Male,46.5,174.8,3193,78,Walking,131,10,2207.2,High intensity,2206.0
4992,32.8,Male,94.2,186.2,17551,16,Swimming,115,1,2171.8,High intensity,2168.0
4993,60.2,Female,109.2,176.6,17128,44,Cycling,112,5,2641.9,Morning session,2645.0
4994,52.1,Female,64.5,150.6,5182,45,Running,107,4,1741.9,High intensity,1746.0
4995,20.5,Female,96.5,170.7,19928,24,Walking,84,8,2545.3,Low effort,2541.0
4996,33.4,Male,81.6,159.7,4868,101,Cycling,125,6,2340.5,Morning session,2341.0
4997,22.2,Female,116.8,180.6,9506,11,Swimming,89,10,2141.2,Evening workout,2141.0
4998,38.3,Female,71.2,193.4,6950,66,Running,163,5,2281.7,High intensity,2281.0
4999,27.7,Male,91.4,174.6,9914,14,HIIT,62,9,1955.1,Evening workout,1954.0
5000,36.1,Male,50.0,169.6,15141,80,Running,82,6,2459.5,Evening workout,2456.0
