User_ID,Age,Gender,Body_Mass,Height,Steps,Workout_Minutes,Exercise_Type,Avg_Heart_Rate,Intensity_Score,Calories
1,56,0,85,194,10537,27,1,107,9,2251
2,46,1,46,193,3422,75,0,118,5,1903
3,32,0,81,168,15604,36,1,177,8,2656
4,60,0,89,167,5721,15,2,179,4,1914
5,25,0,92,150,10203,112,1,63,1,2333
6,38,0,68,174,8541,79,4,134,1,2108
7,56,0,66,176,10869,68,2,78,6,2227
8,36,1,55,156,15785,15,0,116,8,2220
9,40,1,102,193,14679,40,1,78,10,2605
10,28,0,90,191,13542,114,4,150,2,2865
11,28,0,73,178,18870,113,1,163,4,3159
12,41,0,79,180,15461,103,2,101,3,2720
13,53,1,59,193,12038,65,1,151,9,2624
14,57,1,104,192,13252,63,5,64,3,2322
15,41,0,86,185,10770,94,4,107,8,2742
16,20,0,87,168,4749,50,0,84,7,1935
17,39,1,118,155,12817,117,2,126,1,2851
18,19,0,93,174,3503,27,0,85,8,1730
19,41,1,108,180,8855,96,3,133,9,2855
20,61,1,76,158,14378,111,4,147,8,3144
21,47,0,108,169,12329,32,5,121,10,2569
22,55,1,46,159,12101,101,1,152,10,2910
23,19,0,68,186,17783,45,5,168,1,2354
24,38,0,110,176,13149,34,4,66,7,2288
25,50,0,82,162,15619,16,2,103,9,2363
26,29,0,82,190,18923,91,4,146,5,3009
27,39,0,70,151,15985,29,2,169,2,2246
28,61,0,73,170,16026,14,0,86,8,2259
29,42,1,111,182,9428,27,5,101,9,2265
30,44,1,69,173,10119,115,3,132,7,2801
31,59,1,92,193,5124,113,4,167,5,2708
32,45,1,109,191,19779,42,5,115,8,2880
33,33,0,97,183,17375,88,4,62,6,2757
34,32,1,111,158,1449,44,3,72,4,1632
35,64,1,62,151,17763,119,1,129,1,2923
36,61,1,53,179,16034,74,3,118,6,2610
37,20,0,82,171,10442,72,3,97,8,2424
38,54,1,65,160,13643,94,3,144,3,2658
39,24,0,109,192,3301,81,2,142,7,2398
40,38,1,65,166,8710,80,4,148,7,2491
41,26,0,71,185,6792,50,5,162,9,2293
42,56,0,114,162,10659,59,2,127,1,2295
43,35,1,88,156,8216,117,4,145,5,2773
44,21,0,72,165,12712,113,5,128,8,2906
45,42,0,89,182,5905,113,5,60,3,2245
46,31,1,61,194,16766,39,0,109,5,2294
47,26,1,84,150,6999,47,1,140,1,1873
48,43,1,47,160,17983,44,5,132,9,2646
49,19,0,110,155,8288,75,4,68,4,2193
50,37,0,90,169,12266,55,0,112,5,2370
51,45,0,74,184,16586,17,4,147,3,2203
52,64,1,113,193,2567,111,3,69,2,2248
53,24,0,53,186,16110,77,0,143,7,2722
54,61,0,55,190,17082,46,0,140,5,2514
55,25,0,113,175,2094,94,3,136,10,2556
56,64,0,110,161,12135,22,3,88,3,2063
57,52,0,75,179,14508,82,2,95,2,2450
58,31,0,77,177,13345,54,1,146,10,2710
59,34,0,83,176,10684,38,5,86,6,2099
60,53,1,90,191,7191,50,0,77,10,2276
61,57,1,81,168,18842,65,2,77,6,2738
62,21,1,104,154,9046,97,4,177,3,2686
63,19,0,75,154,5934,25,5,68,9,1766
64,23,0,55,190,15038,21,1,126,1,1846
65,59,1,46,176,2354,75,4,66,3,1570
66,21,1,71,177,7473,71,1,117,1,1942
67,46,1,46,175,13794,28,4,138,7,2215
68,35,0,65,176,3963,39,2,89,2,1417
69,43,0,102,191,15503,25,1,132,4,2343
70,61,1,49,170,4042,97,5,120,4,2084
71,51,1,96,150,7973,22,4,164,8,2244
72,27,1,89,177,8139,78,2,150,4,2382
73,53,1,64,164,12226,32,1,159,3,2141
74,31,1,105,166,7930,71,0,141,10,2648
75,48,0,82,175,15762,111,3,154,3,3000
76,32,0,64,169,19116,40,3,76,5,2310
77,25,0,69,174,6340,62,2,177,6,2255
78,31,1,46,162,6111,26,4,112,7,1681
79,40,1,76,182,4081,58,5,65,5,1748
80,57,1,70,174,8802,58,3,98,7,2198
81,38,1,114,157,10462,76,2,84,4,2406
82,33,1,85,154,16580,35,2,101,5,2354
83,62,1,111,155,18913,22,5,101,6,2616
84,35,0,45,172,18465,117,0,118,9,3178
85,64,0,95,179,8994,47,5,161,6,2401
86,41,0,49,163,4531,31,0,97,10,1820
87,43,0,57,172,10343,94,5,90,1,2159
88,42,0,63,160,1716,38,4,174,7,1886
89,62,1,56,180,7229,54,0,88,3,1808
90,58,1,92,155,17588,55,5,163,6,2879
91,46,1,69,160,13021,48,3,68,2,1987
92,32,1,101,162,12301,78,2,60,7,2544
93,62,1,79,161,5094,87,5,139,1,2125
94,18,1,82,151,10524,91,1,161,2,2341
95,42,0,66,184,11041,77,2,146,9,2650
96,24,1,101,185,9103,106,1,131,9,2910
97,26,1,91,166,19402,48,1,106,7,2389
98,41,1,98,177,16090,29,1,135,2,2334
99,18,1,47,177,16915,86,3,69,5,2483
100,61,0,97,171,9709,109,4,75,4,2585
101,25,0,75,187,2438,118,4,106,2,2109
102,41,1,113,156,19436,77,1,102,2,2840
103,28,0,77,164,16029,44,0,83,10,2578
104,34,0,116,181,5517,17,5,162,8,2158
105,25,1,94,160,19696,61,1,67,5,2664
106,52,1,60,173,11905,49,3,134,8,2388
107,52,1,83,152,2244,45,4,164,2,1760
108,50,1,90,179,3416,15,3,85,2,1377
109,22,1,91,155,16293,95,1,66,3,2641
110,59,0,88,151,7490,79,3,138,10,2663
111,56,1,53,163,12683,115,0,74,8,2817
112,58,1,94,190,6839,109,0,107,8,2712
113,45,1,104,167,15850,82,1,62,3,2601
114,24,0,59,193,13170,25,2,75,1,1683
115,26,1,80,180,12967,112,3,138,7,2963
116,25,1,107,162,6009,55,5,148,4,2145
117,29,1,113,175,18966,68,4,156,3,2938
118,51,0,85,193,15312,47,4,73,5,2342
119,50,1,118,161,9924,106,5,147,6,2969
120,40,1,68,167,16921,27,0,177,1,2300
121,41,1,93,158,19811,21,3,134,9,2724
122,54,0,62,170,6721,63,5,62,6,1913
123,52,1,51,189,9423,100,1,132,3,2391
124,61,1,48,192,5930,56,3,129,1,1741
125,57,1,113,173,5353,10,4,90,9,1929
126,39,0,104,183,8832,24,4,178,2,2069
127,44,1,99,157,17786,100,3,139,10,3408
128,52,1,60,193,17448,89,4,134,6,2857
129,18,1,73,182,19621,30,0,173,6,2655
130,52,0,67,172,8770,10,0,76,3,1542
131,54,0,58,162,17556,102,5,108,6,2911
132,64,1,93,163,16094,76,1,62,2,2496
133,31,0,77,163,8935,21,5,142,8,2092
134,20,0,69,165,3675,37,2,147,1,1566
135,18,0,65,187,12240,48,5,114,6,2179
136,22,1,61,188,5005,46,5,170,1,1748
137,43,1,67,175,7544,104,5,165,9,2795
138,31,0,101,175,18332,69,1,131,9,3099
139,56,0,102,150,15388,40,1,172,6,2692
140,44,0,58,181,15959,67,1,159,6,2711
141,26,1,64,164,2694,106,2,99,9,2294
142,32,1,74,170,15753,106,4,125,5,2905
143,32,0,63,167,17526,113,4,146,9,3207
144,43,0,97,179,7001,20,3,99,5,1814
145,59,0,100,162,7652,119,1,89,4,2636
146,30,0,67,173,15985,38,1,84,2,2060
147,49,1,106,179,5581,98,3,66,2,2167
148,56,0,77,151,6087,22,5,151,1,1693
149,49,1,62,168,2460,60,0,164,10,2186
150,21,0,117,193,4887,117,5,109,3,2479
151,47,0,77,174,15878,63,2,140,1,2423
152,54,0,76,163,9484,28,2,155,6,2158
153,40,0,105,155,10835,67,1,60,7,2434
154,56,0,98,161,16643,45,3,150,9,2911
155,62,1,61,169,11910,37,2,103,7,2161
156,32,0,63,172,18221,77,2,159,4,2782
157,60,0,114,179,6846,12,3,108,4,1820
158,46,0,78,179,9463,111,0,66,8,2668
159,53,1,69,187,14336,110,4,179,4,2985
160,30,1,112,179,3369,116,4,62,1,2165
161,49,1,118,190,14992,98,3,153,9,3334
162,24,1,118,179,1882,50,1,60,3,1649
163,39,0,55,185,4171,44,0,110,1,1482
164,45,0,60,183,3040,102,4,157,9,2488
165,19,0,105,165,7372,114,4,97,10,2867
166,59,1,51,173,8562,102,5,102,10,2616
167,62,0,60,163,12776,85,3,114,5,2558
168,23,0,60,175,6900,108,0,116,9,2571
169,45,1,84,157,8965,93,5,112,3,2381
170,45,1,56,163,9465,90,0,159,6,2562
171,61,1,79,180,1589,85,1,92,7,2122
172,61,0,65,151,6063,59,3,166,5,2127
173,37,0,94,153,19374,109,4,139,8,3415
174,47,1,87,150,17240,83,3,121,10,3143
175,28,0,61,169,2258,91,3,161,6,2161
176,45,1,76,163,14598,39,4,70,6,2195
177,42,1,85,189,3866,81,0,131,7,2297
178,56,0,50,174,17955,114,4,111,8,3136
179,50,1,71,174,9736,86,0,60,2,2088
180,18,1,64,152,13704,104,1,73,7,2610
181,44,1,69,154,1637,79,4,153,9,2246
182,30,0,110,187,5882,63,4,144,1,2078
183,58,1,53,175,16828,80,3,80,1,2318
184,20,1,97,189,4672,94,0,93,7,2327
185,56,1,105,187,13329,111,0,161,5,3131
186,23,1,82,187,15967,116,0,149,1,2916
187,25,1,47,153,5711,60,1,164,1,1803
188,44,1,114,156,14235,37,4,73,2,2200
189,26,1,99,179,1159,73,3,177,10,2398
190,54,0,45,179,11144,117,2,99,9,2771
191,50,0,114,168,15793,94,2,94,3,2839
192,59,1,89,188,10923,30,4,101,9,2308
193,61,0,91,184,6938,97,4,141,6,2634
194,41,0,70,189,12354,36,5,79,10,2293
195,41,1,58,182,10924,36,1,119,6,2045
196,49,0,98,182,1580,86,0,68,7,2098
197,49,1,115,163,5474,59,3,164,10,2635
198,41,1,90,187,10941,38,4,174,8,2519
199,58,1,75,159,8073,48,1,168,3,2145
200,29,1,103,177,10662,66,2,92,8,2509
201,56,1,73,163,6059,101,3,108,6,2436
202,19,0,61,185,14457,46,2,127,6,2289
203,20,1,58,187,5328,102,4,63,3,1969
204,54,0,80,165,18778,73,1,107,6,2869
205,34,1,102,170,1921,57,1,75,8,1937
206,19,1,68,177,3773,31,2,106,7,1669
207,19,1,107,182,5462,109,4,85,10,2647
208,45,0,69,155,7733,39,0,129,10,2230
209,40,1,103,190,12774,37,0,96,7,2316
210,54,1,76,164,10310,32,2,81,3,1856
211,49,1,62,193,2865,106,3,165,10,2578
212,50,1,81,152,18108,13,5,162,3,2330
213,18,0,70,192,1711,12,3,66,5,1177
214,36,1,53,184,8710,70,0,101,5,2067
215,19,0,108,163,14446,105,2,89,9,3085
216,61,1,116,151,14394,13,1,133,9,2560
217,43,0,64,178,1390,74,4,138,10,2189
218,49,0,98,153,10262,21,4,65,5,1892
219,23,1,74,175,5487,22,1,83,5,1585
220,49,1,97,161,11620,43,2,125,6,2395
221,21,0,107,151,14570,68,1,99,8,2741
222,28,1,55,166,7066,102,4,175,6,2529
223,34,1,75,184,5494,82,4,74,6,2102
224,55,1,93,159,4572,40,4,112,9,2089
225,41,0,63,171,13670,80,1,144,1,2386
226,22,1,56,190,16939,22,3,141,4,2188
227,51,1,59,192,17260,63,0,64,10,2686
228,23,1,75,170,11249,11,5,148,10,2218
229,39,1,87,164,3311,42,0,95,2,1613
230,28,1,81,184,12071,59,0,133,9,2609
231,33,0,73,170,7773,16,5,174,3,1813
232,50,1,70,170,7905,27,2,105,10,2074
233,26,0,46,170,4642,60,3,82,2,1554
234,23,1,59,193,7338,17,1,147,8,1928
235,33,1,48,181,17346,64,0,104,4,2412
236,46,0,94,154,19993,85,3,69,2,2754
237,20,0,82,188,10622,52,1,113,4,2124
238,41,0,67,158,16655,68,1,129,7,2721
239,53,1,103,167,11105,39,4,136,7,2460
240,36,1,119,170,7240,68,4,144,1,2266
241,43,1,72,157,15797,18,4,91,1,1890
242,20,1,110,193,8806,101,2,102,3,2520
243,36,0,52,183,1757,77,0,177,2,1893
244,37,1,73,159,7220,48,5,74,3,1753
245,49,1,55,190,11104,90,3,125,4,2428
246,24,1,62,173,15316,20,5,74,7,2042
247,58,1,99,189,10326,11,3,174,2,2021
248,50,1,94,173,9956,32,2,140,7,2300
249,57,1,58,181,4497,72,5,79,5,1876
250,56,1,118,182,10864,31,3,109,8,2433
251,35,0,53,187,9774,70,2,65,8,2170
252,57,1,55,193,15039,35,2,138,5,2305
253,18,1,107,183,2821,21,4,76,10,1806
254,28,1,111,160,18569,41,0,179,8,2965
255,45,1,97,180,13717,18,4,85,9,2302
256,42,0,83,167,19021,116,2,81,7,3173
257,40,0,100,172,11372,78,1,132,6,2633
258,48,0,72,171,9380,99,1,123,7,2603
259,47,0,119,192,2746,80,3,135,7,2417
260,59,0,83,167,6797,102,1,145,3,2493
261,52,0,69,189,17283,42,5,117,6,2512
262,24,1,65,190,9089,33,4,146,6,2029
263,33,0,54,188,13137,98,1,96,9,2697
264,43,0,87,169,8597,104,3,137,1,2425
265,19,1,59,162,7107,102,0,147,7,2508
266,18,0,92,194,3793,78,3,131,1,1956
267,29,1,65,150,12138,47,0,149,10,2529
268,22,1,104,153,3500,118,2,155,4,2572
269,54,0,94,173,14138,20,2,87,7,2246
270,49,1,67,185,9361,41,2,155,6,2202
271,26,0,57,185,5925,73,0,145,6,2163
272,58,0,113,194,18464,81,2,108,5,3012
273,52,1,48,151,5453,29,5,132,7,1781
274,36,1,116,177,19632,43,5,126,9,3020
275,33,0,53,175,15779,51,1,148,6,2471
276,20,1,79,172,13100,17,4,162,10,2394
277,37,1,65,164,16162,75,3,135,7,2745
278,41,0,102,185,2325,30,1,152,9,2028
279,50,0,62,176,12369,88,2,126,7,2653
280,41,1,116,155,11340,79,4,100,6,2640
281,28,0,87,184,14408,14,5,105,3,1990
282,25,0,50,188,19072,76,3,146,1,2595
283,53,0,111,187,19460,116,0,146,10,3709
284,55,0,56,184,2461,52,3,114,9,1942
285,57,0,56,185,10594,25,3,141,7,2104
286,37,0,110,159,1072,108,0,70,3,2068
287,52,0,46,179,7030,82,2,159,10,2521
288,42,1,59,190,8717,44,2,85,9,2058
289,52,0,67,187,14331,92,3,131,3,2618
290,42,1,73,178,14936,52,2,151,3,2410
291,46,1,51,192,19877,119,1,141,7,3278
292,35,1,72,188,4576,107,5,72,2,2024
293,63,0,58,153,9100,48,4,95,10,2257
294,35,0,88,154,14612,19,4,165,7,2441
295,19,1,74,153,6728,83,2,163,7,2453
296,52,0,76,185,1032,29,5,167,1,1517
297,33,1,114,194,11886,10,4,123,10,2405
298,58,0,50,165,15078,15,0,110,2,1855
299,53,0,71,174,5373,62,2,135,5,2067
300,50,1,68,163,15468,55,3,81,4,2290
301,21,1,78,160,14037,75,4,119,3,2450
302,50,1,84,178,15461,47,0,61,10,2564
303,31,0,91,183,3392,42,4,115,8,1956
304,38,1,119,171,12063,76,3,99,7,2747
305,37,0,68,163,18785,109,4,87,9,3116
306,25,0,109,173,1817,86,4,136,3,2146
307,24,0,62,188,7203,44,4,156,10,2245
308,20,1,88,175,3438,88,0,62,1,1792
309,34,1,101,192,18594,54,3,122,9,2960
310,50,1,72,185,7641,31,3,157,9,2208
311,29,0,115,188,17983,116,5,82,1,2961
312,39,0,67,165,15026,77,0,114,8,2770
313,39,1,78,187,19230,26,1,91,10,2628
314,63,0,55,181,19271,14,2,143,1,2144
315,47,0,79,155,18063,94,0,87,6,2899
316,55,1,86,183,2835,66,4,67,9,2084
317,55,1,72,157,13222,97,0,62,3,2435
318,62,1,68,179,3177,104,3,153,6,2447
319,25,0,52,176,9142,49,3,148,3,1968
320,44,0,97,156,1148,39,1,112,5,1701
321,44,0,116,176,18879,51,4,153,7,3046
322,51,0,48,174,14105,16,3,88,10,2096
323,38,0,49,190,2744,80,5,170,4,2001
324,47,1,93,164,2646,100,4,153,4,2367
325,50,0,74,174,10864,97,1,157,7,2772
326,45,0,116,171,14666,28,4,148,5,2561
327,64,0,107,167,4667,50,0,140,1,1985
328,50,1,91,161,17960,43,2,118,10,2831
329,22,1,70,172,12287,31,2,83,2,1835
330,36,1,101,194,17302,61,0,97,6,2682
331,21,0,81,188,14010,100,2,87,9,2838
332,52,1,51,174,5779,15,4,156,7,1757
333,34,1,84,159,9187,83,2,121,4,2334
334,61,1,83,179,14029,118,1,159,2,2952
335,45,0,106,159,3972,104,0,110,4,2384
336,47,1,97,183,19429,34,5,66,5,2473
337,46,0,48,162,12140,75,5,82,2,2087
338,63,0,69,178,19011,19,0,177,1,2355
339,23,1,51,187,15847,83,5,105,4,2448
340,52,0,72,190,15423,35,0,149,6,2452
341,58,1,113,194,2488,14,1,137,1,1523
342,54,0,111,158,10127,95,3,165,1,2695
343,41,1,64,162,10906,77,4,87,9,2476
344,46,1,55,186,2802,107,3,83,5,2063
345,63,1,111,163,16627,80,4,66,2,2665
346,48,0,51,186,4520,59,0,171,2,1879
347,52,1,67,158,6896,26,2,159,4,1861
348,50,0,105,157,16244,20,4,162,2,2380
349,38,1,115,188,4311,62,0,138,4,2207
350,49,0,78,189,19689,59,2,108,6,2756
351,40,0,63,152,19351,17,0,62,7,2265
352,50,1,102,189,9009,101,3,171,6,2874
353,20,1,53,182,12906,117,5,61,4,2431
354,35,1,92,181,13227,106,5,66,10,2939
355,42,1,85,156,6462,71,5,139,3,2159
356,59,1,92,168,14060,98,5,80,4,2678
357,48,0,89,183,4458,94,4,68,5,2168
358,20,1,69,163,4730,85,0,71,4,1904
359,57,1,69,168,8547,99,5,152,3,2521
360,63,0,63,175,1027,38,4,83,1,1314
361,41,1,83,166,16508,111,1,92,3,2817
362,49,1,71,177,7423,108,0,137,5,2534
363,64,0,118,168,13453,110,2,102,6,3096
364,39,1,107,176,18557,119,5,141,4,3340
365,40,1,112,168,17722,53,0,177,1,2724
366,19,1,63,182,10260,118,4,64,10,2692
367,44,0,72,156,16861,54,5,138,7,2684
368,59,1,77,178,18225,38,1,130,9,2764
369,19,0,54,192,13476,97,5,148,6,2716
370,43,1,74,154,13938,68,2,73,6,2431
371,34,0,66,179,17677,24,2,175,9,2627
372,57,1,47,192,11049,79,4,163,4,2415
373,50,0,119,157,19031,105,5,95,5,3179
374,26,0,92,191,6614,53,2,94,5,1998
375,60,0,46,161,12683,107,4,167,5,2763
376,56,0,98,191,12687,45,2,109,8,2508
377,46,0,50,162,4801,93,5,147,1,2039
378,59,0,84,175,9280,66,1,138,10,2651
379,43,1,46,167,8376,73,1,70,10,2235
380,52,1,117,172,11148,85,2,83,3,2525
381,42,0,46,169,15060,108,5,134,8,2961
382,41,0,118,165,18283,47,1,103,9,2908
383,30,0,99,186,2744,26,4,110,2,1533
384,24,0,116,152,19637,36,1,76,4,2528
385,53,1,104,176,12853,26,2,129,8,2456
386,62,0,50,164,15663,72,5,144,5,2657
387,37,1,63,183,2633,20,0,67,1,1107
388,18,1,71,194,9149,73,4,138,6,2309
389,25,0,45,171,15671,48,1,177,9,2625
390,63,0,77,189,5701,11,5,175,9,2046
391,33,1,84,172,14349,75,0,155,1,2472
392,31,1,76,153,2013,63,3,133,4,1853
393,29,0,113,190,17279,38,4,87,1,2306
394,40,1,61,172,4299,54,5,138,7,2018
395,32,0,52,158,2506,97,0,71,3,1777
396,45,1,101,173,5803,97,5,102,2,2229
397,51,1,86,170,18361,89,4,141,8,3166
398,19,0,53,190,19201,40,4,179,9,2731
399,49,1,79,165,15760,58,2,96,7,2612
400,40,1,115,174,11826,116,0,167,6,3195
401,39,0,97,175,14821,18,2,147,10,2614
402,42,0,98,194,14007,36,5,122,6,2441
403,39,1,69,158,16786,65,1,160,9,2884
404,39,1,111,164,10140,114,2,177,5,3024
405,59,0,106,188,7798,87,5,152,5,2655
406,23,0,99,182,17857,54,1,122,2,2497
407,32,0,90,150,1567,98,0,69,6,2092
408,60,0,68,154,12624,52,0,137,6,2433
409,54,0,90,158,13215,117,0,139,6,3117
410,50,1,66,193,8966,31,2,96,4,1833
411,25,1,55,155,19642,108,0,70,7,2940
412,61,1,92,177,9120,42,4,174,9,2546
413,61,1,52,194,17279,36,5,149,1,2241
414,22,0,83,175,12336,49,2,163,3,2319
415,56,0,79,177,5310,35,0,78,10,1945
416,21,0,93,189,14187,92,0,111,9,2939
417,23,1,90,164,15089,54,1,177,5,2610
418,62,1,82,155,2982,112,5,77,6,2265
419,49,1,52,176,2096,54,3,153,8,1954
420,47,0,98,187,14582,35,0,91,9,2525
421,64,1,81,153,7497,79,2,82,8,2359
422,52,0,84,160,14545,76,2,176,3,2759
423,57,0,78,170,12582,15,2,71,10,2196
424,33,0,61,179,16378,37,0,117,1,2103
425,30,0,77,167,11864,76,0,136,5,2503
426,59,0,91,184,19803,22,4,80,7,2535
427,47,0,96,152,5279,72,3,80,2,1956
428,36,1,53,161,18057,22,0,152,1,2126
429,34,0,77,176,8312,86,3,152,4,2392
430,36,0,104,179,16440,10,5,173,3,2355
431,45,1,65,170,3369,49,4,150,4,1826
432,43,0,102,187,17192,46,4,88,1,2344
433,54,1,113,170,18450,40,3,138,2,2641
434,43,1,54,187,6432,26,2,106,1,1433
435,40,1,50,189,1687,18,4,71,3,1117
436,26,0,57,164,14175,118,1,117,4,2735
437,29,0,109,167,1068,73,2,100,1,1829
438,18,1,64,178,11295,66,4,78,6,2187
439,18,0,101,187,7774,22,5,71,2,2389
440,64,0,90,170,17803,46,5,82,10,2802
441,51,1,52,166,13190,23,3,64,5,1864
442,49,1,54,190,11789,84,5,85,8,2443
443,42,0,117,167,7891,34,3,176,4,2259
444,57,1,111,186,11316,104,0,122,5,2896
445,62,1,55,187,1439,87,3,111,9,2152
446,18,1,56,161,18592,66,1,69,2,2247
447,33,0,54,160,19947,80,0,145,2,2687
448,56,0,69,169,8466,97,1,98,6,2432
449,22,0,93,158,18637,109,5,82,6,3065
450,39,1,93,150,4209,51,1,70,3,1726
451,46,0,55,152,4549,51,5,151,9,2135
452,20,1,106,170,17998,56,1,154,1,2630
453,29,0,80,172,4078,53,4,131,3,1832
454,43,0,83,158,4490,50,5,176,8,2226
455,33,1,97,168,4543,12,1,162,8,1957
456,54,0,100,194,19284,117,1,107,4,3274
457,39,1,45,168,7751,99,3,151,8,2542
458,46,0,100,172,15906,99,2,75,10,3093
459,31,0,48,176,19096,10,0,105,8,2260
460,45,1,74,176,15425,88,1,106,1,2524
461,22,1,56,188,19713,20,4,175,3,2354
462,64,1,79,185,12811,110,0,154,1,2772
463,47,0,96,161,18578,16,2,164,2,2442
464,63,0,75,176,7781,21,3,107,4,1782
465,22,0,112,183,18762,47,3,139,3,2691
466,29,1,96,182,16563,63,3,128,6,2742
467,33,1,51,177,15797,76,5,158,5,2630
468,43,1,66,180,18133,115,1,176,5,3219
469,43,0,119,181,1300,62,0,84,10,2167
470,38,0,100,169,5695,99,2,136,7,2618
471,56,1,102,189,13174,103,0,152,7,3094
472,53,0,108,184,17222,41,3,150,9,2938
473,50,1,56,180,17661,109,2,163,8,3234
474,47,0,51,180,11750,54,5,140,3,2112
475,54,0,99,187,8307,60,4,96,2,2094
476,40,1,106,171,19545,46,5,161,1,2646
477,27,0,117,194,14818,68,5,122,10,3001
478,22,0,99,190,2389,63,1,88,6,1938
479,53,1,80,158,9882,27,1,117,4,1980
480,51,1,68,158,11040,10,3,157,3,1901
481,48,0,88,164,7141,30,5,153,2,1881
482,27,1,61,162,14110,37,4,90,2,1920
483,36,0,46,171,6969,25,1,145,4,1673
484,49,1,57,165,14162,57,0,169,1,2324
485,18,0,75,181,10131,37,0,148,6,2191
486,22,0,72,151,6037,31,1,127,10,2036
487,62,1,104,175,15693,92,0,158,5,3068
488,21,0,71,163,3451,10,3,100,10,1643
489,33,0,59,187,1024,104,0,109,9,2240
490,41,1,77,183,6962,51,3,103,2,1843
491,41,1,64,157,3556,107,0,68,9,2274
492,19,0,86,185,17444,119,2,118,9,3290
493,45,1,56,170,8675,113,0,149,10,2820
494,49,1,117,192,17506,79,1,150,9,3286
495,44,0,67,177,6616,101,5,86,10,2512
496,37,0,116,193,11294,12,0,141,10,2429
497,41,1,58,155,18570,104,4,153,4,2997
498,29,1,69,169,15010,89,4,168,5,2854
499,52,1,75,180,14394,90,5,118,8,2873
500,50,0,98,182,10922,53,0,169,8,2679
501,50,0,49,193,5089,36,0,154,1,1598
502,60,1,57,156,15448,60,3,165,10,2851
503,54,0,72,157,3472,33,5,62,1,1364
504,29,0,87,158,11469,29,4,152,10,2461
505,20,0,91,151,8450,41,3,66,6,1959
506,18,0,115,166,3964,108,5,141,7,2670
507,50,1,82,194,9104,22,0,75,2,1673
508,57,1,111,186,18694,52,5,108,2,2648
509,27,0,106,191,3212,29,3,91,5,1714
510,60,0,83,193,10454,11,2,161,9,2265
511,61,0,81,166,7792,77,2,148,5,2413
512,41,1,52,187,10554,100,3,103,8,2573
513,30,0,96,184,9703,69,2,155,8,2632
514,29,1,77,188,14219,98,1,78,5,2598
515,48,1,86,179,16399,13,0,62,8,2202
516,63,1,71,155,19229,105,3,119,8,3223
517,19,1,52,153,8660,26,4,94,5,1623
518,52,1,67,186,2702,10,3,173,5,1628
519,40,0,108,184,17774,42,2,88,4,2510
520,34,0,64,158,18038,39,2,134,1,2268
521,43,1,60,155,5271,14,4,129,9,1779
522,25,0,61,162,9955,21,5,142,2,1756
523,46,1,63,171,12459,111,1,160,1,2631
524,43,1,52,177,7674,41,2,104,6,1885
525,27,0,82,179,18469,47,1,86,5,2435
526,43,0,82,185,6446,26,0,128,1,1655
527,51,0,97,151,2963,67,3,149,7,2260
528,58,0,75,185,10977,118,4,94,7,2831
529,24,0,88,157,11466,49,4,78,3,2052
530,21,1,104,194,6177,105,3,76,8,2563
531,62,0,61,191,12160,33,2,177,6,2291
532,28,0,117,158,5572,21,0,94,4,1799
533,46,0,83,150,8543,104,3,170,10,2957
534,53,1,86,162,9907,28,5,172,10,2505
535,42,0,92,164,17626,38,4,136,10,2881
536,38,1,56,181,7510,94,3,137,3,2268
537,53,0,62,183,18221,99,3,89,1,2618
538,27,0,50,192,4323,61,4,107,2,1604
539,54,1,87,180,10537,101,4,116,2,2511
540,26,0,79,163,11615,26,2,166,5,2195
541,41,0,98,163,2432,82,2,76,4,1956
542,52,1,106,178,8655,30,5,160,2,2049
543,52,0,113,168,9431,69,4,176,9,2892
544,53,1,60,176,9330,107,1,74,7,2488
545,35,1,52,158,12385,84,4,141,8,2662
546,56,1,75,186,9611,29,1,171,8,2327
547,49,1,54,186,14872,62,0,73,2,2130
548,41,1,100,192,17687,112,0,73,5,3048
549,40,0,114,177,3162,89,0,104,3,2211
550,49,0,64,173,7486,72,1,156,10,2551
551,54,0,49,177,5102,66,1,97,9,2092
552,29,1,67,185,16948,38,1,122,9,2568
553,30,1,53,167,11418,10,0,178,6,2001
554,40,1,102,174,2168,91,1,134,4,2234
555,42,1,103,184,1415,68,5,70,8,2027
556,52,0,98,153,11905,73,1,107,5,2554
557,58,0,90,163,14432,95,2,179,3,2941
558,47,1,66,188,6243,81,1,85,8,2230
559,34,1,108,175,17533,80,1,126,6,3025
560,37,0,52,157,6899,98,1,84,5,2154
561,42,1,64,173,1838,103,0,140,1,1997
562,39,1,95,165,7144,107,0,120,3,2486
563,30,1,83,169,10888,53,3,145,7,2407
564,36,0,81,164,13531,57,1,152,3,2446
565,53,0,94,156,16935,114,5,169,1,3090
566,29,1,78,166,8466,84,4,85,8,2378
567,58,0,119,171,16095,24,1,93,7,2536
568,36,1,77,171,12193,44,5,149,5,2296
569,29,1,75,161,2320,32,5,68,10,1697
570,26,0,98,167,14264,62,5,99,5,2486
571,24,1,88,164,13227,54,5,134,6,2480
572,41,1,78,186,18907,94,1,66,7,2952
573,31,0,115,165,6234,101,3,89,3,2375
574,48,1,106,154,13070,22,1,177,4,2389
575,36,1,67,151,7144,43,3,125,1,1723
576,64,1,90,177,1552,47,0,89,7,1854
577,33,0,100,190,17865,79,4,127,10,3171
578,22,1,51,176,16969,117,4,117,2,2732
579,52,0,105,180,1599,77,1,114,7,2231
580,29,1,47,190,16098,14,0,73,6,1910
581,42,1,82,185,15800,49,2,136,4,2509
582,38,1,78,192,10356,79,0,177,2,2392
583,53,1,88,150,13870,30,4,148,7,2471
584,40,0,74,178,13424,37,3,136,7,2402
585,33,0,61,150,2982,12,3,136,5,1498
586,56,1,103,157,19018,32,1,96,9,2775
587,62,1,54,165,8830,81,1,103,3,2126
588,59,1,62,177,3997,28,4,65,9,1694
589,56,1,89,171,18070,84,1,85,5,2889
590,31,1,103,167,12606,59,0,177,2,2524
591,48,1,106,171,2759,83,1,73,9,2262
592,22,1,103,190,8023,67,4,67,1,1948
593,52,1,93,161,14892,101,2,83,1,2608
594,40,0,107,168,19864,29,5,145,7,2799
595,46,0,76,174,16409,117,3,163,3,3077
596,60,0,54,154,10529,101,1,98,8,2599
597,28,1,55,183,1114,102,3,108,7,2107
598,35,1,114,188,13149,81,3,144,7,2954
599,64,1,106,159,17952,92,0,166,1,3025
600,29,0,91,156,16701,62,5,122,1,2444
601,26,1,78,186,10745,94,3,85,2,2299
602,27,0,61,164,3689,91,4,69,2,1798
603,61,1,98,191,3988,18,5,136,5,1808
604,34,0,84,173,4151,13,0,165,9,1964
605,55,0,82,175,12719,50,0,176,7,2572
606,24,0,111,175,16658,34,5,117,2,2365
607,63,1,97,175,10013,43,3,73,5,2104
608,30,0,108,159,7345,82,0,132,5,2484
609,57,1,91,166,4574,18,3,130,8,1934
610,59,1,50,163,8838,91,1,98,9,2475
611,26,1,60,151,18992,84,3,90,8,2858
612,44,1,116,162,17943,22,1,109,2,2392
613,19,1,62,176,14329,111,1,75,4,2581
614,22,0,96,158,15823,18,0,131,2,2106
615,46,1,92,156,6565,89,5,171,6,2607
616,54,1,87,159,5435,13,0,110,4,1653
617,55,1,83,158,6650,43,5,74,7,2025
618,36,1,93,171,19265,16,4,148,2,2374
619,25,1,56,172,8436,24,2,170,9,2100
620,62,0,54,156,4708,47,4,97,5,1760
621,18,0,115,158,15451,84,1,164,1,2791
622,39,1,99,176,2709,105,0,138,3,2298
623,34,0,45,173,10953,100,0,148,4,2452
624,24,0,93,178,2692,103,5,130,3,2199
625,42,1,80,166,16523,61,1,149,6,2706
626,62,0,65,169,15322,90,3,131,6,2833
627,21,1,81,156,10437,109,3,141,10,2968
628,53,0,68,192,1125,92,5,80,7,2042
629,23,0,99,189,13944,16,1,75,9,2220
630,48,0,69,156,2199,116,0,170,10,2660
631,36,1,51,177,7092,54,4,126,9,2182
632,61,0,115,168,17375,68,3,124,7,3030
633,56,0,115,169,3711,30,0,72,1,1592
634,44,1,68,193,10182,37,2,177,3,2116
635,27,1,55,188,6995,12,0,123,5,1608
636,43,0,117,189,9182,23,3,120,10,2378
637,36,1,56,156,6502,11,1,91,6,1522
638,56,0,79,155,13920,38,3,71,6,2230
639,20,0,107,174,19882,27,1,154,5,2703
640,62,1,112,190,3565,46,4,100,6,1996
641,30,1,101,162,11789,54,0,125,9,2617
642,45,1,57,188,6024,54,1,164,1,1842
643,37,1,67,189,2031,33,5,67,1,1212
644,45,1,83,171,2241,55,3,118,9,2080
645,25,0,56,166,2742,21,1,84,8,1485
646,58,1,78,171,6709,62,1,64,9,2178
647,56,0,115,183,15739,54,2,104,7,2769
648,18,1,119,157,12830,41,1,61,10,2482
649,20,0,75,194,14778,27,2,101,6,2170
650,30,1,106,167,9160,22,2,97,9,2194
651,45,0,57,173,13375,13,3,162,2,1920
652,42,1,75,191,5403,32,1,62,4,1536
653,50,1,46,151,5897,71,4,105,2,1808
654,55,0,59,151,1163,63,1,171,6,1961
655,23,1,101,176,4310,83,2,161,1,2141
656,61,0,119,163,18379,64,2,81,7,2940
657,62,0,78,188,15991,78,5,163,7,2982
658,49,1,112,161,19261,49,0,92,7,2835
659,62,0,119,181,18732,23,0,175,4,2755
660,64,1,73,177,3251,107,0,91,8,2380
661,38,1,110,177,12092,37,5,170,5,2485
662,33,0,60,174,7590,81,4,76,2,1921
663,38,1,83,153,8658,89,2,179,5,2587
664,28,0,81,175,17816,104,1,141,10,3324
665,54,0,65,185,6247,80,3,115,9,2351
666,53,1,88,152,8715,76,5,62,10,2462
667,52,1,63,150,4817,38,1,179,1,1719
668,36,0,115,166,18454,109,0,129,2,3132
669,37,0,52,156,5600,70,4,108,10,2183
670,35,1,110,154,10982,112,5,114,8,3003
671,64,1,85,168,1994,77,3,136,5,2111
672,58,1,119,188,5731,18,2,178,9,2304
673,31,1,114,183,8670,26,2,177,6,2254
674,32,0,105,184,18341,58,1,90,8,2828
675,48,1,70,165,9287,72,2,140,1,2132
676,18,0,115,189,19538,93,3,80,9,3232
677,20,0,114,188,18015,87,5,75,9,3123
678,33,1,73,176,12876,55,1,76,3,2129
679,40,0,110,190,18081,102,5,155,1,3063
680,28,1,63,187,17415,22,3,60,8,2181
681,29,0,112,174,16852,109,4,171,8,3406
682,27,1,102,175,14490,54,3,161,9,2845
683,49,0,114,163,6562,62,2,131,6,2366
684,33,0,101,163,9740,26,0,124,9,2273
685,25,1,81,163,3248,56,3,125,10,2107
686,55,1,105,174,7192,71,1,170,9,2736
687,29,0,74,185,10895,59,4,96,4,2142
688,41,0,115,153,7406,52,4,83,5,2123
689,41,1,117,164,2156,77,3,150,6,2365
690,25,0,69,181,15318,93,0,143,6,2835
691,45,1,109,167,9535,84,5,170,10,3004
692,53,0,50,163,6295,115,1,121,2,2269
693,43,1,62,150,13264,95,2,80,4,2466
694,25,0,54,191,7154,118,1,165,9,2750
695,45,1,55,169,19632,81,2,96,7,2853
696,45,1,109,159,10136,37,0,94,9,2385
697,54,0,109,159,14213,54,1,97,6,2602
698,58,1,96,173,13072,50,1,112,7,2509
699,53,0,111,183,11242,103,0,74,9,2889
700,44,1,75,177,4285,106,2,173,4,2474
701,34,1,61,176,10522,106,0,169,9,2891
702,26,1,99,189,3003,45,1,101,3,1715
703,50,0,80,150,10979,100,2,153,8,2932
704,37,1,70,182,11438,93,4,63,3,2311
705,30,0,97,153,15227,42,0,166,3,2501
706,45,1,61,156,4672,34,0,175,3,1765
707,46,0,69,158,8458,117,5,98,9,2734
708,30,0,46,165,19539,116,1,138,10,3316
709,63,0,49,154,4479,28,3,82,3,1418
710,52,1,48,183,15887,56,3,164,6,2564
711,23,0,80,172,1051,94,3,74,4,1819
712,41,1,50,192,3159,115,1,149,2,2130
713,22,0,65,174,5390,42,1,71,3,1533
714,64,0,70,162,17080,76,5,141,5,2812
715,42,0,99,173,3112,23,5,129,10,2039
716,19,0,83,160,13752,88,3,141,4,2688
717,27,1,77,166,15593,42,3,173,5,2514
718,47,0,58,186,16339,51,5,113,1,2208
719,62,0,100,162,2354,95,5,147,4,2289
720,22,1,65,176,6620,74,0,97,10,2307
721,50,0,90,169,4754,104,2,87,3,2220
722,18,0,60,182,17593,56,5,138,2,2381
723,35,0,60,191,17167,44,1,78,7,2364
724,49,0,73,181,1237,93,1,128,10,2373
725,64,1,52,157,9527,41,2,123,9,2204
726,28,1,47,178,9075,64,1,63,1,1712
727,38,0,63,189,18960,63,2,140,7,2820
728,43,1,110,168,9691,85,1,176,1,2581
729,42,1,118,155,10756,60,4,69,5,2346
730,39,0,66,193,4540,89,4,71,1,1799
731,44,1,90,188,10327,68,1,128,3,2329
732,30,0,57,190,11540,81,3,66,8,2360
733,50,1,77,170,8257,23,4,103,4,1799
734,51,1,49,171,17533,27,0,82,1,1912
735,58,1,71,191,12720,64,4,61,1,2053
736,52,0,68,159,2624,103,2,153,8,2488
737,18,1,111,159,8661,106,3,175,8,2988
738,38,0,107,178,19958,107,0,172,4,3389
739,23,0,92,165,8529,65,4,168,4,2309
740,45,1,107,150,14654,117,3,96,10,3250
741,34,0,56,166,3108,58,0,128,2,1648
742,22,1,72,179,4947,107,1,79,2,2042
743,48,0,88,175,8899,69,3,149,6,2480
744,22,0,87,168,14372,62,0,103,8,2646
745,55,1,61,170,5914,80,3,167,7,2390
746,20,1,84,166,7667,15,3,162,7,2001
747,40,1,93,189,3263,79,0,129,3,2062
748,54,1,101,170,4815,95,3,152,2,2384
749,54,0,108,190,1577,17,5,133,10,1938
750,27,0,119,189,16029,110,3,110,7,3196
751,27,0,101,194,17806,24,2,139,4,2440
752,36,1,118,168,3763,35,0,157,1,1867
753,34,0,118,156,18613,48,2,90,1,2495
754,38,1,114,166,16645,12,1,159,4,2456
755,31,0,87,150,9945,66,2,100,5,2268
756,26,1,67,186,18071,19,5,117,5,2267
757,63,0,71,155,18106,12,1,64,1,1921
758,18,0,102,175,14854,103,4,92,3,2778
759,62,1,81,151,18130,55,1,102,6,2706
760,30,0,50,181,3712,31,1,78,10,1648
761,21,1,109,154,18091,76,1,91,7,2935
762,18,0,50,186,16857,74,1,146,1,2434
763,57,0,94,180,9626,106,5,62,8,2691
764,49,1,66,161,14068,28,1,60,4,1943
765,51,1,69,184,17867,109,4,159,9,3309
766,45,0,116,179,15719,71,2,100,6,2804
767,48,0,95,155,2533,107,1,151,1,2251
768,25,0,92,164,17553,66,2,107,2,2509
769,56,0,114,164,18404,104,4,98,3,3079
770,43,0,109,165,8093,116,5,64,2,2468
771,51,0,104,169,14156,97,2,136,10,3195
772,20,1,90,162,18231,85,3,70,7,2814
773,29,1,80,193,14785,22,3,169,1,2098
774,18,1,102,191,16591,25,0,81,9,2492
775,61,0,82,180,15694,25,2,172,2,2297
776,22,0,55,183,4346,61,2,146,4,1868
777,47,0,56,178,5013,93,2,123,8,2363
778,47,1,86,152,1031,50,3,71,3,1518
779,41,1,83,158,12156,57,3,112,9,2515
780,64,0,115,160,11304,100,2,114,7,2963
781,40,0,55,160,8877,48,2,112,10,2223
782,32,1,80,174,7170,22,0,80,3,1578
783,54,1,96,172,13078,13,0,78,3,1923
784,38,1,75,191,3315,105,2,128,5,2292
785,31,0,77,158,1065,118,3,147,5,2327
786,19,0,57,169,13420,113,3,153,10,3049
787,28,0,62,170,19312,107,3,131,5,3069
788,56,1,85,159,8533,112,5,125,9,2904
789,55,1,102,171,15204,52,3,118,9,2822
790,51,0,100,178,16317,90,5,108,6,2955
791,55,0,68,158,16457,97,1,157,7,3035
792,51,1,117,154,17968,102,0,118,10,3504
793,35,0,75,189,6244,55,1,82,8,2030
794,47,1,99,160,9154,101,0,62,9,2696
795,32,1,54,150,19132,118,2,115,6,3095
796,44,0,104,191,19588,56,0,175,8,3148
797,51,1,46,150,12822,95,1,117,2,2402
798,55,0,59,188,2892,101,5,147,10,2498
799,50,1,47,154,8018,62,5,121,8,2189
800,41,1,87,171,11621,34,2,77,2,1889
801,32,0,75,175,1973,50,1,120,8,1877
802,47,1,114,155,11834,12,4,170,2,2124
803,59,0,111,181,7615,86,3,96,3,2436
804,41,0,100,160,5329,104,0,113,7,2584
805,22,1,107,159,2477,22,4,172,9,2046
806,46,0,119,188,8329,114,5,154,3,2858
807,21,0,59,183,7444,27,1,137,5,1814
808,27,0,54,180,17385,46,1,124,9,2595
809,34,0,82,161,12406,52,1,73,7,2276
810,27,0,91,193,7843,43,3,164,2,2058
811,34,0,101,165,6972,90,1,64,5,2301
812,37,1,94,187,16295,64,4,154,5,2798
813,41,0,115,152,6105,61,3,154,9,2555
814,22,1,59,151,11931,94,1,153,2,2454
815,51,1,62,154,8702,45,1,159,1,1939
816,23,0,46,160,15136,63,1,121,4,2292
817,19,1,87,172,3599,68,3,60,4,1784
818,30,1,70,184,3235,61,5,122,1,1700
819,60,0,115,184,6473,113,2,126,10,3031
820,60,0,82,171,1018,28,5,79,7,1601
821,28,0,86,186,1858,21,5,102,2,1349
822,64,1,49,171,6380,101,1,171,9,2680
823,40,1,55,160,4032,20,3,166,7,1747
824,33,0,109,181,19915,57,4,144,7,3037
825,48,0,78,184,8471,110,0,153,1,2524
826,28,1,45,180,5719,101,4,101,9,2365
827,33,1,46,194,13943,108,4,167,10,3080
828,25,1,64,157,5863,117,4,153,9,2706
829,21,1,105,169,5038,88,4,128,2,2163
830,57,0,65,191,19836,25,5,133,10,2745
831,21,1,112,183,3846,118,3,147,9,2839
832,42,1,56,153,9064,80,2,168,2,2272
833,20,1,66,167,12394,56,2,174,2,2231
834,49,1,64,153,7622,76,0,98,8,2294
835,20,0,45,169,13295,40,4,121,3,2000
836,44,0,74,158,12782,85,1,107,3,2427
837,46,1,68,165,2159,17,5,65,7,1432
838,49,1,58,175,5626,98,0,133,10,2539
839,36,1,80,187,4722,70,4,101,6,2081
840,38,0,113,174,12630,53,5,117,7,2593
841,22,1,119,153,12274,59,5,102,6,2554
842,35,1,68,190,15888,44,4,177,9,2738
843,45,0,104,194,7589,85,2,69,2,2196
844,59,0,99,190,16473,70,2,148,8,3082
845,39,0,68,187,3243,94,1,137,6,2262
846,38,0,68,168,9177,99,5,170,4,2588
847,23,0,98,163,2760,64,2,98,6,2003
848,18,0,70,170,17202,75,3,72,6,2573
849,22,1,110,164,6442,23,3,134,10,2189
850,58,0,82,152,15965,119,1,98,3,2903
851,29,0,109,186,4236,13,0,70,8,1742
852,43,0,119,165,16611,26,5,169,5,2664
853,63,0,95,163,9235,78,0,172,10,2888
854,51,1,79,158,16829,33,1,75,4,2223
855,31,1,87,156,9680,58,4,92,2,1986
856,43,0,73,163,12340,64,2,164,10,2758
857,62,1,81,155,10148,80,5,164,1,2403
858,44,1,102,170,11306,32,5,119,7,2375
859,26,1,98,164,18499,90,3,155,10,3366
860,43,1,83,157,19165,21,4,118,3,2322
861,64,1,86,183,12018,20,4,133,3,2052
862,39,1,72,189,19260,84,1,110,3,2704
863,64,0,73,150,12142,107,1,74,10,2848
864,47,0,87,181,10546,110,4,139,3,2670
865,60,0,47,154,4276,38,2,102,2,1459
866,34,0,54,179,17832,71,3,86,6,2555
867,43,0,103,171,17008,62,2,115,10,2988
868,53,1,58,169,5172,57,0,172,3,1958
869,18,0,91,165,14183,109,5,119,1,2678
870,25,0,86,156,13836,100,0,174,10,3165
871,52,1,76,156,9989,115,1,168,9,3066
872,32,1,76,151,14740,95,2,155,6,2921
873,64,0,86,163,14102,75,2,129,6,2759
874,39,1,76,180,16357,109,4,106,10,3187
875,31,1,70,190,19566,57,1,171,9,2978
876,43,1,45,163,16613,103,5,159,2,2743
877,45,1,100,154,4326,68,4,67,10,2232
878,40,0,46,160,1719,80,1,122,9,2028
879,31,1,74,189,18906,66,2,148,3,2671
880,41,0,115,154,2069,85,3,66,3,2038
881,19,0,96,178,8749,12,3,140,3,1839
882,62,1,53,160,13935,90,4,171,1,2601
883,43,1,66,154,5887,114,0,153,10,2788
884,31,1,78,181,12267,41,2,61,7,2109
885,24,0,93,185,19540,17,5,76,10,2567
886,20,1,45,164,8944,96,0,63,7,2266
887,64,1,117,168,16934,111,0,85,2,3013
888,40,1,97,171,13747,39,0,137,6,2473
889,63,1,84,183,11505,24,3,131,4,2111
890,60,1,89,166,14449,83,1,128,7,2907
891,64,0,112,161,12697,64,4,64,7,2576
892,62,1,53,174,5139,47,5,64,4,1611
893,35,1,66,166,16221,24,3,150,3,2189
894,55,1,62,159,8087,39,4,128,7,2077
895,52,0,87,177,1632,55,3,62,9,1871
896,32,1,83,167,3199,73,0,97,4,1906
897,42,0,117,167,15548,35,1,153,6,2682
898,54,0,50,194,12255,118,5,60,7,2623
899,45,1,92,181,18006,87,3,67,10,2389
900,27,1,51,163,7073,76,3,72,3,1855
901,56,1,113,165,17744,45,5,143,5,2832
902,34,0,60,167,11559,99,3,129,1,2370
903,56,0,45,165,17097,87,3,173,6,2897
904,41,0,81,166,9401,40,5,109,5,2044
905,43,0,81,156,12659,87,5,171,7,2895
906,61,0,108,161,10122,49,2,67,9,2398
907,42,0,106,183,14894,83,1,89,4,2677
908,34,1,116,159,1877,82,3,172,9,2569
909,30,1,105,154,14775,55,2,99,6,2571
910,37,0,77,170,11691,113,5,138,5,2815
911,42,1,110,152,17110,116,1,133,2,3118
912,21,1,74,168,3523,51,5,92,1,1512
913,27,0,64,194,13543,27,3,132,8,2263
914,20,0,104,193,7270,109,3,172,6,2763
915,58,1,118,184,6088,45,0,111,7,2284
916,62,1,68,155,8564,85,5,92,6,2351
917,35,0,48,163,8066,59,1,132,10,2323
918,64,1,81,153,7545,70,0,137,7,2457
919,53,0,48,194,3321,49,1,179,9,2074
920,64,1,62,167,14132,12,0,155,5,2148
921,39,1,110,178,9330,91,3,96,1,2338
922,51,1,92,184,9294,16,4,129,1,1778
923,64,1,77,187,14553,40,1,128,9,2563
924,25,1,102,165,6333,74,0,63,5,2089
925,57,0,117,169,8858,104,5,119,2,2610
926,61,0,72,173,6389,73,5,171,3,2266
927,36,1,79,184,19232,86,3,139,1,2751
928,59,0,54,193,4205,102,4,133,6,2357
929,58,1,109,168,3161,12,4,90,6,1678
930,54,1,86,153,18848,102,1,154,3,3135
931,23,0,53,182,1643,44,3,73,3,1294
932,43,1,104,151,15986,24,3,136,7,2570
933,51,0,59,162,12628,30,0,119,1,1846
934,62,0,101,194,6351,71,0,127,5,2316
935,23,0,113,179,5553,92,0,169,3,2503
936,54,1,66,183,7518,37,3,85,5,1812
937,50,1,108,179,6723,13,0,83,4,1725
938,39,1,85,173,8946,118,0,115,6,2719
939,38,1,115,193,1610,22,2,68,9,1744
940,23,0,100,182,5302,88,0,94,2,2065
941,23,1,67,190,2543,60,0,165,10,2172
942,21,1,69,159,2466,57,4,138,8,1985
943,47,1,50,167,10108,48,3,83,2,1783
944,28,0,78,168,15656,105,0,90,4,2740
945,47,0,107,156,7236,76,0,142,9,2633
946,48,1,53,168,14719,103,2,125,4,2699
947,41,1,104,173,18565,67,4,125,7,2984
948,26,1,93,164,19530,93,0,100,5,2971
949,20,1,95,190,19656,11,3,95,2,2146
950,48,0,104,191,10043,34,4,160,8,2483
951,57,1,114,172,5536,20,0,93,10,2057
952,54,1,81,153,18103,10,5,98,10,2467
953,53,1,75,187,11206,57,2,142,2,2226
954,41,0,85,153,4642,57,5,161,3,2017
955,48,0,106,154,13062,19,0,82,10,2384
956,23,1,102,190,17447,90,2,139,7,3117
957,19,1,58,193,14055,39,1,169,5,2286
958,37,1,80,172,1559,44,3,103,10,1879
959,45,1,80,189,2733,28,1,129,3,1602
960,28,1,52,186,9861,119,1,117,2,2408
961,21,0,70,160,2542,62,3,118,6,1842
962,32,0,80,160,10463,43,4,85,10,2244
963,23,0,92,162,3415,41,3,81,1,1504
964,47,1,72,163,11983,85,2,168,8,2824
965,55,0,112,157,13905,116,4,170,5,3230
966,19,0,106,174,6387,90,3,147,5,2521
967,32,0,95,167,9187,15,5,169,2,1887
968,28,1,86,193,7643,22,2,99,7,1886
969,25,1,73,193,16667,112,3,144,5,3040
970,43,0,54,167,12246,95,1,153,8,2797
971,62,1,83,159,3458,84,2,175,5,2332
972,61,0,45,156,7028,73,4,70,9,2168
973,22,0,83,193,6447,16,1,176,5,1915
974,23,0,65,163,2948,54,3,68,3,1524
975,43,0,109,164,7306,54,3,71,2,1923
976,21,1,59,165,9251,94,2,85,5,2252
977,36,1,48,151,9092,74,1,97,10,2374
978,37,1,104,179,13363,103,3,174,10,3317
979,50,1,105,179,15066,28,1,62,5,2225
980,37,0,64,167,17129,56,4,156,6,2662
981,29,1,54,180,16776,55,2,74,2,2098
982,64,0,78,193,1189,38,2,106,5,1672
983,18,1,92,162,12752,108,0,64,1,2437
984,43,1,77,169,8482,93,5,113,3,2362
985,31,1,105,184,17679,109,2,83,3,2905
986,55,0,54,172,1799,70,3,70,3,1570
987,54,0,98,191,10934,112,2,178,3,2923
988,28,0,109,182,9788,74,1,92,8,2603
989,53,0,45,187,10909,32,4,146,1,1822
990,30,1,49,184,13415,104,0,133,6,2691
991,60,0,59,185,11790,60,4,116,6,2332
992,20,0,72,169,14846,72,2,111,1,2287
993,50,1,67,152,5714,108,1,123,1,2222
994,23,1,61,157,12408,118,0,102,3,2588
995,27,0,57,189,3839,31,3,151,8,1864
996,22,1,58,181,4513,119,4,162,6,2464
997,40,0,55,178,14601,80,4,140,4,2508
998,27,1,72,156,2135,42,1,103,5,1611
999,61,0,86,151,12913,118,3,149,10,3304
1000,19,0,105,170,11101,109,3,148,3,2804
1001,30,0,108,155,19631,53,2,95,6,2795
1002,57,0,75,177,7548,16,3,71,6,1723
1003,19,0,117,191,5516,100,1,115,6,2574
1004,37,1,54,185,5102,11,3,62,9,1507
1005,18,0,52,181,17217,26,3,109,10,2421
1006,54,0,65,194,18932,74,5,88,8,2865
1007,26,0,103,191,5511,67,0,167,6,2368
1008,34,0,94,158,15024,119,1,179,2,3059
1009,26,0,113,160,12413,39,0,147,4,2405
1010,28,1,114,172,17319,95,4,142,6,3217
1011,32,1,74,160,13715,101,1,136,9,2968
1012,41,0,61,151,8975,106,2,75,2,2247
1013,55,1,119,152,13621,35,3,99,6,2443
1014,52,0,64,160,11511,44,1,86,10,2305
1015,47,1,92,184,11558,72,5,129,10,2772
1016,48,1,117,164,1526,84,1,101,10,2440
1017,22,0,46,192,2753,80,5,116,7,1952
1018,61,1,81,160,15656,37,1,69,8,2413
1019,31,1,45,180,11220,34,0,97,9,2048
1020,28,0,48,177,19038,70,0,67,5,2450
1021,26,0,98,177,13741,114,5,77,9,3020
1022,51,1,69,181,5841,40,1,155,9,2168
1023,29,1,47,174,5041,63,2,76,7,1826
1024,52,1,53,169,9965,76,0,117,2,2096
1025,52,0,118,177,15418,106,1,165,8,3364
1026,18,1,78,174,5417,60,1,125,5,2008
1027,57,1,87,160,9977,67,4,103,8,2500
1028,39,1,118,168,15587,43,2,143,2,2525
1029,46,0,66,177,1448,68,4,133,7,1997
1030,25,0,114,150,5585,30,5,68,5,1784
1031,28,0,82,154,13751,65,4,107,4,2207
1032,58,0,110,159,9108,46,5,98,10,2473
1033,54,1,76,191,16534,73,5,164,6,2854
1034,31,0,60,183,12443,28,2,148,5,2113
1035,47,1,45,185,1294,110,3,148,6,2223
1036,52,1,116,151,2238,94,4,147,9,2657
1037,38,1,92,167,16321,87,1,65,1,2486
1038,54,1,94,162,17074,83,1,89,1,2598
1039,22,0,57,154,14049,62,5,133,6,2417
1040,36,0,59,169,3816,80,0,162,2,1973
1041,31,0,97,151,2098,102,3,154,8,2489
1042,43,0,88,160,15679,72,5,77,7,2672
1043,21,0,52,179,2737,113,2,102,6,2165
1044,42,1,118,181,19573,71,3,92,4,2900
1045,62,0,90,181,3765,81,3,112,9,2396
1046,59,0,113,187,18606,112,3,115,7,3391
1047,42,0,63,177,15230,86,2,78,7,2647
1048,35,0,82,159,12434,119,1,146,5,2939
1049,57,1,55,171,13091,28,1,128,1,1877
1050,25,1,87,166,1410,84,3,85,2,1808
1051,56,1,64,171,5786,11,3,88,8,1686
1052,57,1,64,192,10069,15,2,83,5,1789
1053,31,1,65,168,18170,38,1,65,2,2117
1054,49,0,101,166,19493,50,2,113,5,2754
1055,55,1,94,173,6835,60,2,98,8,2290
1056,50,1,118,185,2986,14,1,178,4,1905
1057,40,1,70,181,9126,50,3,63,3,1801
1058,32,0,74,185,10070,71,1,117,5,2339
1059,50,0,117,177,8300,39,2,107,7,2289
1060,42,1,75,163,16548,112,4,119,2,2855
1061,34,0,86,185,3403,71,0,165,1,1987
1062,50,0,112,155,9262,109,5,85,5,2701
1063,64,1,105,158,11502,36,2,138,7,2474
1064,19,0,105,170,7701,59,4,136,8,2425
1065,31,0,114,161,4295,91,4,99,8,2418
1066,57,0,112,179,16687,61,5,145,10,3142
1067,57,1,61,180,13875,58,2,136,9,2678
1068,56,1,63,189,3121,71,0,115,1,1729
1069,23,1,95,153,4582,109,1,98,7,2436
1070,23,0,114,180,15477,69,5,140,10,3093
1071,20,1,107,176,10821,89,1,159,8,2912
1072,24,0,119,174,6700,63,0,98,6,2294
1073,25,0,74,154,8232,14,5,107,10,1974
1074,59,1,69,155,5288,18,0,84,4,1504
1075,32,1,119,154,2085,43,0,93,7,1954
1076,64,1,115,176,16891,107,5,80,3,2983
1077,46,1,70,157,16600,45,4,84,2,2167
1078,50,1,100,158,9645,104,4,148,6,2871
1079,47,0,66,164,9810,29,3,81,2,1692
1080,56,1,63,185,9828,90,3,82,6,2392
1081,44,0,75,190,19732,93,5,84,10,3153
1082,53,1,82,156,5874,101,3,137,3,2335
1083,46,1,86,181,14767,94,0,137,2,2749
1084,55,1,85,157,11913,92,1,85,8,2725
1085,50,1,67,164,17215,72,3,163,4,2789
1086,54,0,91,186,19733,76,2,89,4,2847
1087,44,0,57,168,15332,39,0,149,7,2463
1088,50,0,110,188,5432,78,3,97,8,2425
1089,21,0,110,155,8265,115,1,145,9,3029
1090,39,1,60,168,7103,79,2,162,10,2559
1091,19,0,117,177,12012,12,0,162,8,2378
1092,27,0,72,166,16900,58,0,93,4,2378
1093,22,0,79,191,3031,51,1,148,2,1718
1094,27,0,85,168,18633,33,3,159,10,2827
1095,50,1,75,180,9519,53,2,136,5,2211
1096,55,0,76,160,9988,10,4,152,7,2092
1097,30,1,98,164,6299,63,0,165,2,2165
1098,48,1,116,159,13952,61,0,132,4,2675
1099,64,1,103,192,4094,45,4,74,6,1907
1100,53,0,85,172,3977,88,0,154,8,2465
1101,62,1,110,152,18346,114,0,103,10,3495
1102,41,0,98,152,6725,47,3,150,6,2248
1103,32,0,84,167,2268,53,0,154,6,1998
1104,46,0,72,174,17161,91,4,69,6,2740
1105,25,0,81,192,17756,96,5,174,4,3039
1106,41,0,109,169,8617,56,2,176,3,2335
1107,46,1,118,178,16032,38,0,96,1,2311
1108,64,1,99,171,13934,60,3,66,2,2305
1109,21,0,48,164,12885,50,0,91,2,1912
1110,29,1,54,188,10796,95,3,175,10,2888
1111,62,0,91,159,7279,73,2,70,7,2266
1112,19,1,119,170,1095,97,0,107,6,2262
1113,44,1,58,178,16478,118,2,168,8,3239
1114,48,1,82,181,8021,57,1,151,9,2478
1115,53,1,56,159,16185,86,1,127,5,2754
1116,53,1,89,162,6868,106,2,107,3,2416
1117,43,0,61,172,14071,31,4,104,4,2037
1118,60,1,79,172,9041,108,1,154,8,2870
1119,44,1,110,180,17515,26,1,152,3,2516
1120,22,0,119,153,12307,95,3,92,2,2594
1121,37,1,85,152,8290,14,3,177,7,2120
1122,28,0,111,170,16495,70,1,63,4,2589
1123,27,1,73,151,7516,98,3,106,8,2482
1124,57,1,62,153,10341,15,2,149,1,1731
1125,55,1,64,150,12702,62,1,112,8,2510
1126,23,0,58,164,1807,90,2,90,5,1855
1127,25,0,78,182,14031,104,4,90,2,2534
1128,40,1,93,155,17434,26,4,86,1,2112
1129,64,1,98,156,12400,68,3,148,6,2694
1130,43,0,75,168,17439,106,3,107,9,3184
1131,63,0,102,193,4664,48,3,95,9,2175
1132,60,0,86,150,1743,63,0,108,9,2075
1133,29,0,102,188,7030,57,5,90,4,2048
1134,43,0,74,168,15661,46,0,166,6,2602
1135,30,1,69,194,15975,57,4,160,10,2802
1136,57,0,107,175,1079,77,3,168,6,2345
1137,35,1,63,193,15809,116,2,103,5,2875
1138,42,1,116,161,13132,87,0,118,2,2687
1139,50,0,52,171,3966,86,0,82,7,2047
1140,64,0,47,162,16534,36,3,158,1,2175
1141,57,1,111,177,4728,97,5,127,6,2561
1142,60,0,61,163,5536,36,2,151,5,1883
1143,29,1,58,171,17509,81,1,101,5,2611
1144,61,0,53,179,6813,72,2,164,8,2428
1145,53,0,106,193,1947,61,5,101,9,2154
1146,21,0,65,169,13565,56,2,72,7,2249
1147,22,1,81,193,16844,112,1,60,10,3067
1148,54,0,55,176,1594,30,0,135,8,1715
1149,25,1,64,187,17524,66,1,166,2,2606
1150,59,0,79,191,15017,114,0,112,2,2808
1151,45,1,97,190,5205,84,5,99,8,2410
1152,48,0,91,183,8782,104,2,149,6,2745
1153,26,1,119,188,3660,100,2,178,8,2775
1154,46,1,96,190,17013,51,3,105,9,2834
1155,31,1,52,193,7856,119,3,169,9,2815
1156,57,1,48,186,7089,57,4,175,6,2205
1157,58,1,71,150,6318,36,3,146,8,2084
1158,39,1,88,164,16405,81,0,172,2,2795
1159,28,0,84,181,19936,42,2,81,8,2645
1160,40,1,91,157,9062,85,5,174,3,2547
1161,18,1,88,182,18424,44,2,111,1,2329
1162,63,1,92,167,9506,107,3,179,7,3026
1163,54,0,96,194,12651,25,3,87,1,1921
1164,38,0,112,178,16730,45,0,112,1,2433
1165,43,0,55,181,4236,75,0,176,1,1954
1166,63,1,117,182,4680,85,1,122,4,2369
1167,53,0,48,154,16383,100,0,76,4,2548
1168,40,0,117,167,12298,65,4,123,10,2871
1169,18,1,92,159,18921,26,4,65,6,2331
1170,57,1,70,185,4872,29,5,73,10,1864
1171,32,0,83,182,2867,94,2,173,3,2218
1172,38,1,102,172,16820,103,3,76,10,3189
1173,64,1,63,189,18545,115,3,97,6,3112
1174,26,1,102,154,4920,93,5,128,7,2481
1175,26,1,72,183,6693,17,4,72,1,1308
1176,27,0,110,173,11948,27,3,171,6,2429
1177,41,1,54,166,9456,27,2,112,10,2066
1178,58,0,102,180,7331,27,4,68,1,1643
1179,52,0,117,156,14107,11,0,103,7,2337
1180,42,0,58,166,10494,85,3,165,10,2793
1181,43,0,59,177,14853,105,2,85,5,2657
1182,28,1,77,187,10386,115,2,136,10,3002
1183,55,1,61,171,18910,81,4,78,4,2638
1184,19,1,68,164,9131,60,3,107,1,1883
1185,24,0,74,186,12796,19,5,140,9,2301
1186,35,0,106,164,2158,84,0,139,7,2341
1187,44,0,57,174,18528,23,4,89,2,2065
1188,51,1,106,170,1068,35,0,91,4,1633
1189,44,0,91,187,4717,56,4,137,4,2049
1190,34,1,60,151,16218,39,1,171,8,2598
1191,60,1,110,176,12200,65,5,179,2,2640
1192,61,1,87,181,16855,51,4,138,5,2676
1193,41,1,52,170,10361,13,2,135,10,2082
1194,42,0,47,153,16692,112,3,160,8,3139
1195,24,1,56,193,12526,20,3,134,6,1999
1196,23,0,60,168,11207,33,4,128,4,1990
1197,41,1,103,151,10231,95,3,179,5,2856
1198,50,0,93,175,16063,76,4,179,2,2831
1199,46,0,107,183,5723,46,0,70,5,1893
1200,60,1,106,163,5213,11,0,157,3,1835
1201,39,1,93,164,4466,21,0,142,3,1725
1202,43,1,95,169,13449,30,0,85,7,2283
1203,45,0,82,183,3747,78,3,85,3,1846
1204,38,1,74,185,13454,80,5,76,4,2372
1205,24,1,103,168,13587,73,0,154,7,2817
1206,34,0,59,158,17383,77,1,142,3,2647
1207,37,1,67,156,3203,52,5,103,10,1970
1208,58,0,89,179,14635,63,2,143,10,2936
1209,37,1,106,162,2144,114,0,82,2,2163
1210,39,0,115,176,13213,109,5,84,10,3159
1211,45,0,59,193,17944,71,0,151,7,2857
1212,57,1,90,184,2187,95,1,96,5,2158
1213,24,0,108,162,4133,102,2,135,1,2250
1214,18,1,90,164,4411,82,3,171,10,2566
1215,49,1,100,158,2689,99,2,124,8,2434
1216,30,0,88,194,5407,21,3,61,3,1506
1217,47,1,119,172,3423,10,3,133,7,1915
1218,40,0,73,185,18753,81,3,157,6,3003
1219,36,0,106,189,7728,42,5,91,10,2316
1220,49,0,96,152,1976,73,4,148,6,2204
1221,47,0,98,183,13801,77,1,133,8,2897
1222,46,0,101,168,11548,23,1,114,4,2120
1223,62,0,110,177,1118,102,5,109,4,2268
1224,46,0,66,172,2542,23,3,124,3,1470
1225,47,0,64,189,1972,18,1,91,1,1143
1226,33,1,77,194,1915,82,2,96,10,2195
1227,57,1,116,156,7621,35,2,135,3,2109
1228,36,0,69,190,17970,58,1,172,1,2538
1229,35,1,90,161,15530,115,1,174,6,3234
1230,18,1,117,163,8354,26,2,141,8,2264
1231,31,1,101,164,14761,114,1,153,3,3048
1232,64,1,49,152,5591,77,1,72,4,1883
1233,19,1,99,164,19946,69,1,113,5,2927
1234,45,1,105,173,9464,119,1,62,7,2389
1235,47,0,52,157,13550,12,5,144,6,2070
1236,55,1,60,154,15351,102,1,101,2,2614
1237,21,1,92,153,5290,34,1,137,7,1991
1238,18,1,105,163,7446,30,0,99,8,2046
1239,25,1,59,165,14432,21,5,133,1,1874
1240,46,0,109,169,2522,63,5,125,6,2115
1241,56,0,66,173,1561,10,1,119,9,1590
1242,20,0,47,155,4540,10,4,168,7,1643
1243,49,0,98,180,13328,54,1,160,5,2668
1244,27,1,58,155,2479,55,5,70,10,1852
1245,27,0,80,184,7677,57,0,179,10,2518
1246,36,0,111,164,18589,16,2,60,9,2533
1247,63,0,54,178,9848,19,3,85,2,1588
1248,51,0,93,152,17973,24,3,101,7,2493
1249,50,1,109,160,13766,49,5,121,9,2736
1250,40,0,101,152,14520,20,0,120,2,2087
1251,45,1,71,177,12943,65,0,136,10,2686
1252,49,0,119,159,11292,55,1,151,6,2668
1253,24,1,49,182,11076,54,0,159,9,2433
1254,46,1,115,165,17017,96,5,144,3,3018
1255,25,0,101,159,9655,22,2,121,8,2205
1256,18,0,59,182,9945,36,2,133,5,1988
1257,20,0,74,185,9774,114,2,71,7,2566
1258,41,0,64,152,3205,90,4,169,3,2148
1259,40,1,81,154,13342,59,1,86,8,2518
1260,25,1,47,161,5027,70,1,126,2,1798
1261,64,0,117,193,17327,22,0,87,8,2626
1262,54,0,85,162,8188,21,1,125,2,1772
1263,20,1,83,173,3808,38,5,87,7,1752
1264,50,0,70,193,14851,94,2,174,2,2780
1265,45,1,46,181,16354,93,5,154,7,2904
1266,64,0,67,165,16058,29,0,166,1,2269
1267,25,1,67,181,15620,40,0,80,6,2197
1268,51,1,60,194,4913,17,0,66,10,1690
1269,52,1,53,186,18803,33,2,173,7,2656
1270,49,1,57,185,3167,84,5,154,4,2070
1271,41,1,72,170,3144,48,0,73,1,1499
1272,31,0,71,161,3167,42,1,98,6,1688
1273,49,1,95,170,10752,51,2,177,4,2448
1274,63,0,108,170,10368,24,5,162,3,2227
1275,60,1,96,192,18550,77,0,178,4,3094
1276,33,1,82,155,4575,74,2,132,6,2187
1277,21,0,109,158,19254,41,4,146,5,2760
1278,54,0,62,150,17543,20,2,121,2,2132
1279,38,0,107,161,8243,103,3,71,2,2369
1280,31,0,95,163,13926,46,3,152,3,2409
1281,48,1,53,155,2055,28,2,97,6,1441
1282,35,0,57,150,17717,60,2,117,1,2324
1283,24,1,84,171,10083,109,2,115,7,2771
1284,27,0,99,183,2362,43,1,98,8,1916
1285,24,0,87,160,1925,80,4,145,7,2188
1286,50,1,88,152,19827,69,5,63,3,2593
1287,40,1,112,191,17321,118,3,107,6,3290
1288,38,0,77,155,11769,93,2,66,4,2382
1289,36,1,68,155,4980,62,5,119,5,1990
1290,36,1,80,169,8260,21,0,99,3,1726
1291,53,1,54,170,17151,71,4,67,5,2449
1292,46,1,64,151,11597,105,5,175,6,2863
1293,35,1,119,175,2419,75,4,117,8,2345
1294,19,1,56,180,12067,95,5,116,6,2505
1295,18,1,106,175,1059,114,2,94,9,2497
1296,64,1,62,181,3524,57,1,132,10,2176
1297,22,0,107,159,2578,49,1,174,10,2324
1298,37,1,69,172,13598,33,2,72,10,2298
1299,28,0,56,155,15527,59,4,98,10,2584
1300,59,1,65,172,17047,104,5,143,4,2934
1301,19,1,69,177,1707,77,1,80,2,1608
1302,20,1,55,179,6277,97,2,106,9,2329
1303,40,1,108,163,2780,52,4,142,3,1952
1304,29,0,117,186,14811,26,0,61,7,2335
1305,37,0,94,181,19797,113,2,103,4,3143
1306,22,1,106,183,14145,92,5,163,1,2733
1307,54,0,93,190,15662,113,0,89,8,3117
1308,55,1,58,193,19545,111,0,146,4,3095
1309,47,1,45,171,12731,64,3,114,6,2326
1310,26,0,69,180,9800,43,2,99,7,2106
1311,51,0,103,156,17692,106,2,136,8,3302
1312,61,1,116,190,6439,79,5,156,10,2822
1313,52,1,113,170,5307,69,1,155,2,2239
1314,39,0,49,165,3364,60,1,151,9,2068
1315,61,1,63,169,17568,109,3,83,10,3153
1316,41,0,67,192,6324,86,1,101,3,2064
1317,34,1,53,193,6483,82,2,87,1,1837
1318,27,1,94,168,1245,44,2,153,2,1737
1319,47,0,60,181,9430,43,5,176,8,2328
1320,63,0,77,164,9183,25,1,179,10,2402
1321,40,0,46,154,6924,91,0,164,6,2371
1322,49,1,58,160,17903,27,1,152,1,2252
1323,34,1,45,164,14901,47,1,157,9,2525
1324,34,1,102,178,4907,52,5,110,7,2148
1325,31,1,60,194,1276,41,4,81,10,1696
1326,26,0,91,153,6101,16,3,148,3,1737
1327,57,1,88,185,15537,96,5,137,7,3076
1328,19,1,58,172,13501,96,2,133,6,2389
1329,62,1,68,164,5603,55,0,133,3,1952
1330,42,0,99,193,17335,70,3,67,8,2801
1331,56,1,59,152,14386,27,4,73,1,1789
1332,26,1,116,181,5053,80,0,104,5,2306
1333,39,0,78,159,7073,115,5,97,8,2389
1334,60,1,46,189,17525,49,5,91,3,2229
1335,63,1,71,187,11561,97,3,176,10,3086
1336,21,0,118,171,19101,87,1,121,6,3126
1337,43,1,116,163,13748,59,2,168,10,3037
1338,46,1,67,166,8313,14,3,155,2,1685
1339,62,1,112,170,6714,119,2,126,9,2991
1340,51,0,58,164,17783,63,5,143,2,2497
1341,40,1,107,164,10526,95,5,120,5,2686
1342,54,1,109,150,14582,67,2,72,3,2484
1343,28,0,112,173,11815,31,5,178,10,2695
1344,23,0,107,161,14760,83,5,146,9,3083
1345,35,1,108,159,7255,99,5,142,9,2840
1346,38,1,76,191,17622,88,0,139,7,3016
1347,59,1,57,191,4215,47,1,159,10,2144
1348,53,1,110,180,8541,114,4,158,5,2901
1349,58,0,63,160,4647,115,0,106,9,2550
1350,55,1,68,165,10808,58,1,170,7,2496
1351,51,0,55,158,19813,10,3,173,2,2266
1352,34,0,103,163,4652,87,2,113,10,2537
1353,54,1,59,168,15028,45,4,130,1,2151
1354,42,1,54,180,14803,104,1,111,10,2925
1355,55,0,85,158,7307,37,1,160,10,2342
1356,29,0,71,185,2535,107,2,131,4,2174
1357,40,1,104,188,15932,44,1,84,10,2674
1358,59,0,117,175,16749,69,1,82,8,2885
1359,39,1,96,157,9727,112,0,133,6,2849
1360,38,1,72,173,18332,71,2,89,2,2507
1361,44,0,109,157,11834,96,3,156,5,2928
1362,48,0,61,168,10213,55,2,70,9,2208
1363,23,1,88,179,16437,117,5,94,6,3022
1364,44,0,54,171,2403,92,2,86,6,1974
1365,57,1,107,158,8506,91,3,176,7,2867
1366,51,1,91,193,8591,88,1,126,5,2481
1367,29,1,82,153,13996,70,4,106,3,2419
1368,62,0,114,186,6060,74,3,172,3,2455
1369,24,1,97,157,16062,98,0,109,5,2896
1370,27,1,88,150,2602,35,2,67,4,1498
1371,62,1,118,177,14472,44,2,114,5,2593
1372,34,1,98,155,3196,66,2,136,9,2301
1373,43,1,64,185,12091,88,3,101,5,2457
1374,41,1,75,160,16040,72,5,126,4,2600
1375,45,1,51,154,17494,13,3,79,4,1961
1376,63,1,102,173,17016,88,1,169,1,2924
1377,19,1,54,167,7023,51,3,104,10,2107
1378,60,1,54,169,4867,111,4,94,4,2191
1379,18,1,83,177,10569,54,1,136,4,2203
1380,53,0,72,162,8641,48,0,79,9,2161
1381,43,1,74,154,6004,74,5,83,4,2015
1382,46,1,81,179,10963,31,4,116,7,2185
1383,38,1,111,150,14796,20,5,114,1,2146
1384,28,0,87,171,9204,119,1,68,7,2650
1385,57,1,96,167,8077,111,0,153,2,2616
1386,28,0,100,154,13526,46,5,148,8,2627
1387,53,1,112,180,4261,99,3,75,1,2132
1388,56,1,53,155,18046,60,1,178,10,3006
1389,57,0,67,176,14397,100,3,114,3,2651
1390,52,1,107,174,4390,67,3,131,8,2363
1391,51,0,105,178,16299,86,1,167,10,3301
1392,64,0,84,177,2902,16,3,117,8,1735
1393,41,1,88,165,17712,17,5,123,5,2415
1394,39,1,68,161,10631,119,1,151,5,2789
1395,22,1,95,169,16562,60,1,135,8,2840
1396,41,1,102,167,14540,32,4,174,10,2790
1397,53,0,77,183,4846,99,3,147,5,2440
1398,64,0,60,172,13359,117,3,108,9,2988
1399,37,1,66,194,17608,100,4,88,1,2635
1400,36,0,101,176,3520,18,4,138,5,1800
1401,52,0,106,166,9064,55,0,177,3,2385
1402,60,1,115,170,19791,47,1,141,3,2858
1403,34,0,116,189,7683,22,4,66,2,1743
1404,62,0,114,180,18194,16,2,136,3,2457
1405,60,1,74,152,4117,20,4,142,7,1802
1406,51,0,67,166,16604,83,2,171,8,3002
1407,26,1,76,175,13578,106,0,166,8,3038
1408,43,0,101,172,3251,112,3,128,8,2613
1409,19,1,53,155,14513,59,4,149,1,2190
1410,26,0,75,177,5661,76,2,61,7,2025
1411,26,0,115,157,15103,50,3,92,2,2371
1412,57,1,53,194,7421,38,3,107,10,2075
1413,34,1,57,157,5925,46,3,96,4,1713
1414,18,1,102,168,13202,65,3,148,5,2640
1415,42,1,47,187,3646,118,5,148,1,2144
1416,60,0,79,178,19130,89,4,162,4,3065
1417,57,0,65,172,5309,25,0,89,4,1555
1418,59,0,108,181,17832,53,2,100,9,2941
1419,42,1,96,159,18952,59,1,63,9,2828
1420,56,0,78,176,13667,116,4,142,10,3243
1421,52,0,79,150,8310,80,0,150,1,2242
1422,20,1,59,188,15967,88,1,175,8,2968
1423,54,1,50,178,10239,111,4,170,4,2652
1424,61,0,76,194,8088,15,3,98,4,1726
1425,61,1,96,152,13822,27,3,83,5,2202
1426,47,0,72,186,18448,28,4,109,2,2241
1427,55,0,108,180,4821,60,5,96,1,1882
1428,51,1,63,160,2436,75,1,112,5,1925
1429,29,0,59,171,13897,12,5,84,7,1959
1430,36,1,50,167,19867,119,0,152,10,3424
1431,54,1,117,184,8719,98,2,90,9,2804
1432,61,0,82,155,3794,109,3,168,2,2382
1433,34,0,70,152,12528,63,3,158,8,2647
1434,27,0,95,154,11082,58,3,151,7,2548
1435,64,1,117,158,14018,37,4,97,2,2284
1436,29,0,97,177,18481,47,3,117,5,2669
1437,33,1,100,168,19022,37,1,167,7,2895
1438,41,1,103,177,16584,41,5,112,3,2416
1439,36,0,114,176,10850,50,1,173,2,2393
1440,25,1,102,162,9455,45,0,109,6,2212
1441,48,0,57,187,12184,112,3,63,10,2785
1442,41,0,87,192,14207,45,3,151,6,2530
1443,34,0,95,170,1160,116,4,111,4,2264
1444,40,0,63,176,9418,96,3,90,1,2150
1445,54,0,65,155,8081,75,1,146,5,2369
1446,33,0,68,187,5412,19,5,137,1,1501
1447,23,0,70,160,11114,79,2,151,8,2630
1448,25,1,89,190,19722,81,3,73,2,2642
1449,42,0,72,166,18985,88,2,60,9,2936
1450,35,1,73,188,6888,118,5,102,9,2660
1451,42,1,61,156,4718,102,3,155,3,2261
1452,29,1,112,179,11614,72,2,177,6,2808
1453,32,0,88,170,19309,101,4,118,9,3264
1454,43,1,105,150,9443,31,1,120,7,2194
1455,58,1,112,174,16203,107,0,100,4,3007
1456,62,0,118,181,17369,29,4,77,3,2390
1457,43,0,69,157,8274,42,5,119,2,1855
1458,64,1,111,154,16759,24,3,128,10,2787
1459,49,0,46,179,18986,16,1,165,10,2617
1460,27,0,93,157,17897,97,5,138,1,2846
1461,33,0,114,168,16104,99,4,118,10,3266
1462,24,0,70,193,9633,59,5,101,1,1879
1463,34,1,116,179,9192,19,0,139,4,2058
1464,40,0,71,164,7501,88,1,159,4,2393
1465,43,0,62,185,18286,46,3,95,9,2612
1466,38,0,98,193,6719,68,5,99,10,2437
1467,39,1,45,176,10412,97,0,89,1,2112
1468,24,1,105,162,16963,84,4,161,4,2998
1469,31,0,47,163,19705,113,1,146,3,3011
1470,32,0,112,186,1855,72,1,70,9,2137
1471,24,1,85,179,2017,30,4,84,5,1512
1472,26,0,81,188,6279,113,0,104,9,2612
1473,25,0,95,162,11412,111,2,110,10,3013
1474,40,1,59,165,8712,88,5,102,6,2314
1475,46,0,52,193,16817,88,1,125,9,2926
1476,35,0,82,156,7624,46,5,158,1,1970
1477,48,1,100,176,17579,54,2,106,4,2600
1478,47,1,91,194,16131,23,2,83,4,2184
1479,56,0,54,184,5694,52,1,136,10,2185
1480,52,1,93,164,15047,94,4,165,10,3271
1481,35,0,85,177,5651,117,3,96,6,2529
1482,59,0,74,184,13726,93,4,115,10,2950
1483,56,0,49,156,12299,42,3,153,1,2029
1484,34,1,115,169,18441,12,0,134,10,2796
1485,31,1,75,181,6207,113,1,146,5,2522
1486,48,0,96,187,11897,96,1,105,3,2606
1487,41,0,67,189,3792,53,4,87,1,1544
1488,52,1,92,181,1420,96,5,152,6,2333
1489,61,1,84,175,3840,100,5,111,3,2228
1490,62,1,50,188,14437,44,0,74,4,2092
1491,51,0,82,169,18415,34,2,104,9,2653
1492,20,1,85,167,8639,105,4,117,2,2382
1493,54,1,71,164,18875,95,2,126,1,2759
1494,60,0,119,171,5975,17,0,132,10,2266
1495,57,0,113,171,17893,71,4,131,6,3051
1496,43,0,101,170,19243,111,4,170,1,3182
1497,40,1,61,151,16535,27,2,178,1,2194
1498,61,0,115,189,6061,101,5,156,7,2818
1499,56,0,91,192,2858,37,0,157,2,1802
1500,32,0,57,167,14678,84,0,132,4,2549
1501,21,0,55,172,3065,21,0,176,4,1569
1502,46,1,68,162,15391,73,3,140,2,2508
1503,39,0,117,190,14346,11,4,100,6,2295
1504,42,1,48,158,16237,68,5,124,10,2744
1505,30,1,90,156,7773,46,4,99,2,1860
1506,35,1,62,190,10788,13,4,64,8,1838
1507,50,0,87,150,15094,50,4,153,4,2571
1508,33,1,77,151,5442,54,5,134,1,1786
1509,62,0,54,153,10247,118,2,87,7,2622
1510,59,0,117,163,14195,43,5,97,6,2547
1511,61,0,103,181,10215,96,1,140,6,2848
1512,19,1,75,185,4204,22,0,173,3,1674
1513,52,0,72,151,17959,16,0,146,10,2615
1514,59,0,104,189,17582,41,1,77,7,2663
1515,51,0,47,163,2365,32,0,96,6,1477
1516,47,1,99,169,19382,58,2,86,10,2952
1517,30,1,58,174,18400,81,3,84,10,2893
1518,30,1,102,191,1025,56,0,128,9,2094
1519,35,0,59,157,4724,46,2,142,3,1779
1520,49,1,46,177,4458,107,4,86,3,2009
1521,49,0,68,170,11559,57,0,136,4,2272
1522,52,0,108,172,5746,38,3,113,3,1934
1523,56,1,115,181,14217,46,0,66,4,2380
1524,63,0,68,157,10067,32,5,149,6,2215
1525,46,1,71,180,10133,47,3,137,1,2007
1526,46,0,81,186,4041,102,4,86,2,2094
1527,61,1,83,165,8765,53,0,118,10,2441
1528,33,0,107,189,6404,14,2,131,6,1945
1529,61,0,70,191,1571,61,0,90,6,1821
1530,64,0,109,176,9796,49,2,158,1,2267
1531,27,0,48,189,13612,20,1,150,6,2057
1532,47,0,73,190,16305,87,0,127,9,2983
1533,42,1,45,167,9573,115,2,165,8,2792
1534,56,0,94,184,2236,11,3,63,10,1666
1535,37,1,55,164,3380,44,4,77,5,1565
1536,22,1,118,176,8177,54,1,122,4,2259
1537,18,1,103,166,15538,58,3,146,6,2764
1538,47,0,106,189,12971,44,0,155,5,2548
1539,20,0,80,151,11297,115,3,135,6,2800
1540,62,0,100,180,2517,101,4,111,10,2572
1541,31,1,65,186,18917,81,5,143,3,2755
1542,47,0,57,190,6887,41,2,170,7,2132
1543,21,0,53,190,12486,77,3,122,8,2525
1544,35,1,55,183,5642,118,3,104,5,2317
1545,54,1,119,183,19534,80,4,71,5,2960
1546,42,1,114,152,12423,48,5,67,4,2247
1547,18,1,45,166,12399,57,0,177,10,2543
1548,63,1,114,163,7061,100,3,81,5,2539
1549,32,1,100,163,13685,46,1,150,10,2775
1550,26,0,75,187,5487,69,0,100,8,2159
1551,32,1,81,184,13018,90,1,175,5,2805
1552,41,0,91,150,8750,83,3,100,9,2589
1553,21,0,91,178,18461,13,2,140,1,2167
1554,29,0,113,153,18684,32,0,116,7,2697
1555,54,1,102,182,11350,23,4,91,5,2098
1556,54,0,80,166,15410,14,0,156,4,2303
1557,60,1,76,177,16105,75,1,154,3,2744
1558,23,1,108,175,19913,119,2,114,10,3549
1559,56,0,115,157,4260,33,3,65,7,1925
1560,63,1,86,183,17747,27,2,98,2,2256
1561,41,0,92,167,15574,36,5,68,5,2266
1562,28,0,118,180,14712,33,0,165,2,2491
1563,41,1,74,176,18229,38,5,91,7,2458
1564,51,0,65,165,18711,20,2,95,6,2318
1565,42,0,104,159,4255,27,2,75,10,1973
1566,24,0,57,189,4237,13,3,71,7,1397
1567,21,1,45,161,13433,42,0,100,9,2182
1568,25,0,109,171,10497,87,2,126,2,2467
1569,37,1,77,165,17350,117,1,117,9,3268
1570,46,1,82,161,16941,51,4,150,7,2774
1571,62,0,69,160,11224,41,5,150,2,2119
1572,63,0,70,169,9956,60,3,68,10,2368
1573,27,1,103,150,6465,13,0,76,2,1530
1574,60,1,77,176,17882,29,5,169,4,2521
1575,51,0,85,152,3944,94,2,64,2,1967
1576,43,0,74,161,6856,76,5,85,1,1924
1577,58,1,101,179,12996,98,0,144,6,2996
1578,20,1,93,158,13652,77,4,60,10,2716
1579,23,1,92,186,7077,71,0,60,5,2046
1580,22,1,116,150,1135,67,5,94,3,1837
1581,22,1,93,191,16773,56,5,68,1,2235
1582,64,0,91,153,10292,84,4,146,9,2802
1583,40,1,100,164,5033,89,4,97,8,2446
1584,26,1,109,176,15178,68,2,164,6,2891
1585,52,0,56,157,7546,109,5,63,6,2317
1586,37,0,113,172,9396,15,1,111,4,1945
1587,59,1,50,164,11563,104,3,78,2,2323
1588,52,1,109,176,13882,49,5,160,4,2389
1589,35,0,69,180,17945,86,1,64,2,2523
1590,34,1,45,188,4314,32,3,151,7,1768
1591,41,1,76,157,19595,61,2,169,9,3095
1592,20,0,47,179,19755,13,0,165,2,2193
1593,49,1,93,191,13927,46,3,178,9,2804
1594,52,0,63,167,3681,51,5,107,9,1973
1595,55,0,104,153,3806,110,1,146,8,2766
1596,30,0,73,192,12961,53,4,122,1,2081
1597,64,0,94,171,19639,106,4,97,5,3163
1598,42,1,46,152,13602,51,2,111,10,2429
1599,26,0,117,164,10092,38,3,146,4,2266
1600,21,1,100,184,7382,110,1,105,7,2666
1601,31,1,61,187,10942,28,5,141,8,2149
1602,54,1,104,182,4159,93,3,152,10,2738
1603,51,1,80,163,6656,41,2,151,8,2197
1604,28,1,105,150,2452,53,3,68,2,1637
1605,58,0,61,175,10435,64,2,162,3,2332
1606,20,0,93,157,19706,89,4,109,10,3228
1607,45,0,104,165,10862,14,4,133,10,2363
1608,46,0,64,187,11219,55,3,125,7,2314
1609,26,1,94,159,2768,85,2,136,4,2165
1610,20,0,47,191,7096,54,3,97,6,1851
1611,42,1,87,186,6185,30,5,86,8,1934
1612,51,1,101,175,12855,87,0,178,8,3098
1613,29,0,94,177,11494,110,5,164,7,3021
1614,59,0,112,161,15460,31,4,79,2,2256
1615,26,0,94,169,2169,39,0,163,2,1753
1616,32,0,81,163,7590,32,0,121,3,1824
1617,57,1,90,184,17770,14,0,133,4,2367
1618,42,1,86,178,19814,72,0,75,1,2556
1619,22,0,59,161,18789,102,3,138,5,2969
1620,28,1,77,167,1123,68,4,72,7,1817
1621,51,1,55,193,16626,103,5,173,10,3222
1622,41,1,64,151,6909,91,5,161,5,2395
1623,32,0,68,151,4896,119,3,79,7,2406
1624,55,1,108,166,9066,61,0,83,5,2295
1625,25,0,109,159,10373,74,4,164,10,2893
1626,22,0,117,167,18111,48,4,109,8,2880
1627,43,1,61,171,8039,90,3,66,7,2277
1628,35,1,105,168,13076,12,1,146,1,2054
1629,23,0,59,150,4670,51,4,147,1,1669
1630,54,1,95,173,18525,80,4,88,5,2870
1631,30,1,71,185,11567,36,2,64,2,1771
1632,45,0,118,174,16029,37,3,166,9,2904
1633,22,0,105,185,16793,117,1,168,2,3152
1634,30,0,102,180,9550,63,2,94,9,2482
1635,34,0,75,180,16338,104,0,124,10,3162
1636,57,1,56,151,19595,24,1,159,2,2362
1637,62,1,90,168,1972,62,5,174,4,2088
1638,49,0,75,161,1360,81,2,141,3,1963
1639,46,0,76,159,3632,79,2,129,6,2174
1640,20,0,76,180,4190,101,3,146,4,2285
1641,57,1,97,194,5948,13,5,133,9,2055
1642,51,0,105,171,16346,103,2,66,9,3130
1643,57,1,90,172,16554,116,4,103,10,3303
1644,44,0,118,172,19008,26,2,131,9,2882
1645,30,0,51,164,13120,43,4,72,3,1878
1646,62,0,48,175,19140,15,4,153,3,2223
1647,50,1,96,152,8818,45,3,141,4,2175
1648,23,1,75,172,6119,108,1,137,9,2639
1649,41,1,119,169,13953,112,4,134,6,3159
1650,36,0,80,194,15900,48,3,165,9,2791
1651,33,1,98,189,1975,89,0,97,8,2260
1652,57,1,98,188,17265,75,2,72,7,2843
1653,45,0,61,157,5318,17,5,113,5,1561
1654,50,0,119,167,3313,24,5,165,9,2179
1655,58,1,74,190,18171,72,0,103,4,2662
1656,30,1,66,155,19812,100,0,156,4,3046
1657,60,1,87,176,9747,89,4,173,8,2873
1658,62,1,71,185,11301,74,0,72,4,2272
1659,42,0,81,164,16048,68,1,84,7,2619
1660,59,0,90,186,14134,19,1,83,4,2091
1661,53,0,79,154,7664,16,0,88,1,1496
1662,44,1,48,188,14382,83,1,159,10,2888
1663,55,1,70,158,11841,85,5,129,9,2780
1664,24,0,63,156,13427,90,1,77,4,2398
1665,22,0,89,190,8483,118,3,151,3,2693
1666,60,1,70,169,2363,21,3,64,3,1345
1667,62,1,66,159,4959,88,4,77,9,2295
1668,48,0,102,175,2749,55,3,122,8,2123
1669,40,0,107,153,1540,41,0,96,10,2084
1670,59,0,72,187,8634,41,0,130,7,2200
1671,27,1,109,173,11614,99,1,114,7,2884
1672,49,1,88,163,11282,87,3,132,4,2585
1673,60,1,87,190,4958,99,5,158,3,2416
1674,47,1,81,150,16412,70,1,71,4,2476
1675,56,1,110,166,4859,78,3,111,6,2375
1676,48,1,61,194,9050,70,1,116,4,2152
1677,35,0,84,173,19041,111,5,105,4,3059
1678,53,0,82,176,7185,55,3,163,2,2089
1679,19,1,105,156,18423,77,4,103,7,2978
1680,31,0,53,158,19500,101,3,162,6,3101
1681,30,1,119,192,15388,64,5,83,2,2510
1682,46,0,105,184,9876,10,0,68,5,1887
1683,29,1,60,161,5018,86,3,71,6,2015
1684,56,0,46,170,10989,116,1,159,5,2773
1685,19,0,116,152,19208,76,4,160,4,3093
1686,49,1,87,164,9452,58,0,68,9,2323
1687,30,1,86,170,4571,34,3,162,3,1831
1688,63,0,101,159,10680,115,4,169,2,2897
1689,44,0,111,182,15318,25,2,175,9,2775
1690,58,1,74,155,17738,94,5,81,8,2959
1691,34,0,57,151,6029,22,2,76,9,1732
1692,57,1,63,178,16668,61,2,92,10,2712
1693,48,1,51,189,3774,117,2,106,3,2140
1694,51,0,53,182,17972,45,4,147,1,2310
1695,41,1,98,153,15048,81,3,74,1,2453
1696,62,0,105,153,1604,53,1,152,3,2005
1697,52,0,82,178,11420,92,1,155,4,2502
1698,23,1,94,186,9365,56,4,92,2,1979
1699,36,0,119,169,15689,89,0,152,8,3221
1700,47,1,75,190,17737,85,5,74,3,2588
1701,24,1,77,172,17014,29,0,86,4,2178
1702,27,1,55,194,1433,27,3,157,6,1572
1703,58,0,77,167,12144,63,5,120,10,2675
1704,49,1,51,174,1867,21,1,127,6,1471
1705,51,0,75,150,15340,34,4,172,2,2326
1706,45,1,92,164,12837,69,1,171,6,2736
1707,32,1,91,183,15291,84,2,141,4,2803
1708,47,1,97,169,9787,95,3,144,5,2695
1709,54,0,63,186,1393,119,3,107,7,2326
1710,46,0,50,176,13056,43,3,67,7,2093
1711,39,1,93,171,11392,22,3,65,6,1987
1712,21,1,117,154,13189,119,3,122,10,3311
1713,37,0,94,183,14141,47,5,177,6,2670
1714,49,0,56,188,12621,21,5,143,6,2132
1715,53,0,67,152,19510,112,4,61,4,2914
1716,21,1,98,166,9330,45,0,174,3,2261
1717,44,0,113,173,4960,37,0,168,1,1929
1718,34,1,103,173,1663,100,2,81,3,2032
1719,29,0,80,152,15533,48,0,177,3,2532
1720,39,1,82,194,15491,86,5,80,9,2676
1721,34,1,102,156,10265,52,3,65,3,2030
1722,27,1,99,174,5574,113,3,155,8,2791
1723,18,0,101,152,6546,100,4,129,8,2666
1724,39,0,61,164,1185,40,5,72,3,1327
1725,43,0,83,178,19364,11,4,60,10,2449
1726,35,1,112,178,8808,91,5,81,10,2717
1727,31,1,99,159,1829,99,1,176,6,2467
1728,64,0,89,181,14560,51,1,83,8,2560
1729,46,1,45,172,12520,40,4,123,8,2217
1730,29,1,65,188,12540,70,0,100,10,2564
1731,53,1,65,158,11677,111,0,153,10,3052
1732,52,0,96,186,13803,65,0,81,9,2664
1733,29,1,87,189,14888,95,1,120,9,2995
1734,24,0,96,163,14234,109,5,167,8,3216
1735,46,0,111,153,2225,92,2,71,7,2237
1736,28,0,88,169,6774,23,5,149,10,2152
1737,50,0,76,177,14043,23,1,63,3,1871
1738,23,0,54,163,17163,38,2,142,7,2482
1739,64,1,108,193,3844,90,5,139,4,2415
1740,32,0,113,183,8347,59,1,71,2,2055
1741,49,0,112,162,4996,59,1,92,8,2263
1742,28,0,72,180,10690,72,2,178,2,2366
1743,40,1,97,182,2688,110,5,80,1,2065
1744,43,1,82,188,15287,82,2,159,5,2934
1745,51,1,97,177,19831,74,5,132,10,3267
1746,63,1,48,174,18251,77,3,162,9,2991
1747,51,0,61,181,13504,80,4,165,5,2628
1748,46,0,111,158,7952,20,1,168,2,2015
1749,21,1,118,177,12716,23,3,131,10,2525
1750,34,1,91,180,16763,115,4,143,4,3112
1751,52,1,100,166,7084,92,3,133,8,2708
1752,30,1,67,172,14219,113,3,155,7,3008
1753,58,0,62,162,11204,12,5,151,5,1979
1754,56,1,45,159,17097,17,2,133,4,2121
1755,32,1,79,165,5049,102,2,131,5,2353
1756,46,1,108,155,4457,110,5,111,7,2589
1757,46,1,102,160,18632,52,2,106,5,2695
1758,28,1,103,152,18551,18,0,156,8,2680
1759,49,1,45,177,4490,28,0,118,7,1671
1760,19,1,47,190,16470,21,4,106,7,2128
1761,64,0,111,164,17189,36,2,115,9,2814
1762,31,0,81,162,14162,110,3,172,8,3142
1763,37,0,73,191,19281,67,0,72,8,2777
1764,39,0,77,194,12728,34,2,103,6,2167
1765,28,0,105,166,19563,54,2,94,7,2874
1766,44,0,48,172,13912,111,1,178,8,3062
1767,20,1,58,177,6955,57,1,174,5,2064
1768,34,1,77,187,11162,59,3,88,10,2471
1769,61,0,66,162,3720,90,3,115,2,1988
1770,45,1,92,166,11573,53,0,64,7,2276
1771,46,0,47,164,19327,68,4,126,10,2909
1772,38,1,67,185,12338,42,1,112,3,2072
1773,64,1,112,177,12675,112,5,160,10,3408
1774,33,1,65,164,15371,87,1,179,8,2996
1775,54,1,87,160,14936,37,4,119,6,2426
1776,37,1,70,180,11019,27,1,164,4,2101
1777,23,1,85,153,9414,64,2,65,2,1929
1778,36,0,82,184,2746,42,2,107,7,1847
1779,22,0,55,183,17913,115,3,165,1,2886
1780,20,1,73,176,9325,24,4,139,7,2018
1781,18,0,104,159,12995,70,0,94,10,2790
1782,55,1,111,179,5486,20,0,77,10,2048
1783,32,0,109,194,17485,45,1,70,7,2614
1784,51,1,105,169,15328,24,2,110,10,2617
1785,52,0,63,178,19929,62,2,82,3,2484
1786,42,1,90,178,19942,71,1,106,4,2817
1787,41,0,93,172,12233,57,1,134,4,2448
1788,29,1,66,170,18332,103,5,118,4,2855
1789,41,0,101,192,10760,24,4,116,9,2314
1790,32,1,58,159,16702,72,1,152,6,2748
1791,61,1,88,190,19437,96,5,177,10,3561
1792,33,1,60,161,1193,52,5,115,9,1818
1793,44,0,56,179,12612,59,4,165,4,2354
1794,25,0,99,182,9229,69,1,86,7,2368
1795,41,0,95,167,5566,68,3,132,10,2528
1796,42,1,83,163,7595,24,3,94,9,2028
1797,34,0,77,171,6609,38,1,114,10,2125
1798,46,1,77,170,6108,84,1,68,3,2027
1799,25,0,73,150,2783,118,1,77,3,2027
1800,32,0,113,192,11158,91,0,103,6,2718
1801,44,0,114,164,6831,49,0,178,8,2544
1802,63,0,75,185,1041,40,0,80,1,1379
1803,24,1,75,171,12186,82,4,115,4,2414
1804,20,0,90,181,12561,95,2,107,8,2819
1805,46,0,96,182,18445,20,4,159,6,2602
1806,61,1,54,190,10868,90,1,60,2,2159
1807,41,1,118,188,4689,106,2,86,8,2608
1808,20,0,85,172,8595,71,5,104,1,2015
1809,37,0,47,192,15687,84,0,122,1,2375
1810,63,1,103,151,1325,112,1,117,7,2511
1811,32,1,96,151,2120,17,4,99,10,1824
1812,42,1,78,187,17491,60,5,122,3,2568
1813,47,0,93,178,11870,66,2,97,8,2548
1814,31,0,72,152,7294,13,5,88,9,1783
1815,24,0,57,188,6193,45,2,99,8,1861
1816,34,1,113,156,16213,28,3,78,1,2157
1817,61,1,111,185,16611,33,3,147,1,2459
1818,37,1,105,178,15230,50,4,115,6,2618
1819,53,0,104,186,19423,58,5,103,1,2610
1820,26,1,115,185,18187,91,1,124,8,3228
1821,55,0,68,172,11040,106,3,159,6,2797
1822,39,1,107,194,1766,55,2,146,5,2051
1823,19,0,105,165,14696,45,0,72,6,2361
1824,41,0,67,180,4527,19,0,89,4,1445
1825,25,1,74,183,19690,87,1,108,1,2693
1826,28,0,104,150,12021,16,5,174,7,2347
1827,30,1,62,167,18872,21,5,174,10,2714
1828,34,0,100,189,5129,95,0,177,9,2750
1829,25,1,97,192,12758,100,1,160,4,2850
1830,38,1,51,164,19757,57,2,134,4,2538
1831,35,0,113,166,15312,46,2,122,9,2796
1832,47,1,116,193,12804,84,5,130,4,2817
1833,35,0,96,159,14777,45,4,94,10,2605
1834,63,1,48,169,11983,69,4,70,4,2150
1835,64,1,78,155,7990,86,0,108,8,2528
1836,48,1,113,157,4983,105,5,166,4,2658
1837,55,1,77,194,4768,17,4,170,9,2005
1838,49,0,113,183,2504,16,0,174,8,2017
1839,28,1,82,181,3450,116,3,99,5,2315
1840,62,1,70,191,12236,52,3,171,9,2660
1841,42,0,45,153,19417,67,2,80,8,2658
1842,50,0,48,193,9002,90,2,106,10,2498
1843,55,0,83,188,10891,95,3,62,4,2427
1844,58,0,98,169,7019,55,5,89,4,2071
1845,25,0,77,173,14898,43,3,147,1,2237
1846,28,0,77,173,11472,93,1,161,4,2647
1847,39,1,116,175,16264,81,5,126,8,3142
1848,41,0,64,174,18691,31,2,121,5,2437
1849,58,1,60,185,11719,100,0,96,6,2590
1850,34,0,65,156,1975,107,3,156,4,2215
1851,29,1,89,159,11248,30,0,81,5,1981
1852,63,1,106,161,14002,24,1,90,10,2490
1853,49,1,75,150,15213,14,1,105,8,2256
1854,32,0,86,174,11618,111,2,135,9,3005
1855,33,0,56,165,11620,26,3,104,3,1781
1856,39,0,109,154,4733,81,1,73,10,2433
1857,45,0,117,168,9551,28,5,71,4,1958
1858,37,1,47,153,3223,14,1,178,1,1342
1859,50,0,53,155,17868,32,4,122,5,2290
1860,27,1,95,175,2428,92,5,150,4,2209
1861,57,1,60,188,3080,23,5,136,6,1647
1862,49,0,47,188,14776,19,5,147,6,2180
1863,50,0,68,158,1695,40,4,97,10,1874
1864,19,0,117,194,1201,22,2,176,6,1852
1865,50,1,57,163,13049,31,3,106,3,1970
1866,50,0,46,158,16628,46,2,113,7,2399
1867,58,1,115,164,9265,48,4,114,3,2233
1868,30,0,65,186,13460,19,0,107,6,2042
1869,47,1,63,169,4477,40,1,132,10,2076
1870,50,0,91,157,3202,52,1,131,1,1822
1871,30,0,66,181,16542,108,2,160,8,3181
1872,43,1,119,170,15624,86,5,74,7,2912
1873,39,0,77,190,9449,103,3,130,9,2768
1874,56,0,76,168,12850,107,3,147,3,2786
1875,19,0,108,178,7317,45,0,172,8,2432
1876,55,0,83,180,6350,44,2,75,2,1696
1877,56,0,116,155,3806,77,1,147,9,2604
1878,43,0,86,153,8163,64,1,102,1,1983
1879,63,0,53,192,1185,77,0,66,10,1941
1880,32,1,69,178,9070,56,5,102,7,2169
1881,51,1,46,191,12545,15,4,87,10,2022
1882,59,0,63,152,19458,37,3,125,1,2389
1883,61,0,82,150,17006,39,3,157,6,2581
1884,57,0,114,193,1201,36,5,119,1,1647
1885,28,1,61,164,12284,78,2,161,4,2474
1886,20,1,112,170,6710,117,3,62,7,2612
1887,23,0,47,180,16698,48,5,60,2,2002
1888,26,1,95,156,3102,44,4,90,3,1670
1889,23,0,70,166,10102,112,0,115,4,2525
1890,26,0,100,168,2571,53,4,146,6,2043
1891,56,0,108,188,6125,24,1,143,9,2215
1892,48,0,52,152,7697,92,2,139,4,2265
1893,49,1,81,179,19543,103,1,105,6,3132
1894,58,1,71,184,15034,111,3,91,7,2953
1895,29,0,89,178,2329,41,1,140,4,1757
1896,25,1,48,163,9652,113,3,77,6,2412
1897,25,1,81,184,4699,38,0,127,3,1755
1898,45,0,115,177,7027,72,2,94,5,2344
1899,37,1,77,179,19657,15,3,163,10,2739
1900,64,0,75,175,11667,99,4,159,4,2753
1901,24,0,99,156,5823,36,1,82,7,1903
1902,28,0,56,188,10347,108,3,138,6,2635
1903,37,0,55,180,17881,37,0,72,7,2305
1904,33,1,116,154,7959,14,3,137,6,2043
1905,21,0,76,184,14616,50,0,73,2,2062
1906,23,1,101,163,7210,65,1,96,7,2228
1907,39,0,82,185,13517,63,1,64,8,2439
1908,43,0,104,176,13620,89,4,81,7,2800
1909,20,1,63,173,4976,114,2,87,4,2179
1910,58,0,100,189,18991,27,4,168,4,2704
1911,59,1,58,178,9912,86,5,63,5,2231
1912,31,1,77,194,18658,52,4,109,9,2768
1913,28,0,54,171,13059,98,1,161,5,2389
1914,35,0,108,157,1690,83,3,88,2,1915
1915,29,0,108,164,13344,38,1,96,5,2299
1916,40,0,106,154,4437,19,2,94,3,1616
1917,29,0,112,153,3355,15,3,79,10,1827
1918,30,0,87,160,1749,89,1,94,8,2181
1919,42,1,103,167,13965,98,5,158,10,2389
1920,62,1,96,191,13847,117,5,143,10,3352
1921,36,0,63,179,6758,13,3,61,2,1296
1922,63,1,65,164,19088,110,5,175,4,3174
1923,53,1,66,155,12637,43,3,117,5,2164
1924,62,0,53,165,7074,92,0,77,4,2081
1925,25,0,53,189,14378,42,2,153,5,2301
1926,46,1,117,158,19761,13,3,165,10,2965
1927,49,0,71,192,15529,53,0,115,4,2388
1928,61,1,61,183,6274,107,2,123,3,2294
1929,35,0,88,176,15007,85,5,176,1,2743
1930,23,1,89,162,7409,40,5,152,4,2024
1931,35,1,52,185,19599,89,3,162,9,3141
1932,36,1,62,176,7288,75,3,111,1,1891
1933,39,1,77,158,1885,67,0,81,7,1841
1934,54,0,45,154,1864,69,3,152,3,1793
1935,49,0,50,171,7917,11,5,119,8,1822
1936,58,1,85,180,12686,45,5,169,6,2548
1937,20,1,99,152,4054,79,5,69,1,1832
1938,45,0,49,179,9977,69,4,143,10,2550
1939,27,0,103,170,17199,32,4,139,5,2561
1940,52,1,62,184,9536,112,3,65,8,2581
1941,46,1,93,155,16070,56,4,140,3,2589
1942,32,1,109,177,17937,117,3,65,4,3054
1943,50,1,98,181,8683,110,1,145,7,2899
1944,24,1,105,191,18171,55,4,141,6,2834
1945,29,0,52,186,11011,89,0,155,7,2603
1946,47,1,47,174,16271,116,3,87,9,2967
1947,38,0,69,181,9896,53,0,101,9,2292
1948,48,0,113,184,15582,28,2,133,2,2371
1949,41,0,99,171,8190,58,1,100,3,2137
1950,37,1,84,173,10144,97,1,122,4,2551
1951,54,0,94,188,1814,67,0,81,6,1948
1952,21,0,77,179,10740,100,2,151,5,2658
1953,45,0,62,181,3777,16,2,138,6,1619
1954,61,0,101,180,5958,103,1,166,8,2839
1955,37,1,60,172,4825,50,0,88,2,1580
1956,41,1,82,189,18600,87,0,130,6,3026
1957,49,0,85,182,15800,117,5,173,9,3392
1958,58,0,51,174,10999,24,3,93,5,1857
1959,53,1,97,185,13964,85,5,155,1,2672
1960,51,1,107,173,7772,62,0,61,8,2290
1961,53,1,76,180,10481,102,0,85,4,2491
1962,19,0,82,188,16737,32,2,168,8,2637
1963,32,1,66,162,18246,86,4,134,4,2805
1964,51,0,60,159,11677,82,1,148,8,2693
1965,53,0,96,172,3355,97,5,78,9,2429
1966,23,1,73,167,10157,112,0,79,5,2528
1967,56,0,60,181,3395,103,3,92,5,2097
1968,59,1,61,182,1524,74,1,140,2,1815
1969,29,0,108,185,1561,69,0,175,9,2388
1970,20,1,57,177,9167,19,5,153,4,1802
1971,62,0,116,165,17184,111,1,141,3,3196
1972,35,0,100,165,5664,67,4,155,2,2155
1973,57,1,49,167,2205,56,2,163,3,1718
1974,38,1,56,157,13039,24,5,168,4,2104
1975,32,1,85,191,13393,18,3,63,9,2141
1976,50,1,47,165,3238,22,5,91,6,1432
1977,52,0,77,160,18544,32,4,78,10,2598
1978,43,1,94,155,13987,42,1,62,5,2219
1979,25,1,100,150,6239,18,0,161,9,2107
1980,53,0,53,161,13017,12,3,151,8,2144
1981,47,1,94,187,17455,103,1,120,6,3124
1982,40,1,73,177,18138,82,3,97,3,2670
1983,59,0,83,194,10096,34,2,177,7,2406
1984,61,1,89,166,15814,97,5,65,10,2988
1985,31,1,61,150,14291,105,3,115,6,2791
1986,31,1,100,181,3621,80,1,99,8,2306
1987,19,1,90,157,4190,45,2,140,6,1962
1988,54,1,111,189,4948,98,5,165,10,2874
1989,22,1,113,192,2287,29,5,179,4,1881
1990,55,0,58,173,15590,90,5,128,10,2990
1991,62,1,111,159,16668,63,3,142,7,2986
1992,58,0,67,188,2772,109,0,166,7,2517
1993,64,0,105,188,7200,99,3,101,8,2681
1994,31,0,67,159,16762,28,3,158,2,2211
1995,56,0,71,185,4138,69,5,145,6,2143
1996,42,1,98,174,8213,46,0,147,3,2127
1997,37,1,54,159,15941,12,2,133,8,2244
1998,19,1,60,168,3416,116,3,61,4,2024
1999,56,0,85,194,16964,101,0,87,4,2867
2000,23,1,99,164,18968,95,0,164,2,3063
2001,34,1,105,165,2046,28,0,160,6,1907
2002,42,1,93,151,15909,62,0,176,6,2832
2003,45,0,117,178,14578,55,1,76,1,2313
2004,19,0,96,153,19549,89,5,129,8,3188
2005,52,1,46,178,6719,65,1,166,3,2043
2006,54,0,94,180,16960,79,5,128,1,2673
2007,22,0,87,166,18560,110,3,98,10,3310
2008,18,1,52,159,16598,40,3,66,1,1885
2009,57,0,103,176,16624,62,5,91,1,2472
2010,29,0,109,190,7411,43,1,63,5,1952
2011,53,1,56,164,9074,40,1,80,5,1839
2012,62,0,48,193,11352,69,2,165,1,2193
2013,40,0,85,180,16003,20,3,91,5,2212
2014,64,0,51,170,10223,109,0,179,7,2840
2015,48,0,113,190,13718,15,3,141,5,2352
2016,28,0,113,194,2315,36,2,156,9,2134
2017,27,0,74,175,18276,16,3,73,4,2072
2018,20,0,117,187,9936,58,5,129,9,2597
2019,31,0,50,185,14767,105,4,134,8,2856
2020,33,1,63,166,7466,81,3,105,1,1958
2021,27,1,110,152,16185,69,3,79,4,2592
2022,46,1,54,163,6090,42,2,152,7,2037
2023,27,1,60,162,5240,56,3,117,1,1666
2024,29,0,81,190,17795,53,1,158,8,2873
2025,47,1,76,176,15910,88,0,139,2,2660
2026,58,1,91,150,3446,36,3,107,8,1953
2027,18,0,116,166,4346,103,5,66,4,2266
2028,22,0,87,183,13411,31,3,99,8,2296
2029,37,0,80,163,17469,56,3,118,1,2402
2030,25,0,70,166,8749,102,4,95,5,2383
2031,60,0,54,152,5142,114,5,103,9,2494
2032,29,1,75,183,17070,57,1,167,7,2766
2033,18,0,73,189,15187,39,1,90,3,2106
2034,37,1,49,174,8087,11,1,101,4,1501
2035,45,1,45,151,16635,24,5,103,10,2339
2036,60,0,47,183,16807,56,4,102,7,2486
2037,54,1,111,175,11197,36,0,102,6,2298
2038,64,1,115,180,13271,80,1,106,4,2695
2039,54,0,79,158,18187,36,5,65,3,2276
2040,29,1,59,179,15724,94,0,152,2,2606
2041,54,1,111,169,10261,22,0,150,10,2515
2042,61,1,74,170,14479,64,2,166,9,2897
2043,45,0,119,178,16804,26,2,125,3,2461
2044,64,0,87,174,13333,84,0,179,7,2985
2045,32,0,104,187,13827,68,3,145,1,2509
2046,23,1,84,193,10600,19,2,68,8,1944
2047,61,0,109,174,12932,42,3,70,1,2129
2048,37,1,73,158,17648,87,2,139,2,2756
2049,31,0,118,188,13040,46,3,168,1,2436
2050,19,1,63,193,17127,17,3,136,4,2120
2051,26,0,47,175,13473,42,3,177,2,2141
2052,54,0,80,186,17709,16,5,177,1,2328
2053,37,1,87,165,2206,43,0,77,1,1456
2054,43,0,59,186,10696,80,1,176,2,2403
2055,46,1,85,161,14714,16,5,84,6,2118
2056,18,0,80,173,2440,50,5,156,2,1716
2057,52,0,77,175,10147,109,2,175,2,2719
2058,23,1,49,169,17267,64,1,133,8,2678
2059,54,1,58,158,9746,16,4,117,5,1809
2060,22,1,112,172,6136,93,2,89,8,2516
2061,50,0,91,172,12446,27,5,174,8,2515
2062,31,1,98,178,13331,118,1,172,2,2972
2063,29,0,48,180,14188,52,1,60,7,2153
2064,59,1,53,168,6819,114,2,122,9,2714
2065,37,1,97,169,9069,87,0,156,8,2762
2066,41,1,104,172,13769,49,4,172,9,2812
2067,60,1,90,192,19420,62,0,138,8,3037
2068,51,1,98,176,6560,23,4,88,4,1779
2069,42,1,118,179,13853,30,3,125,10,2693
2070,46,0,81,170,11459,66,4,134,7,2528
2071,56,1,67,193,4629,100,2,112,9,2456
2072,48,0,71,184,12657,55,1,157,9,2662
2073,64,1,114,156,6314,35,4,175,4,2216
2074,60,1,110,171,19840,100,2,164,7,3483
2075,40,1,105,159,9662,33,5,78,6,2069
2076,61,0,95,172,18754,14,4,125,3,2399
2077,55,0,94,164,8629,51,1,171,10,2623
2078,37,1,82,172,12324,111,2,143,6,2823
2079,40,0,45,183,18558,101,2,164,8,3100
2080,62,1,84,162,17494,115,2,111,2,2966
2081,33,1,76,153,7692,52,0,90,3,1923
2082,59,0,66,167,10218,41,3,119,8,2279
2083,25,0,110,172,12746,97,3,176,4,2946
2084,38,0,84,182,16372,15,5,127,4,2247
2085,18,0,82,183,13631,83,3,152,2,2559
2086,25,1,92,183,2472,119,4,179,10,2869
2087,46,0,99,185,15599,76,4,89,1,2505
2088,49,0,119,184,5872,16,3,72,7,1907
2089,55,1,99,166,11573,38,1,74,4,2067
2090,22,0,95,177,14691,43,2,79,6,2342
2091,64,0,104,163,12482,16,0,93,8,2266
2092,39,0,52,183,5753,90,4,151,7,2359
2093,64,0,112,160,2833,86,1,79,7,2315
2094,51,1,119,162,6928,67,3,109,6,2434
2095,18,1,116,182,9645,94,1,148,4,2715
2096,43,0,53,151,7816,40,2,86,4,1691
2097,60,0,46,183,18124,82,2,89,9,2792
2098,27,1,114,178,8256,54,2,115,5,2259
2099,47,0,103,186,19764,56,1,164,9,3202
2100,35,1,63,153,11549,86,5,143,9,2742
2101,34,0,72,161,16062,90,1,124,4,2724
2102,43,0,116,175,10635,81,1,158,2,2632
2103,25,0,58,177,10940,82,5,114,2,2201
2104,64,0,68,152,3401,82,5,172,9,2461
2105,57,0,88,169,14111,49,5,166,9,2811
2106,29,0,100,159,12363,39,4,83,3,2101
2107,44,0,95,167,13432,71,5,84,5,2503
2108,25,1,76,176,19390,80,3,163,5,3008
2109,42,1,94,180,10978,26,3,112,2,1922
2110,63,1,85,176,18793,112,2,135,2,3124
2111,21,0,110,191,19146,111,0,70,10,3368
2112,50,0,69,150,1909,14,1,153,1,1404
2113,18,1,105,155,1760,90,0,119,2,1995
2114,36,0,110,160,6612,113,2,136,7,2807
2115,48,1,86,183,4240,10,4,106,1,1395
2116,33,0,109,188,1530,89,4,84,1,1906
2117,31,1,80,169,10551,90,3,175,9,2875
2118,22,1,53,170,11219,103,5,84,2,2252
2119,58,1,80,170,17216,40,2,76,4,2349
2120,43,0,82,167,3560,44,5,71,3,1591
2121,45,1,77,170,19561,118,1,174,4,3291
2122,19,0,86,168,6103,81,4,111,7,2345
2123,23,0,105,153,18921,39,1,70,10,2719
2124,26,0,90,162,10465,112,0,69,2,2403
2125,50,0,105,167,3781,94,0,140,2,2271
2126,58,0,62,178,18330,24,0,119,9,2529
2127,42,0,114,174,6257,107,5,113,6,2667
2128,30,0,59,162,19895,65,5,168,7,2975
2129,26,1,92,176,3188,69,3,139,5,2072
2130,30,1,116,168,7063,36,0,122,5,2119
2131,48,1,57,150,16615,11,2,175,4,2263
2132,58,0,87,187,1881,83,2,79,8,2137
2133,28,0,104,168,2847,73,5,172,7,2366
2134,21,0,101,150,7599,14,0,64,10,1937
2135,51,0,115,189,19359,100,0,100,2,3035
2136,55,1,61,166,5568,77,4,177,2,2104
2137,63,0,94,170,17314,22,4,122,6,2530
2138,21,1,76,171,8163,90,5,115,1,2148
2139,55,0,66,164,12156,94,3,91,7,2611
2140,36,1,99,188,12255,32,0,86,8,2292
2141,23,0,101,188,12320,106,0,127,10,3089
2142,51,1,57,181,3216,59,4,164,8,2123
2143,35,0,91,153,6701,88,5,107,3,2217
2144,30,1,106,193,19992,87,3,66,7,3026
2145,58,0,98,194,12780,82,1,105,1,2468
2146,40,1,73,181,11694,117,1,137,3,2687
2147,36,1,66,153,5809,46,0,162,6,2041
2148,62,0,109,150,17562,39,0,147,9,2936
2149,28,1,73,182,15392,102,1,171,5,2981
2150,18,0,92,156,8771,32,4,77,5,1876
2151,41,0,49,158,2929,43,4,97,9,1783
2152,24,0,79,150,15306,73,2,162,9,2888
2153,42,1,118,165,19932,64,0,174,6,3192
2154,38,1,115,167,15244,80,0,163,5,2996
2155,32,0,90,155,1111,18,1,124,10,1811
2156,18,0,79,151,12411,13,5,76,2,1661
2157,29,1,89,158,18098,75,2,149,8,3038
2158,24,1,57,153,12116,100,1,174,8,2887
2159,32,1,54,194,16707,42,0,145,7,2536
2160,38,0,110,172,18765,41,5,162,8,3012
2161,36,0,114,192,4127,53,5,141,3,2079
2162,46,0,116,194,14100,118,2,97,3,2970
2163,42,0,69,192,12203,119,2,151,2,2746
2164,50,0,88,157,2208,46,5,144,1,1738
2165,49,1,104,188,12317,100,0,122,3,2743
2166,52,0,91,174,1036,101,3,161,3,2231
2167,61,1,84,165,19212,76,4,156,7,3134
2168,55,1,51,184,12252,69,2,153,10,2681
2169,43,0,90,166,8006,68,2,101,9,2417
2170,28,1,67,167,16067,45,4,178,1,2355
2171,52,0,90,176,6347,58,4,67,8,2131
2172,25,1,57,164,1809,60,0,89,1,1426
2173,63,0,65,166,5118,116,5,162,3,2481
2174,31,0,45,192,18910,17,2,123,4,2102
2175,27,1,63,154,14083,117,3,68,8,2837
2176,19,0,104,165,17879,59,0,156,1,2687
2177,63,1,77,164,14187,50,2,116,2,2293
2178,26,0,48,191,1424,110,1,166,5,2119
2179,20,0,47,183,2982,118,0,118,6,2226
2180,38,0,96,168,18852,47,3,152,5,2743
2181,43,1,72,157,16918,95,0,154,3,2887
2182,25,1,114,159,16398,87,0,126,10,3237
2183,19,0,114,154,12992,88,4,173,7,3038
2184,23,1,99,175,2233,64,0,161,1,1844
2185,45,0,101,171,10989,119,3,134,2,2798
2186,46,1,60,193,15546,77,5,64,9,2604
2187,43,1,68,172,9756,27,3,154,4,1994
2188,42,0,113,162,4019,74,1,143,8,2470
2189,29,0,85,158,2304,73,5,63,9,2042
2190,22,0,91,169,15144,21,2,67,7,2172
2191,51,0,113,177,17516,50,5,101,1,2529
2192,54,0,75,193,17832,51,3,94,5,2522
2193,32,1,74,186,11022,69,1,72,6,2242
2194,41,1,62,173,11350,59,4,172,8,2585
2195,53,0,88,193,12818,90,5,64,10,2824
2196,32,0,71,182,1849,92,5,99,8,2172
2197,60,0,70,169,4962,45,5,78,9,1908
2198,40,1,104,179,5854,57,1,141,9,2397
2199,23,0,62,193,2539,80,0,156,4,1978
2200,63,0,100,158,19283,82,3,63,6,2963
2201,61,1,75,194,3944,17,2,118,3,1559
2202,60,1,103,166,4244,34,0,77,1,1620
2203,62,1,46,185,14255,16,0,169,6,2224
2204,38,1,83,163,2591,115,1,83,1,2073
2205,40,0,105,168,16768,17,4,166,9,2738
2206,60,1,107,156,8855,97,0,152,6,2851
2207,33,1,62,152,19511,90,0,90,1,2600
2208,64,0,61,182,2601,85,4,117,3,1965
2209,32,0,83,193,13809,119,1,87,1,2622
2210,42,0,115,181,18606,40,2,68,2,2395
2211,53,1,98,160,6690,21,3,104,6,1897
2212,28,0,79,191,13521,66,0,149,7,2646
2213,32,1,55,151,2842,75,0,108,1,1671
2214,21,1,105,175,11483,21,2,170,10,2552
2215,38,1,88,153,9058,36,4,61,5,1877
2216,30,0,112,166,14704,55,3,65,6,2540
2217,39,1,69,166,6565,16,0,88,4,1538
2218,36,0,92,177,12088,70,2,85,6,2451
2219,51,0,76,179,5488,67,2,87,5,2009
2220,31,0,48,189,9906,67,1,66,7,2068
2221,21,1,82,172,2927,22,1,93,4,1443
2222,63,1,107,173,16512,62,3,115,1,2571
2223,44,1,91,178,9301,109,4,168,2,2660
2224,46,0,45,153,9457,74,2,69,6,2072
2225,64,1,47,187,6492,58,1,171,10,2363
2226,45,1,106,178,4223,44,4,164,2,1967
2227,52,1,108,168,1954,103,0,163,5,2491
2228,25,1,61,176,10541,104,4,116,4,2482
2229,33,1,106,178,16007,26,3,106,7,2437
2230,59,0,79,185,2574,81,4,145,4,2136
2231,53,0,57,184,16674,76,4,86,7,2643
2232,47,0,79,155,16426,19,3,98,8,2361
2233,35,0,87,172,8095,43,3,81,7,2022
2234,19,1,46,188,13023,95,5,178,2,2502
2235,30,0,100,193,4255,13,1,78,1,1368
2236,21,1,82,157,2058,105,5,159,5,2376
2237,43,0,98,151,2957,38,4,68,7,1751
2238,42,0,60,162,5944,55,3,78,1,1599
2239,47,0,62,189,6058,84,5,61,8,2158
2240,28,1,51,170,3519,55,2,151,3,1744
2241,24,1,89,180,12845,86,5,120,7,2755
2242,48,0,80,185,3570,68,2,118,3,1925
2243,61,1,85,187,8450,70,2,162,4,2424
2244,27,0,86,176,8703,77,0,145,8,2591
2245,56,0,51,185,16898,75,3,174,2,2630
2246,30,0,59,172,15389,43,0,129,6,2366
2247,48,1,104,170,16414,116,0,170,10,3546
2248,24,0,84,162,1744,95,2,130,9,2343
2249,59,0,81,186,4514,14,3,129,10,1981
2250,59,0,110,175,11871,18,2,92,9,2352
2251,53,1,99,189,14536,29,0,137,5,2437
2252,37,0,100,156,1175,30,5,124,3,1577
2253,21,1,88,188,17949,26,2,84,6,2308
2254,24,0,101,171,4217,21,2,129,9,1949
2255,18,1,50,188,16106,101,5,87,6,2662
2256,61,0,76,172,14696,91,3,77,4,2606
2257,62,0,118,179,10586,76,5,122,5,2698
2258,59,1,62,167,6802,14,0,150,7,1856
2259,64,1,112,191,8034,69,5,108,10,2654
2260,30,0,117,167,17263,62,1,125,3,2761
2261,39,1,51,159,10412,61,0,99,9,2256
2262,38,0,52,188,18331,87,4,144,1,2634
2263,39,0,108,179,9776,57,5,146,8,2562
2264,45,0,51,175,12054,99,3,178,5,2716
2265,26,1,85,156,10812,28,2,125,10,2355
2266,43,0,84,156,12399,114,5,139,9,3115
2267,26,1,47,154,15963,26,2,63,2,1808
2268,32,0,61,150,11768,63,3,93,1,2001
2269,27,1,110,167,1531,112,2,178,10,2821
2270,41,1,96,162,18615,115,4,64,7,3122
2271,59,0,66,174,19081,77,1,172,10,3275
2272,25,1,48,189,18929,115,3,157,9,3310
2273,41,0,50,157,12357,44,0,81,5,1979
2274,33,0,82,159,2437,97,4,169,4,2311
2275,43,0,70,181,6502,50,1,79,4,1819
2276,44,0,55,166,8608,22,5,162,8,2068
2277,54,0,61,187,6566,42,5,106,1,1649
2278,21,1,75,164,9808,24,1,173,1,1866
2279,41,0,79,164,5014,72,0,136,8,2346
2280,36,1,60,189,19640,24,0,167,2,2349
2281,53,1,62,169,14613,40,5,93,10,2455
2282,56,0,106,164,8399,116,1,103,6,2832
2283,27,1,71,184,1931,37,3,65,2,1319
2284,42,0,79,155,19713,19,4,115,5,2386
2285,35,1,89,179,17777,66,0,88,3,2534
2286,36,1,79,157,3465,80,4,156,7,2281
2287,53,1,72,180,16623,42,0,112,9,2628
2288,27,0,53,181,15008,16,3,60,2,1667
2289,50,1,59,194,9817,14,0,170,7,2050
2290,22,0,65,164,6988,99,5,118,8,2459
2291,64,1,96,167,8509,89,5,107,10,2773
2292,52,1,79,162,13849,66,5,177,8,2845
2293,61,1,95,173,12071,81,2,66,7,2615
2294,51,1,99,189,15081,95,3,145,4,2924
2295,50,0,88,163,14228,107,2,91,4,2750
2296,38,0,109,177,12614,49,2,137,10,2741
2297,34,1,69,160,11301,37,5,120,9,2263
2298,39,1,91,155,3781,119,3,116,10,2723
2299,54,0,100,174,11083,45,0,110,9,2494
2300,32,0,82,150,12374,65,0,147,5,2477
2301,52,0,55,174,2639,56,5,78,7,1716
2302,45,0,111,151,14838,80,3,86,7,2838
2303,24,1,59,181,9973,49,4,122,9,2267
2304,49,1,45,162,14982,68,3,119,7,2508
2305,28,0,51,182,13884,52,3,120,8,2379
2306,27,0,45,181,11248,101,2,120,7,2546
2307,26,0,93,173,11515,75,5,146,4,2527
2308,31,0,117,176,3274,18,0,104,2,1601
2309,30,0,73,153,11830,15,5,80,3,1776
2310,42,0,70,173,3480,74,3,103,7,2050
2311,19,1,89,172,7799,12,0,152,9,2064
2312,52,1,115,178,9547,83,1,60,2,2308
2313,24,1,56,183,15328,46,5,154,7,2476
2314,38,0,76,170,13679,117,3,150,4,2939
2315,35,0,64,179,14928,96,2,103,7,2760
2316,20,0,95,175,11659,42,3,159,5,2357
2317,59,1,80,169,7104,18,1,121,7,1939
2318,56,0,111,165,17547,62,0,120,6,2905
2319,58,0,45,152,13925,86,3,150,2,2465
2320,28,1,71,186,4381,101,4,138,7,2404
2321,56,0,84,189,3064,60,3,148,5,2061
2322,41,1,58,193,7589,80,4,171,9,2499
2323,63,1,113,174,8447,35,1,138,1,2056
2324,36,0,50,172,1339,25,0,163,1,1346
2325,21,1,77,193,6130,49,4,142,2,2389
2326,43,0,99,150,8733,99,2,170,8,2904
2327,55,1,63,182,14110,60,1,109,9,2572
2328,59,0,73,164,6049,48,2,134,7,2128
2329,49,1,105,166,11318,64,2,100,1,2231
2330,56,0,114,183,13633,105,4,92,7,3034
2331,62,1,68,166,16608,45,3,164,8,2749
2332,63,1,67,190,1638,115,0,146,7,2424
2333,53,1,54,193,8709,74,3,71,5,2085
2334,57,0,98,153,6143,94,4,61,7,2421
2335,54,0,85,162,2224,86,3,166,10,2535
2336,50,1,93,153,15466,99,0,80,2,2671
2337,53,0,61,156,16279,54,0,73,9,2515
2338,20,1,100,158,13102,18,1,93,2,1908
2339,26,0,89,172,5245,46,3,138,2,1832
2340,25,1,74,182,10741,96,4,144,5,2621
2341,50,0,88,182,8407,10,5,123,8,2020
2342,23,1,118,169,15790,75,4,82,6,2732
2343,58,1,99,153,16642,72,0,144,9,3071
2344,56,1,63,150,10567,52,0,109,6,2181
2345,21,1,73,191,9859,37,4,73,5,1855
2346,30,0,46,183,6768,109,1,144,1,2191
2347,19,1,80,176,19758,40,3,135,8,2740
2348,22,0,63,170,18399,114,2,165,3,3044
2349,61,0,51,173,1335,78,4,105,2,1714
2350,44,1,70,164,13953,110,5,177,7,3084
2351,49,0,82,184,16330,98,3,170,2,2900
2352,38,0,47,174,17464,17,0,64,1,1739
2353,25,0,110,158,3134,43,3,125,2,1755
2354,55,1,115,166,17641,112,4,81,6,3217
2355,25,0,87,170,1184,58,0,129,2,1710
2356,20,0,106,162,17506,105,0,167,1,3048
2357,61,1,115,152,9056,67,3,61,1,2097
2358,20,1,68,153,8263,84,5,88,4,2121
2359,39,0,83,153,14191,56,1,120,8,2602
2360,23,1,112,192,4514,34,3,159,6,2115
2361,19,0,88,177,7077,12,5,130,4,1723
2362,40,0,49,156,18778,54,2,75,6,2423
2363,61,0,99,175,3352,61,1,123,6,2147
2364,19,1,74,160,16716,105,5,156,9,3193
2365,55,0,73,173,10500,108,0,156,4,2740
2366,34,1,70,192,15992,105,1,73,6,2767
2367,52,1,70,159,11133,43,5,102,10,2389
2368,51,0,81,186,7405,110,5,135,1,2394
2369,40,1,97,162,17874,78,4,102,7,2942
2370,47,1,74,193,18438,118,5,129,7,3280
2371,25,1,47,191,18085,101,3,114,1,2587
2372,39,1,87,188,3934,101,3,135,8,2525
2373,61,1,51,168,15347,17,1,176,5,2254
2374,53,0,93,168,14502,36,3,90,9,2485
2375,22,1,117,161,14711,89,1,135,8,3116
2376,30,0,85,171,14848,72,2,133,3,2545
2377,46,0,98,186,15426,91,2,99,1,2602
2378,48,0,113,179,5695,34,0,86,3,1811
2379,64,0,71,161,17203,67,1,111,2,2538
2380,33,0,52,178,16860,57,1,174,2,2492
2381,59,0,76,170,15097,10,5,66,4,1938
2382,47,1,108,160,15636,17,4,105,2,2182
2383,33,1,54,186,9843,30,3,159,8,2182
2384,29,1,57,167,17800,107,4,92,5,2795
2385,34,0,107,193,16573,97,3,150,1,2915
2386,33,1,79,176,6566,110,1,67,6,2406
2387,29,1,105,186,6999,99,5,64,7,2483
2388,25,1,98,161,4866,87,5,120,1,2083
2389,37,0,52,172,9937,38,3,131,3,1885
2390,20,1,73,183,3002,39,0,163,9,2043
2391,33,0,85,187,17623,12,4,119,7,2378
2392,47,1,74,172,19328,16,2,144,4,2371
2393,62,0,65,174,10047,109,5,83,6,2584
2394,40,0,55,153,16925,20,2,66,6,2041
2395,45,0,46,179,13707,41,1,120,3,2028
2396,57,1,94,179,11790,68,5,142,2,2434
2397,22,1,85,162,16301,21,5,154,5,2363
2398,37,0,110,191,16596,88,4,95,8,3025
2399,57,1,47,163,2353,47,0,86,3,1458
2400,61,0,95,157,11227,33,1,88,5,2129
2401,18,0,112,173,16828,74,0,146,3,2833
2402,47,1,69,167,18063,27,1,79,7,2345
2403,38,1,74,184,9678,55,3,129,6,2253
2404,37,1,55,174,13910,65,4,135,6,2467
2405,23,0,61,166,7864,72,0,173,1,2118
2406,39,0,70,181,15716,16,4,135,2,2064
2407,35,1,67,173,18868,115,3,173,6,3258
2408,25,0,100,156,16150,114,4,62,8,3045
2409,56,1,96,162,18074,75,2,165,5,3042
2410,49,0,92,176,7125,49,4,98,2,1856
2411,50,1,64,154,10204,63,4,158,5,2366
2412,33,1,46,185,3347,40,3,142,9,1842
2413,29,0,75,175,15743,106,3,104,6,2865
2414,55,1,71,191,4708,61,1,127,5,2005
2415,51,1,46,194,11114,103,3,90,10,2706
2416,31,0,48,180,1637,40,1,165,6,1711
2417,53,1,57,159,6866,43,1,97,9,2010
2418,50,0,79,175,4008,16,2,156,7,1830
2419,40,1,116,171,17251,98,0,65,10,3204
2420,62,0,110,161,6600,25,5,67,3,1786
2421,19,1,50,181,12649,31,3,87,10,2124
2422,58,1,75,176,12366,109,1,74,10,2866
2423,38,1,54,182,12880,62,3,154,5,2401
2424,19,1,65,169,18783,100,4,67,4,2708
2425,44,0,118,188,18889,26,0,113,5,2626
2426,26,0,67,190,9441,13,1,65,8,1757
2427,18,0,47,189,6320,70,1,88,6,1913
2428,41,0,76,162,9727,108,3,174,4,2688
2429,20,0,64,163,12724,114,4,169,5,2887
2430,40,0,118,193,7443,95,0,93,7,2620
2431,43,0,73,189,14394,61,0,66,8,2451
2432,21,1,96,171,7952,44,0,99,5,2026
2433,35,1,90,167,9649,53,2,133,2,2129
2434,23,1,78,178,4369,24,4,72,6,1593
2435,52,1,105,192,8983,70,0,121,9,2677
2436,39,0,116,165,12888,113,2,145,3,2981
2437,60,0,115,184,6635,53,5,144,7,2472
2438,32,0,114,183,5069,30,1,175,8,2271
2439,39,1,55,152,7251,86,1,124,6,2278
2440,54,0,107,153,12579,56,1,100,3,2356
2441,59,1,65,154,6737,84,1,101,1,2003
2442,29,0,47,159,10439,58,5,175,3,2115
2443,64,0,54,178,3573,62,2,125,6,1958
2444,59,0,71,181,1125,36,2,175,4,1715
2445,55,0,56,180,10421,40,4,152,1,1946
2446,35,1,51,151,12403,53,5,70,6,2069
2447,62,1,61,161,2306,41,2,160,1,1604
2448,52,0,109,176,3101,39,0,109,8,2030
2449,47,1,108,154,15681,27,5,130,3,2359
2450,41,0,70,186,1135,72,3,94,3,1711
2451,59,0,59,176,8311,25,0,153,1,1725
2452,47,0,77,172,18843,44,0,139,3,2522
2453,31,0,106,182,1812,71,1,138,7,2193
2454,23,1,91,153,11130,18,3,163,10,2407
2455,20,0,79,170,18254,71,0,79,8,2730
2456,33,0,109,173,16227,48,0,87,8,2667
2457,24,1,116,193,14760,60,2,96,3,2528
2458,31,0,69,180,9826,110,4,62,5,2400
2459,26,1,101,193,14939,19,5,152,1,2146
2460,32,0,76,173,1668,61,1,118,9,2041
2461,38,0,107,159,18677,21,2,160,8,2769
2462,52,0,56,151,9460,81,4,132,10,2622
2463,19,0,107,180,9673,71,4,86,2,2175
2464,44,0,45,174,4390,12,4,91,10,1619
2465,19,1,95,153,10453,92,1,107,1,2351
2466,52,1,114,160,16904,20,5,105,4,2405
2467,35,0,52,166,16396,17,2,173,9,2445
2468,31,1,112,193,5334,99,2,162,8,2758
2469,37,1,49,151,17285,118,5,154,3,2928
2470,35,0,83,155,3235,32,5,106,10,1947
2471,27,1,67,158,6019,19,4,149,6,1789
2472,42,0,112,154,19961,27,1,99,9,2844
2473,19,1,96,169,1675,85,3,62,10,2172
2474,42,0,48,178,19823,48,0,134,8,2697
2475,50,1,91,170,10873,35,3,175,10,2599
2476,53,1,65,158,6587,20,1,88,5,1620
2477,48,0,100,177,6945,19,3,150,9,2199
2478,31,1,110,157,5767,12,0,117,9,1995
2479,18,0,103,180,8004,71,5,109,3,2183
2480,63,0,51,169,8728,80,4,170,8,2566
2481,33,0,93,176,7609,70,5,69,4,2068
2482,63,0,60,157,8131,13,2,120,10,2002
2483,20,0,61,170,18696,70,1,158,7,2878
2484,52,1,119,177,5099,113,4,170,10,3055
2485,58,1,78,172,19038,17,4,120,8,2544
2486,23,1,77,155,16859,111,1,82,7,2939
2487,42,0,70,152,16582,22,4,65,5,2106
2488,30,1,110,154,18669,21,5,134,1,2327
2489,51,1,107,158,12639,44,4,119,8,2564
2490,25,1,85,156,6180,111,2,166,5,2634
2491,38,1,102,153,18763,63,4,174,3,2887
2492,51,1,54,188,17192,60,3,86,2,2256
2493,21,0,59,154,18029,52,3,114,3,2359
2494,42,0,86,160,6412,109,4,90,9,2581
2495,32,1,101,164,5652,75,5,89,2,2019
2496,21,0,61,183,7834,24,5,126,10,1997
2497,62,0,104,162,5451,58,4,72,1,1835
2498,29,1,53,156,8084,43,5,118,2,1746
2499,49,1,80,189,13862,48,1,113,2,2213
2500,49,0,117,155,15692,35,2,163,5,2663
2501,45,1,80,188,17748,78,4,80,1,2461
2502,30,0,92,179,3655,57,0,102,10,2163
2503,48,0,95,171,8433,98,5,70,8,2559
2504,31,1,114,174,2314,60,2,168,2,2055
2505,37,0,118,177,15902,107,4,126,6,3171
2506,35,0,112,169,6272,13,0,97,5,1788
2507,46,0,66,188,1218,107,0,154,2,2061
2508,23,1,50,152,5703,36,1,83,10,1780
2509,49,1,70,154,16994,51,5,165,1,2446
2510,46,1,119,150,2539,65,1,110,6,2227
2511,60,1,47,164,14145,102,3,135,6,2772
2512,19,0,96,175,18986,78,5,120,3,2815
2513,40,1,118,152,6064,27,5,105,8,2094
2514,36,1,104,189,14788,70,2,102,9,2867
2515,48,1,107,190,18489,13,4,86,3,2265
2516,22,1,109,191,12603,10,5,144,9,2356
2517,36,0,96,183,3488,59,1,148,8,2237
2518,51,0,58,154,19802,93,5,89,5,2807
2519,27,0,116,180,17411,79,1,153,6,3077
2520,42,1,112,162,9207,29,4,122,1,1959
2521,19,1,72,192,13770,29,2,69,5,1962
2522,28,0,115,150,8977,55,0,62,10,2397
2523,48,1,54,171,5661,36,1,136,10,2063
2524,32,1,101,164,5549,35,0,119,7,2023
2525,26,0,110,175,16029,41,3,86,1,2249
2526,40,0,94,167,5973,19,4,141,10,2111
2527,36,1,58,158,9436,91,3,104,9,2542
2528,26,1,60,150,11086,114,3,121,7,2757
2529,52,1,98,192,18740,21,4,83,4,2308
2530,38,0,87,158,7964,83,0,105,4,2268
2531,26,0,86,172,15842,97,4,137,10,3156
2532,45,0,66,192,2745,33,2,162,7,1843
2533,63,0,112,194,13697,60,5,103,6,2677
2534,24,1,63,151,4879,47,1,122,3,1703
2535,33,0,110,163,19499,55,3,63,9,2851
2536,33,0,83,187,3267,98,1,75,6,2181
2537,50,1,117,189,19651,17,5,110,2,2461
2538,21,1,63,167,10688,64,4,133,10,2475
2539,21,1,60,165,16065,87,1,171,2,2642
2540,56,0,98,178,11988,116,4,160,1,2876
2541,57,1,69,193,5481,40,5,150,5,1971
2542,34,1,62,160,1929,97,3,107,10,2299
2543,54,0,67,155,8773,25,5,124,6,2003
2544,56,0,55,152,4324,29,3,128,3,1577
2545,46,1,83,163,5587,47,0,136,4,1995
2546,53,0,112,151,1356,24,5,104,5,1741
2547,55,1,69,181,16787,87,2,62,4,2576
2548,56,1,107,180,6499,85,5,76,9,2514
2549,54,0,74,160,4841,43,1,142,3,1845
2550,52,1,89,171,13122,81,3,96,5,2622
2551,24,0,105,152,14409,28,3,64,7,2295
2552,44,0,95,180,8059,119,1,106,7,2788
2553,45,0,53,182,1665,78,4,165,6,2053
2554,39,1,46,173,11220,100,4,103,9,2602
2555,31,0,49,150,11774,72,0,147,7,2464
2556,24,0,106,193,1553,114,3,166,4,2442
2557,54,1,113,164,14860,86,2,92,10,3060
2558,39,1,96,186,8045,41,2,178,9,2476
2559,22,1,49,176,10380,104,0,80,6,2354
2560,19,1,103,187,1149,114,0,126,1,2157
2561,44,0,112,176,17373,119,4,127,9,3518
2562,38,0,53,193,14343,46,0,174,7,2477
2563,55,0,66,161,3853,75,0,91,6,1993
2564,32,1,71,152,11128,16,1,83,6,1823
2565,38,1,54,179,13580,57,3,175,4,2417
2566,27,0,105,181,16254,20,0,94,4,2203
2567,40,1,95,172,3736,84,0,77,3,2008
2568,56,1,54,151,1956,96,4,126,8,2231
2569,22,0,50,156,12440,40,5,162,8,2365
2570,18,0,106,183,6180,53,0,113,2,1971
2571,30,1,49,181,9607,54,1,85,5,1898
2572,38,1,114,188,12646,81,0,119,9,2969
2573,43,1,107,181,15342,65,1,176,9,3075
2574,62,0,100,192,6013,41,1,147,7,2227
2575,38,0,103,192,1084,30,5,124,4,1647
2576,35,0,107,163,2935,40,1,110,4,1795
2577,54,0,103,152,10608,10,3,173,10,2495
2578,62,0,95,181,10262,86,3,157,7,2764
2579,49,1,94,192,12604,20,4,119,3,2102
2580,53,1,48,185,10713,102,0,118,3,2418
2581,34,1,92,166,18885,77,2,135,5,2946
2582,52,0,76,152,3473,45,1,76,6,1733
2583,28,0,95,159,1735,88,4,144,8,2351
2584,38,0,96,189,3838,68,0,80,1,1798
2585,43,1,118,167,3562,76,5,126,7,2409
2586,21,0,78,152,14440,65,0,167,8,2758
2587,51,1,80,188,4906,60,0,87,5,1953
2588,35,1,114,159,2272,38,5,148,10,2189
2589,57,0,87,158,5836,94,4,103,2,2198
2590,52,1,60,160,2862,11,3,129,4,1448
2591,58,0,103,182,5226,15,5,121,6,1891
2592,46,0,82,185,13610,40,2,101,9,2498
2593,46,1,63,175,10014,63,0,153,2,2173
2594,55,1,85,176,17926,97,2,155,4,3080
2595,59,1,91,187,7209,49,5,81,10,2271
2596,38,1,98,171,11270,26,3,97,5,2028
2597,59,1,99,175,18268,14,1,73,8,2430
2598,30,1,63,171,4649,11,3,157,8,1730
2599,58,0,106,154,15126,67,4,166,2,2723
2600,34,0,103,184,17073,21,4,170,6,2617
2601,26,1,109,151,4666,14,3,85,6,1686
2602,58,0,112,184,14357,115,5,99,5,3048
2603,18,1,72,158,16448,69,0,113,8,2674
2604,19,0,62,167,10913,50,4,72,10,2184
2605,46,1,70,192,9566,29,2,153,2,1892
2606,50,0,63,161,16605,81,0,78,2,2444
2607,27,0,99,152,1557,10,2,101,7,1568
2608,57,0,101,167,10472,65,3,100,9,2628
2609,38,0,50,187,12615,79,2,109,3,2274
2610,45,0,45,156,7040,65,0,162,7,2239
2611,28,1,52,182,14884,63,0,62,3,2072
2612,51,1,95,155,2128,20,2,90,6,1640
2613,25,1,69,167,18744,12,1,135,3,2204
2614,39,0,91,194,10292,104,5,74,1,2344
2615,25,1,99,171,6349,37,2,113,6,2016
2616,32,0,108,188,13319,116,0,112,3,2908
2617,34,0,54,158,10823,14,2,104,1,1552
2618,40,0,100,184,1057,99,2,97,5,2176
2619,41,1,56,172,9503,25,0,163,8,2115
2620,62,0,77,161,11193,40,0,137,8,2426
2621,36,1,115,173,6493,37,1,158,8,2332
2622,22,1,61,189,4877,16,2,139,3,1494
2623,49,0,105,158,3282,111,0,109,8,2601
2624,61,0,54,162,12375,18,4,83,4,1792
2625,18,1,75,189,2431,48,2,76,8,1710
2626,40,1,104,191,13526,108,5,77,3,2739
2627,54,1,114,166,2775,52,4,101,3,1885
2628,25,1,61,156,12351,36,2,76,1,1775
2629,30,1,94,166,15639,85,1,75,8,2841
2630,25,1,81,173,5385,98,2,144,8,2564
2631,40,0,106,151,16203,116,4,147,9,3453
2632,60,1,116,184,4974,102,2,157,6,2750
2633,18,1,73,177,6905,104,5,111,2,2214
2634,62,1,76,168,5465,107,1,95,1,2184
2635,41,1,55,182,7945,42,3,166,8,2179
2636,52,0,50,170,12058,100,1,150,10,2858
2637,41,0,79,159,13636,65,2,98,4,2386
2638,34,1,77,194,3302,11,5,140,7,1690
2639,22,1,62,158,5966,23,2,84,10,1761
2640,37,1,81,187,14447,22,0,174,4,2309
2641,38,0,57,155,19426,33,1,161,1,2339
2642,57,0,118,191,15162,78,5,101,8,3010
2643,48,0,108,184,17058,43,5,80,10,2770
2644,63,0,45,167,9714,96,1,127,9,2605
2645,53,0,107,168,11899,28,1,148,10,2594
2646,28,0,78,154,3998,39,1,118,9,1952
2647,32,1,54,174,1909,58,3,89,9,1808
2648,36,0,51,160,13729,52,2,116,4,2179
2649,24,0,100,159,2880,25,1,92,9,1813
2650,45,1,81,166,13497,61,2,162,4,2551
2651,60,0,73,185,19944,113,0,149,2,3111
2652,22,1,56,175,8527,107,1,148,10,2757
2653,22,0,61,180,6696,58,1,112,3,1818
2654,47,1,92,181,4072,20,0,75,2,1438
2655,49,1,70,170,13018,87,5,108,1,2332
2656,25,1,56,167,5476,56,3,147,6,2011
2657,27,1,65,167,12067,88,0,64,4,2272
2658,55,1,86,150,5489,44,1,177,7,2254
2659,64,0,105,163,17219,80,5,178,7,3221
2660,49,1,102,157,15367,38,4,165,10,2864
2661,45,1,98,151,7855,117,3,162,1,2625
2662,34,1,78,164,4097,63,3,136,9,2228
2663,48,1,51,183,12817,95,5,153,8,2822
2664,25,0,79,185,2084,32,4,119,10,1842
2665,57,1,59,150,1552,33,0,130,1,1393
2666,42,1,109,170,2153,108,3,170,8,2705
2667,26,1,69,191,19629,19,5,140,5,2404
2668,19,1,103,150,19070,70,3,114,1,2640
2669,32,0,50,181,18077,17,2,150,4,2213
2670,20,1,96,169,9689,57,4,94,7,2286
2671,53,1,65,185,14483,85,0,128,5,2666
2672,21,0,115,188,16034,102,4,101,3,2934
2673,31,1,76,179,13159,38,0,128,4,2152
2674,58,1,97,156,1805,96,4,83,2,2019
2675,58,0,103,171,1920,35,5,130,8,2005
2676,42,0,113,194,14162,46,4,130,2,2427
2677,27,0,106,159,2443,105,4,177,6,2588
2678,38,1,48,157,8048,61,2,114,7,2102
2679,53,1,62,176,14707,47,3,73,7,2304
2680,29,0,100,159,18929,15,5,114,1,2270
2681,44,0,68,163,2210,17,5,74,8,1493
2682,57,0,110,160,17004,26,3,64,9,2560
2683,19,1,57,155,11272,85,2,160,7,2575
2684,30,1,106,170,7212,71,1,63,8,2291
2685,49,0,98,182,11340,95,0,89,4,2586
2686,48,1,59,168,10700,87,0,143,8,2658
2687,33,0,113,188,18297,43,2,112,3,2573
2688,49,1,47,173,9581,28,3,149,1,1746
2689,49,1,81,167,14045,79,4,132,8,2825
2690,51,1,81,184,3570,91,4,89,6,2230
2691,28,1,47,192,3779,109,0,167,9,2506
2692,27,0,107,186,19360,46,1,171,3,2801
2693,32,1,79,168,12628,47,0,145,8,2504
2694,34,1,96,173,18178,24,2,163,9,2775
2695,57,0,72,172,2722,111,5,164,9,2629
2696,35,1,62,171,14885,49,2,167,7,2544
2697,26,0,80,153,18282,18,5,153,10,2634
2698,42,0,77,159,1102,62,2,143,3,1818
2699,57,1,108,151,14262,79,5,151,3,2789
2700,31,1,70,157,8453,75,0,120,2,2093
2701,42,0,92,182,10639,89,3,130,1,2458
2702,39,0,84,187,13406,61,2,176,2,2507
2703,47,0,61,192,19416,10,3,127,5,2283
2704,37,1,84,177,13224,39,3,151,1,2165
2705,38,0,51,159,7172,106,1,114,10,2576
2706,61,0,101,194,12252,10,0,158,4,2237
2707,49,0,52,150,18918,48,0,156,10,2859
2708,63,1,100,183,8197,25,0,130,10,2385
2709,38,0,75,152,14677,26,3,132,1,2012
2710,52,1,103,158,12039,111,3,157,10,3280
2711,49,1,102,154,5570,91,4,162,8,2723
2712,47,0,56,191,7706,31,0,101,5,1781
2713,56,1,92,159,12655,95,1,157,10,3148
2714,29,0,75,161,1434,108,1,136,4,2164
2715,58,1,107,167,16139,40,4,88,3,2365
2716,64,1,118,170,10449,49,2,94,9,2560
2717,35,0,83,170,10122,36,3,104,6,2111
2718,38,0,64,150,14603,45,5,133,1,2169
2719,30,0,92,152,11991,13,3,153,8,2284
2720,38,1,115,154,14859,78,2,167,10,3216
2721,25,1,98,174,16571,34,4,149,2,2391
2722,63,0,119,157,7461,104,3,158,9,3054
2723,57,0,115,166,6996,87,0,151,7,2761
2724,63,1,73,158,5852,39,3,88,3,1702
2725,24,1,118,181,3512,56,3,175,4,2184
2726,40,1,117,155,16446,21,0,129,3,2401
2727,61,0,92,189,2263,36,1,62,6,1656
2728,49,1,118,170,3747,54,4,152,9,2394
2729,28,0,100,156,16416,97,2,116,10,3228
2730,39,1,61,156,8280,72,4,125,9,2397
2731,39,1,53,188,11974,64,5,178,1,2255
2732,60,0,78,176,18477,39,0,81,10,2702
2733,42,0,89,157,11978,91,4,169,6,2835
2734,39,0,53,158,12007,23,1,170,1,1874
2735,45,1,51,177,4763,65,4,173,4,2023
2736,46,1,60,164,13227,28,0,86,7,2080
2737,30,1,63,151,14031,95,4,174,4,2763
2738,35,0,50,156,11515,35,1,81,9,2072
2739,19,1,55,167,1232,80,5,133,10,2129
2740,46,0,105,171,19485,101,3,175,5,3373
2741,38,0,86,159,13544,47,0,172,9,2726
2742,32,0,57,182,3028,78,4,108,1,1669
2743,44,1,56,156,19313,45,3,142,4,2507
2744,48,1,118,152,17022,27,4,83,7,2541
2745,32,0,64,163,10650,66,1,86,2,1993
2746,40,1,94,193,19361,87,5,95,9,3141
2747,41,0,80,185,3413,32,4,166,3,1768
2748,61,0,113,162,9026,23,1,76,4,1985
2749,30,1,81,165,6418,105,1,115,4,2343
2750,39,0,56,165,10952,78,5,69,8,2332
2751,60,0,84,154,4597,31,3,113,2,1639
2752,54,1,98,174,18762,37,4,140,5,2675
2753,50,0,46,187,1620,52,1,167,2,1617
2754,20,0,94,187,1929,85,3,133,6,2164
2755,36,0,85,187,16455,27,5,133,9,2589
2756,40,0,89,188,15905,109,5,97,9,3129
2757,46,0,53,190,1974,104,0,140,1,1951
2758,47,0,106,175,13679,86,5,149,4,2849
2759,56,0,91,162,19073,93,2,149,4,3083
2760,61,1,49,193,5671,118,5,174,1,2346
2761,64,1,45,175,14599,45,5,157,10,2621
2762,42,0,88,150,13810,16,1,63,2,1811
2763,54,0,66,157,9917,32,0,109,6,1976
2764,64,1,82,153,9353,43,5,150,10,2531
2765,25,1,63,170,8784,105,3,120,3,2361
2766,59,1,75,171,15225,30,1,80,9,2404
2767,33,1,111,186,1658,79,5,95,3,1956
2768,25,1,86,152,3897,89,1,161,3,2192
2769,18,0,70,168,13291,108,0,105,9,2885
2770,61,1,57,150,19926,56,5,154,3,2641
2771,22,1,102,178,14572,62,3,130,6,2688
2772,20,1,62,172,4205,93,2,103,6,2118
2773,18,0,111,182,5044,115,3,123,1,2386
2774,21,0,47,190,4433,50,3,157,7,1923
2775,57,0,99,172,7711,84,5,77,9,2588
2776,52,0,102,154,8384,41,1,147,9,2465
2777,49,0,107,156,18261,23,3,72,9,2591
2778,59,0,96,155,18475,97,1,72,2,2816
2779,51,1,68,171,4059,117,4,84,1,2065
2780,60,0,116,162,16915,112,4,64,6,3123
2781,42,0,53,161,8513,116,2,98,6,2521
2782,27,1,81,153,14865,104,2,88,4,2699
2783,38,0,97,157,2674,26,3,167,8,2018
2784,63,1,68,186,10800,34,1,116,5,2058
2785,56,1,65,180,14978,73,2,105,7,2651
2786,44,0,84,186,17697,82,3,92,9,2970
2787,44,1,106,194,17767,95,0,147,1,2961
2788,19,1,114,175,6884,118,3,69,9,2754
2789,58,1,113,192,19196,57,4,117,4,2851
2790,30,1,58,157,19708,44,1,84,7,2487
2791,26,0,86,189,14383,46,0,164,4,2486
2792,53,1,94,182,6248,64,0,133,4,2169
2793,39,0,105,194,4429,26,2,98,4,1737
2794,59,1,48,178,17611,37,5,75,6,2246
2795,43,1,116,154,11256,10,2,119,5,2389
2796,29,1,119,177,9203,62,0,87,2,2212
2797,34,0,61,189,8765,82,4,135,9,2503
2798,31,0,101,166,2522,64,4,103,6,1977
2799,31,0,92,172,1691,70,4,117,10,2236
2800,51,1,88,194,2739,22,2,91,6,1618
2801,37,1,89,158,2525,56,2,122,9,2134
2802,28,1,77,151,17453,73,5,174,1,2624
2803,33,1,75,181,7251,41,2,152,7,2174
2804,48,0,91,172,11440,37,2,104,3,2099
2805,23,1,50,156,14860,62,3,112,4,2266
2806,36,0,116,179,8649,40,0,120,1,1979
2807,54,1,115,152,2287,17,2,109,3,1583
2808,21,0,78,158,14193,81,1,86,7,2583
2809,64,0,97,159,9767,107,0,85,6,2726
2810,21,1,58,175,16913,96,5,62,1,2364
2811,37,1,60,150,16629,83,4,149,9,2925
2812,27,0,87,179,5954,110,3,98,4,2365
2813,41,1,117,187,1744,34,3,124,7,1968
2814,52,1,118,164,11719,42,2,94,4,2341
2815,43,0,56,174,13402,118,1,112,7,2845
2816,54,0,114,155,5576,77,1,150,5,2454
2817,55,0,63,167,10216,16,2,105,1,1568
2818,38,0,85,150,17363,106,4,127,4,2967
2819,57,1,97,152,18325,75,4,142,3,2869
2820,56,0,73,166,6050,55,1,81,6,1944
2821,38,0,114,157,14948,105,1,119,6,3079
2822,27,0,103,189,18151,14,2,65,1,2045
2823,55,1,108,166,3438,119,5,111,2,2417
2824,63,0,68,174,11382,26,2,132,2,1928
2825,21,1,60,190,15663,85,1,134,10,2907
2826,62,0,96,161,15069,61,3,145,4,2653
2827,37,0,50,178,9819,21,0,170,9,2131
2828,34,1,81,174,17760,71,0,132,2,2599
2829,24,0,48,185,13078,44,0,88,8,2143
2830,21,0,82,174,17473,71,3,102,1,2486
2831,46,1,85,178,12047,30,0,133,8,2361
2832,31,0,58,160,10257,94,3,93,3,2233
2833,20,0,115,153,14805,75,4,90,5,2684
2834,41,0,95,163,17212,62,0,145,1,2590
2835,54,0,109,187,11296,30,5,105,1,2056
2836,33,1,96,166,15570,24,2,63,6,2212
2837,21,0,74,151,3655,84,3,61,3,1776
2838,41,1,101,157,15727,83,0,64,8,2855
2839,51,0,74,185,18899,91,2,105,4,2872
2840,47,1,86,159,4017,32,3,138,6,1904
2841,35,0,55,156,15142,40,2,78,10,2372
2842,36,1,71,185,8343,63,2,97,9,2303
2843,48,0,68,165,13339,64,1,118,8,2579
2844,36,1,83,163,2573,35,4,138,4,1706
2845,63,1,116,165,6597,62,2,169,10,2756
2846,36,0,62,174,4926,75,3,131,8,2217
2847,39,1,89,190,11244,48,4,79,7,2282
2848,41,0,56,153,4796,16,0,135,5,1594
2849,62,0,93,178,9823,97,0,127,7,2790
2850,29,0,75,155,11053,48,0,112,7,2268
2851,47,0,66,150,18616,41,3,161,10,2868
2852,55,0,88,188,19648,35,3,166,2,2635
2853,48,1,108,150,19431,96,5,114,7,3286
2854,53,0,69,189,1535,87,2,177,3,2106
2855,36,0,95,152,16701,38,0,98,8,2514
2856,62,0,51,150,8884,34,0,95,8,1997
2857,53,0,50,150,12725,65,4,117,9,2521
2858,47,0,68,188,7881,40,4,74,4,1818
2859,50,0,63,170,14017,75,2,60,10,2569
2860,35,1,53,194,10467,11,5,154,3,1753
2861,45,1,80,179,4073,96,3,68,9,2284
2862,64,0,84,181,16963,56,2,82,9,2725
2863,28,1,68,182,2025,84,2,111,2,1833
2864,62,0,92,171,3051,38,2,85,6,1762
2865,50,0,107,179,4621,115,0,163,3,2597
2866,34,0,113,153,15405,108,3,167,5,3229
2867,23,0,97,172,5403,58,0,162,2,2055
2868,21,0,98,193,4323,82,4,119,4,2154
2869,37,1,86,174,6017,41,0,77,3,1662
2870,64,1,89,161,7435,39,4,156,2,2050
2871,44,1,58,166,16492,24,4,164,6,2381
2872,32,1,73,164,14170,71,5,162,3,2521
2873,23,0,50,159,6816,87,2,137,4,2150
2874,64,1,51,184,5604,26,1,117,6,1747
2875,31,0,81,178,4424,31,5,124,5,1752
2876,28,1,97,161,15628,39,5,136,4,2429
2877,56,1,62,150,12861,90,3,175,4,2710
2878,26,1,82,150,13501,25,1,138,2,2058
2879,43,1,103,159,3812,61,4,160,10,2469
2880,33,0,45,167,1044,17,4,128,4,1258
2881,22,1,112,151,18017,73,0,73,8,2932
2882,27,1,88,157,10402,48,2,137,5,2241
2883,20,0,91,171,9785,40,3,105,10,2315
2884,30,0,79,171,15581,21,2,128,10,2482
2885,60,1,104,175,2926,42,2,134,8,2093
2886,47,0,96,175,1856,67,4,91,6,1983
2887,62,0,52,158,6988,21,2,110,10,1933
2888,23,0,85,170,9743,34,1,128,5,2060
2889,34,1,47,180,5138,47,0,159,4,1823
2890,62,0,113,192,12080,57,3,74,10,2667
2891,36,1,58,155,17082,91,4,112,9,2958
2892,59,1,70,163,15870,92,5,130,10,3096
2893,52,1,114,182,1606,64,5,128,5,2107
2894,63,1,102,156,9863,12,1,153,10,2370
2895,43,0,84,173,6022,108,3,74,6,2355
2896,22,1,95,158,17400,78,5,89,7,2846
2897,46,0,49,160,6149,44,4,137,1,1619
2898,54,1,76,172,6311,60,1,83,9,2177
2899,37,0,45,151,3484,36,4,147,8,1819
2900,38,1,98,164,16012,46,1,94,5,2449
2901,27,0,55,184,16833,119,4,128,3,2847
2902,22,1,97,185,12041,94,1,71,5,2518
2903,53,1,52,177,4807,25,1,143,5,1666
2904,23,0,69,188,4173,101,4,105,9,2356
2905,43,1,84,193,18857,34,1,128,7,2645
2906,21,1,76,153,15212,42,1,179,2,2358
2907,56,1,72,159,11199,71,2,95,5,2339
2908,56,0,47,155,3412,26,2,144,9,1836
2909,52,1,106,179,17093,52,5,107,2,2515
2910,18,1,71,184,19535,39,0,162,8,2776
2911,41,0,89,192,4182,50,3,126,3,1851
2912,53,0,69,159,2014,13,0,152,4,1545
2913,23,0,105,181,18988,75,4,113,2,2761
2914,58,0,88,191,18253,69,5,148,9,3110
2915,63,0,90,191,7913,18,5,150,6,2049
2916,61,1,58,152,3727,40,1,95,9,1871
2917,48,1,52,175,3852,98,5,111,8,2268
2918,37,1,92,164,10077,110,3,81,9,2814
2919,41,0,58,166,19992,109,3,97,5,2963
2920,42,1,109,176,2273,78,5,158,6,2325
2921,53,0,51,167,8649,33,1,121,7,1935
2922,38,0,93,168,2955,33,0,124,5,1764
2923,47,1,99,161,9778,102,2,62,1,2320
2924,41,0,57,173,5549,54,4,147,9,2140
2925,61,0,117,154,16863,104,2,67,2,2881
2926,59,1,100,173,12809,46,5,171,7,2682
2927,47,0,100,176,9302,67,4,177,8,2711
2928,39,0,59,179,9100,92,1,98,8,2440
2929,45,1,101,164,3911,32,1,77,1,1530
2930,24,0,102,187,13091,44,1,164,10,2740
2931,52,0,79,193,10099,72,2,62,7,2348
2932,45,1,60,183,6663,15,1,77,9,1720
2933,31,1,52,176,12881,15,0,139,3,1871
2934,27,1,89,169,15368,110,2,155,8,3189
2935,33,1,84,190,17938,39,2,176,8,2819
2936,33,0,98,181,9298,10,1,60,9,1911
2937,48,0,58,153,4336,72,3,176,8,2315
2938,59,1,103,154,7369,17,2,85,5,1841
2939,42,0,97,157,3534,37,2,111,5,1864
2940,30,0,71,171,3226,98,5,171,3,2215
2941,23,1,91,191,10585,42,4,71,6,2044
2942,61,1,50,156,1166,62,1,97,10,1916
2943,26,0,99,171,11902,47,1,144,3,2304
2944,62,1,88,179,4624,61,0,100,2,1870
2945,53,1,62,186,19731,87,3,112,7,2969
2946,60,1,60,165,18788,20,5,72,10,2411
2947,37,0,56,164,10717,11,5,179,3,1874
2948,35,1,64,154,13601,62,5,135,4,2382
2949,60,0,89,152,14103,103,2,72,10,3058
2950,38,0,108,172,14030,103,3,77,8,2969
2951,21,0,103,159,3774,77,5,78,1,1848
2952,50,1,66,154,10017,86,2,78,9,2498
2953,44,1,91,172,11150,16,5,174,6,2304
2954,24,1,73,164,4739,111,0,129,2,2237
2955,23,1,89,167,15911,76,0,107,3,2565
2956,32,1,53,174,5464,18,1,130,5,1628
2957,35,0,68,157,13381,87,1,130,6,2663
2958,49,0,59,180,14746,72,4,87,9,2688
2959,28,0,80,170,5094,20,4,178,2,1737
2960,37,1,57,151,3930,46,4,151,5,1826
2961,41,0,88,171,1763,23,5,78,7,1588
2962,32,0,115,157,12552,28,3,139,7,2460
2963,24,1,116,172,4450,17,4,140,4,1821
2964,38,1,80,181,15102,16,5,145,3,2132
2965,59,0,105,157,2861,68,2,142,8,2397
2966,43,0,84,153,11806,72,4,107,2,2280
2967,61,1,71,179,14283,16,0,88,5,2038
2968,31,1,45,168,17493,64,4,107,10,2701
2969,54,1,78,172,13436,12,4,78,5,1943
2970,38,1,112,167,9890,76,4,170,1,2472
2971,35,0,65,178,16352,27,1,158,7,2457
2972,22,0,77,172,6529,54,2,106,4,1910
2973,20,1,51,182,16843,106,1,148,10,3122
2974,40,0,109,167,9299,110,4,119,2,2621
2975,43,0,47,193,9580,101,1,107,8,2532
2976,54,1,95,182,9616,45,3,79,4,2085
2977,41,0,98,156,19878,25,1,160,1,2519
2978,36,0,118,177,12157,88,5,78,8,2817
2979,42,0,103,150,11191,38,2,101,7,2306
2980,38,1,50,188,12767,68,4,136,3,2259
2981,29,1,73,183,18911,27,4,170,3,2439
2982,58,0,61,188,3026,58,5,135,7,1982
2983,50,1,104,168,11958,119,2,108,2,2771
2984,21,1,66,180,2855,55,5,74,5,1611
2985,59,1,68,162,16063,92,1,119,7,2916
2986,24,0,95,173,15915,38,3,127,6,2490
2987,39,0,94,154,18981,79,3,138,10,3243
2988,50,1,55,172,18232,118,5,140,7,3200
2989,34,0,100,168,6958,59,0,86,2,1955
2990,41,0,115,150,15705,64,1,134,7,2893
2991,51,0,86,182,11108,36,0,114,2,1951
2992,45,0,83,182,19302,16,4,146,7,2573
2993,60,0,113,181,6761,100,4,74,8,2626
2994,58,1,92,177,1688,92,1,111,10,2387
2995,56,0,101,186,7306,90,1,90,8,2561
2996,39,0,65,190,6072,50,4,176,5,2070
2997,34,0,64,161,18739,20,2,149,7,2481
2998,51,1,59,158,19071,14,3,66,8,2271
2999,23,1,113,160,11909,75,3,72,4,2459
3000,63,1,95,182,13713,65,0,113,2,2447
3001,23,0,106,168,13614,21,3,72,7,2191
3002,51,1,81,191,10321,51,5,175,1,2246
3003,18,1,50,183,7086,115,2,79,2,2071
3004,27,1,115,156,13731,84,5,157,10,3134
3005,38,1,70,180,14341,19,2,69,7,2064
3006,22,0,52,151,7667,37,3,173,10,2228
3007,19,1,117,168,13976,16,5,111,1,2061
3008,39,1,48,187,18374,23,0,96,7,2222
3009,19,0,65,181,13333,86,2,111,5,2465
3010,27,0,75,159,6290,78,4,174,3,2237
3011,51,1,65,190,14044,70,5,86,2,2261
3012,33,0,69,157,18760,60,3,93,7,2650
3013,56,1,59,175,14537,51,4,159,9,2645
3014,39,0,79,179,16669,17,5,121,9,2429
3015,29,0,93,160,17340,59,1,75,10,2807
3016,41,1,87,190,16955,10,0,118,10,2520
3017,64,0,85,169,3887,78,2,80,8,2223
3018,57,1,81,169,16794,20,2,75,2,2042
3019,55,0,101,158,15560,116,3,140,1,2973
3020,27,1,86,157,2340,57,3,138,8,2032
3021,52,0,91,164,12929,19,3,72,2,1843
3022,49,1,105,183,1094,24,4,92,4,1504
3023,24,0,58,173,13840,112,1,113,4,2658
3024,38,0,112,182,16756,56,5,128,2,2615
3025,37,0,97,172,9126,102,4,86,4,2490
3026,43,1,78,190,18881,34,3,111,7,2603
3027,21,0,68,194,11923,15,1,124,6,1973
3028,63,1,64,189,8053,20,5,103,10,1984
3029,39,1,113,176,16172,26,1,89,6,2423
3030,32,1,74,170,11935,24,4,82,4,1866
3031,57,0,51,154,13467,25,5,138,2,1966
3032,38,1,80,184,12073,65,5,159,5,2543
3033,32,0,82,170,8691,75,5,142,3,2293
3034,39,1,96,153,14770,45,5,153,3,2455
3035,45,1,59,165,16688,92,4,75,4,2608
3036,31,1,90,180,1201,47,3,114,5,1756
3037,44,1,67,175,18882,94,5,77,2,2598
3038,58,1,56,184,14829,84,4,149,6,2771
3039,57,0,88,155,4086,114,0,76,6,2380
3040,45,1,59,182,12305,12,1,134,8,2063
3041,43,1,93,170,3590,107,5,111,2,2224
3042,19,0,65,165,8125,27,0,104,8,1943
3043,42,0,59,188,8860,88,4,115,8,2469
3044,20,0,58,183,6408,98,0,152,4,2284
3045,25,1,86,191,2948,63,4,113,7,2022
3046,61,1,59,164,4963,88,2,68,7,2170
3047,50,1,107,155,1693,103,2,172,1,2304
3048,59,1,112,151,6363,26,1,76,1,1701
3049,52,1,71,173,13125,91,4,86,8,2693
3050,23,1,97,177,12924,104,2,96,1,2535
3051,56,0,96,150,6887,116,3,81,3,2485
3052,40,0,107,150,11851,91,2,131,6,2806
3053,42,1,117,177,8734,108,0,126,8,2962
3054,60,1,97,185,10913,22,5,97,5,2060
3055,36,1,101,169,17191,72,1,158,5,2921
3056,22,1,96,157,6293,23,4,155,4,1879
3057,28,1,87,150,14845,68,2,131,4,2525
3058,29,0,51,175,14820,45,3,103,7,2251
3059,27,0,86,192,3291,27,4,150,6,1817
3060,25,1,48,174,15395,14,0,155,8,2231
3061,41,0,113,159,13391,23,1,95,6,2266
3062,45,1,49,161,3698,34,0,157,10,1992
3063,58,1,119,190,12566,53,1,84,7,2545
3064,53,1,85,156,10202,48,3,154,10,2615
3065,54,0,48,161,15055,21,4,101,10,2274
3066,38,0,46,189,2041,113,4,170,5,2266
3067,25,1,111,166,18941,70,0,72,6,2829
3068,26,0,65,154,18591,71,2,115,1,2475
3069,64,0,114,163,10872,62,0,138,3,2482
3070,32,1,87,183,4621,62,0,177,8,2338
3071,63,0,113,166,4352,37,3,110,3,1880
3072,57,0,53,184,19062,44,3,109,1,2269
3073,35,1,72,150,11937,74,4,136,3,2390
3074,59,1,70,185,15602,12,3,111,4,2102
3075,37,0,47,164,9972,52,5,175,8,2324
3076,23,1,117,168,1945,59,4,92,9,2133
3077,29,0,93,191,8973,80,2,154,4,2473
3078,19,1,61,154,15118,18,5,84,7,2034
3079,24,1,107,168,12290,45,5,171,1,2360
3080,33,1,99,192,17383,32,1,117,9,2695
3081,20,1,67,188,19974,97,1,99,4,2875
3082,62,0,78,154,11366,83,3,146,9,2767
3083,20,1,113,161,2797,59,0,97,3,1878
3084,44,1,59,168,12248,64,1,62,5,2154
3085,60,1,91,161,3257,21,1,175,1,1694
3086,57,0,47,185,3197,92,5,75,3,1813
3087,55,0,72,161,9222,41,5,61,5,1934
3088,50,1,47,167,15152,33,2,82,6,2098
3089,45,1,48,192,3912,95,4,157,8,2356
3090,18,1,75,183,12004,76,2,89,1,2116
3091,25,1,89,182,9874,113,0,170,3,2751
3092,54,1,103,167,16416,36,3,69,1,2185
3093,49,1,89,178,7152,70,4,124,5,2304
3094,60,0,119,194,8172,28,3,81,8,2203
3095,54,1,81,154,4185,82,3,111,4,2134
3096,21,1,109,174,10161,60,5,170,9,2732
3097,47,1,53,173,16765,73,2,115,6,2619
3098,23,1,61,178,18467,86,3,92,6,2756
3099,63,1,109,187,5862,11,3,148,5,1949
3100,36,1,47,182,4070,45,0,145,10,1958
3101,49,0,70,159,12940,102,4,139,5,2768
3102,26,0,97,186,9563,20,2,89,7,1948
3103,29,0,75,182,15931,107,0,141,8,3092
3104,28,0,70,172,17585,77,4,83,7,2720
3105,63,0,67,160,17472,77,2,64,1,2385
3106,33,0,74,173,15772,73,4,112,1,2389
3107,18,1,54,173,15455,10,4,160,10,2334
3108,62,1,116,156,7299,98,1,114,6,2695
3109,38,1,108,170,11188,35,2,82,3,2044
3110,47,1,66,169,13686,20,0,165,9,2449
3111,30,1,59,159,15011,96,4,150,7,2839
3112,51,1,100,174,18938,11,4,178,2,2475
3113,21,0,118,185,13874,92,4,135,3,2827
3114,45,1,64,164,14441,102,1,69,8,2737
3115,55,0,91,193,1054,49,5,157,1,1743
3116,48,0,97,189,5031,13,1,179,5,1910
3117,44,1,97,189,10315,89,2,92,10,2786
3118,22,1,45,155,2552,46,5,139,1,1406
3119,42,1,46,186,8795,70,5,152,9,2421
3120,20,1,102,151,6271,100,1,121,7,2621
3121,50,1,63,161,15665,14,0,141,5,2165
3122,21,1,106,153,1115,24,2,86,6,1569
3123,42,1,116,172,4613,96,5,66,3,2243
3124,37,0,56,162,7372,76,0,159,3,2182
3125,51,1,70,166,17130,91,2,86,7,2879
3126,43,1,71,180,4837,116,4,133,7,2552
3127,22,0,73,165,4533,35,0,69,7,1679
3128,52,1,59,190,10610,15,5,134,2,1760
3129,45,1,90,175,12108,53,2,116,2,2201
3130,46,0,45,177,6831,67,0,89,5,1889
3131,26,1,104,150,2294,90,5,62,4,1967
3132,55,1,101,161,16663,55,2,88,7,2692
3133,23,1,47,186,8550,111,4,73,3,2139
3134,36,1,62,169,19459,51,2,136,5,2607
3135,61,1,96,151,14830,57,0,142,2,2505
3136,28,1,104,185,14031,36,1,84,1,2077
3137,19,0,78,164,12869,29,0,69,9,2168
3138,64,1,104,187,6817,79,3,138,4,2423
3139,61,1,70,171,19162,44,2,151,8,2828
3140,61,0,116,193,13867,85,3,163,7,3126
3141,26,0,63,181,13086,57,5,108,1,2044
3142,38,1,66,169,11690,76,3,97,10,2577
3143,41,0,77,185,17757,77,5,130,7,2884
3144,51,1,82,182,15770,61,5,73,2,2333
3145,39,1,79,164,15329,118,5,89,3,2768
3146,20,0,111,152,11457,77,4,99,1,2324
3147,29,1,54,178,11034,13,3,71,7,1728
3148,45,1,59,176,18957,48,2,151,3,2522
3149,47,0,55,154,18171,30,4,173,6,2527
3150,43,0,68,180,2545,117,5,73,7,2259
3151,38,0,48,171,14359,75,1,60,3,2147
3152,45,0,57,184,14146,25,2,127,2,1954
3153,43,1,117,156,14498,16,4,108,9,2470
3154,50,0,101,155,14171,92,2,77,9,2910
3155,38,0,81,175,15202,116,5,174,7,3231
3156,52,0,92,150,5374,106,2,95,5,2418
3157,51,0,115,168,10849,18,4,123,4,2129
3158,58,0,45,156,17990,110,4,155,4,3012
3159,64,1,104,185,14336,26,4,87,1,2053
3160,35,0,56,161,3576,100,1,151,4,2176
3161,28,1,65,169,6051,106,1,161,7,2519
3162,40,1,55,172,17706,21,3,91,5,2127
3163,39,0,88,174,11068,66,5,131,9,2628
3164,34,0,102,179,17967,54,5,84,4,2550
3165,22,0,88,178,12001,20,1,106,3,1898
3166,61,0,78,180,9847,22,5,79,6,1926
3167,28,0,69,167,5881,40,3,92,4,1696
3168,47,0,48,190,9414,86,5,89,2,2035
3169,32,0,108,168,19506,111,0,96,5,3200
3170,44,1,60,153,8699,35,4,139,4,1889
3171,52,0,54,150,17045,72,3,112,5,2554
3172,50,1,110,190,19604,40,1,148,9,3052
3173,37,0,79,164,6123,31,1,161,4,1883
3174,33,1,50,157,17211,15,3,176,6,2312
3175,51,0,63,164,4550,29,0,165,4,1775
3176,19,0,103,164,11634,94,0,133,1,2535
3177,52,0,97,188,13177,19,2,128,2,2111
3178,57,1,52,171,1166,92,3,67,6,1844
3179,45,1,54,167,9309,44,3,156,8,2269
3180,64,1,111,165,11001,35,3,160,9,2654
3181,56,1,82,151,3206,80,0,60,4,1917
3182,23,0,73,185,2250,46,4,154,6,1845
3183,26,0,59,169,5558,17,2,66,3,1289
3184,37,0,67,165,10863,14,5,121,9,2079
3185,18,1,90,152,3151,53,4,170,8,2158
3186,25,0,72,179,6077,109,4,146,1,2254
3187,40,1,70,151,16552,101,0,117,2,2719
3188,20,1,54,184,3297,76,1,147,10,2244
3189,21,1,91,175,10228,112,0,137,9,2933
3190,42,1,48,154,3614,81,1,146,10,2316
3191,64,1,99,151,2879,88,4,132,3,2192
3192,55,0,110,169,1620,100,2,67,3,2085
3193,32,1,111,183,9262,58,3,123,10,2609
3194,38,1,51,183,19187,45,3,67,9,2491
3195,52,0,99,169,2925,89,3,62,3,1988
3196,63,1,75,174,18421,35,5,117,10,2755
3197,31,1,118,169,11553,54,3,91,5,2410
3198,53,0,63,174,10630,70,5,175,6,2533
3199,29,0,72,163,13003,53,4,127,3,2204
3200,34,0,72,193,9676,13,1,108,10,2018
3201,56,1,63,192,5898,85,5,97,8,2299
3202,26,0,64,192,15601,90,5,61,2,2371
3203,52,0,57,188,14136,67,0,68,6,2322
3204,30,0,87,161,15578,114,5,105,2,2819
3205,32,1,55,154,7121,117,2,124,9,2696
3206,35,0,92,151,6789,35,2,108,6,1999
3207,50,1,59,165,17310,104,3,134,9,3130
3208,23,1,61,179,18734,88,3,88,4,2676
3209,44,0,98,192,14134,107,0,149,3,2956
3210,40,1,94,187,7485,38,0,150,2,1979
3211,44,1,72,194,10980,18,2,161,8,2241
3212,51,0,48,191,4625,87,4,88,4,1948
3213,63,1,66,173,12512,45,4,92,2,2042
3214,55,0,83,179,9951,13,1,87,9,2049
3215,31,1,78,186,9117,68,0,154,8,2528
3216,53,1,88,188,9989,111,2,142,5,2789
3217,25,0,86,160,17915,46,2,171,8,2856
3218,52,0,84,163,12608,97,4,85,5,2620
3219,36,1,56,172,1598,90,1,173,7,2244
3220,47,1,46,165,8428,22,2,88,5,1608
3221,31,0,72,170,5904,29,1,70,5,1565
3222,37,1,118,153,3909,26,3,164,4,1931
3223,42,1,111,182,14551,60,3,155,5,2756
3224,57,1,115,163,18062,100,3,144,7,3333
3225,41,1,116,168,9922,64,3,161,3,2465
3226,31,0,54,154,3025,42,1,93,4,1511
3227,43,0,101,185,14220,30,0,163,8,2603
3228,55,0,81,180,14190,90,3,145,6,2899
3229,40,0,108,194,3766,31,1,107,8,1950
3230,39,0,84,167,19482,34,1,86,2,2259
3231,36,0,104,193,1391,76,1,131,9,2291
3232,63,1,92,180,11935,100,3,99,7,2803
3233,20,0,63,179,4784,100,3,169,5,2325
3234,59,1,116,170,19069,119,4,90,7,3421
3235,36,1,77,179,3914,21,2,124,2,1496
3236,26,1,88,190,14243,24,2,98,4,2117
3237,45,0,81,153,13282,111,3,157,7,3060
3238,37,1,80,154,13965,93,2,170,2,2731
3239,62,0,65,190,12505,95,2,83,8,2656
3240,24,1,46,194,5951,11,1,151,10,1798
3241,31,1,75,159,8655,13,0,173,10,2218
3242,26,0,74,176,5610,54,5,127,5,1993
3243,36,1,88,165,18468,22,1,141,5,2516
3244,64,1,56,179,8583,64,3,152,8,2402
3245,31,1,95,162,18701,41,1,82,1,2269
3246,55,1,93,185,7880,31,1,160,6,2181
3247,53,0,68,170,3349,98,0,120,2,2050
3248,57,1,68,194,8208,100,0,86,1,2161
3249,34,1,104,189,14720,64,5,75,7,2613
3250,47,0,55,194,7881,26,1,104,4,1698
3251,26,1,57,164,4722,79,3,86,1,1692
3252,50,1,116,169,16332,116,4,132,10,3558
3253,42,1,118,169,8224,60,1,64,6,2258
3254,31,1,116,194,14229,89,5,118,10,3146
3255,28,0,108,154,8802,17,0,131,6,2073
3256,52,1,64,181,12439,70,1,141,3,2422
3257,58,0,116,155,4134,106,0,94,6,2509
3258,31,1,117,179,3598,19,5,129,10,2055
3259,47,1,115,175,5052,107,2,166,9,2915
3260,58,1,72,186,13741,28,0,146,6,2328
3261,41,0,46,162,4824,23,4,105,1,1264
3262,21,1,87,178,4520,76,2,149,10,2465
3263,45,1,52,154,2249,64,5,115,6,1822
3264,25,0,57,174,16565,70,4,174,8,2856
3265,19,0,79,162,19458,65,1,162,7,2952
3266,58,0,67,173,19888,72,0,83,8,2879
3267,63,0,90,180,13997,114,1,69,8,3051
3268,39,1,59,169,3014,96,2,138,9,2355
3269,58,1,46,157,5944,113,4,97,3,2159
3270,33,1,105,158,1948,20,0,143,7,1814
3271,46,1,108,170,17490,56,0,152,6,2901
3272,47,0,96,169,11683,15,3,129,2,1947
3273,29,1,80,164,15012,43,5,107,5,2326
3274,52,1,111,175,5692,74,0,68,3,2105
3275,28,1,113,191,4240,108,5,174,5,2642
3276,63,1,111,160,10762,98,4,109,9,2946
3277,38,0,91,186,14731,73,3,128,8,2885
3278,38,1,46,190,19018,102,4,107,9,3025
3279,22,1,88,160,11130,96,4,98,9,2780
3280,37,1,108,176,18916,91,3,142,8,3329
3281,54,0,72,179,8608,87,1,64,8,2374
3282,20,0,98,168,13409,90,4,143,6,2833
3283,61,1,118,183,18824,75,1,70,6,2951
3284,50,1,111,187,12589,40,2,178,6,2629
3285,26,1,80,172,13437,92,3,173,10,3091
3286,26,0,107,150,18999,105,4,119,6,3206
3287,21,1,69,152,10705,71,5,86,9,2423
3288,52,1,92,152,16376,63,5,152,10,3030
3289,34,1,83,177,19982,101,5,66,1,2708
3290,51,0,91,163,12611,114,4,119,10,3160
3291,41,1,65,179,8590,17,2,109,6,1847
3292,49,1,74,154,19711,51,5,126,8,2822
3293,18,0,75,164,7565,50,1,128,1,1825
3294,25,0,70,187,19360,68,4,114,6,2756
3295,62,1,66,163,2835,49,3,136,9,2083
3296,40,0,65,163,17738,112,4,75,6,2894
3297,64,1,45,157,10797,31,4,177,2,1990
3298,57,0,81,157,4195,33,1,71,1,1427
3299,29,0,90,168,14868,47,3,162,4,2517
3300,29,1,53,181,10179,11,2,86,6,1692
3301,63,1,61,180,9345,50,5,177,10,2549
3302,64,1,91,178,1906,114,1,168,10,2766
3303,32,0,103,190,12955,28,2,92,9,2336
3304,58,1,98,160,16768,114,5,138,5,3216
3305,36,1,56,194,8198,11,2,144,7,1820
3306,43,1,108,162,2620,101,5,167,6,2537
3307,46,1,50,176,12820,105,4,140,6,2716
3308,39,1,97,168,12766,71,5,114,9,2751
3309,57,0,60,175,9523,92,4,111,5,2443
3310,38,1,49,186,5338,25,2,96,2,1351
3311,55,1,117,158,16911,103,3,172,8,3498
3312,37,0,90,177,17813,31,1,179,3,2520
3313,41,1,58,181,6301,23,3,74,9,1737
3314,21,1,88,152,16144,65,2,143,5,2657
3315,24,1,107,181,14784,74,5,142,1,2633
3316,45,1,96,154,3423,54,4,124,4,1964
3317,45,1,70,157,9272,63,1,127,9,2452
3318,21,0,97,163,2573,75,2,62,1,1704
3319,39,0,73,152,17803,95,3,131,8,3070
3320,29,0,63,173,1466,55,1,164,8,1979
3321,62,1,91,162,16787,42,3,167,9,2884
3322,20,0,52,192,6176,88,5,64,9,2208
3323,39,1,67,178,4393,59,5,68,6,1786
3324,61,1,79,157,10757,114,2,60,5,2579
3325,19,1,97,191,16164,31,5,178,7,2695
3326,41,0,102,180,13222,49,5,166,9,2791
3327,51,0,49,175,19419,48,3,89,5,2431
3328,44,0,60,167,19016,114,3,130,3,2989
3329,58,1,61,167,19368,50,4,145,9,2860
3330,18,0,76,156,1003,84,3,79,10,2061
3331,25,1,96,187,8477,77,1,152,1,2293
3332,40,0,64,165,6998,16,4,86,1,1390
3333,55,0,110,182,1602,94,1,148,10,2660
3334,23,1,45,152,8256,80,1,169,4,2254
3335,39,1,102,187,11559,13,0,158,2,2055
3336,42,0,88,153,14686,85,5,150,7,2959
3337,35,0,50,185,14973,100,3,122,2,2545
3338,34,0,94,153,7714,68,3,134,7,2427
3339,29,1,116,191,9376,90,3,140,8,2840
3340,23,1,64,158,12701,93,1,90,8,2581
3341,43,0,58,189,15891,104,0,141,3,2762
3342,44,0,49,166,4251,35,2,78,9,1738
3343,25,1,85,166,9144,40,2,173,10,2476
3344,36,0,84,182,17438,108,2,161,10,3402
3345,59,1,78,169,10916,82,3,152,10,2889
3346,18,1,89,163,3910,78,1,138,6,2205
3347,46,1,115,171,19254,61,5,121,4,2894
3348,62,1,115,176,12482,81,0,66,8,2795
3349,52,1,71,192,4348,30,0,160,4,1808
3350,57,1,88,152,18985,25,0,96,4,2412
3351,31,0,77,173,6830,60,1,130,8,2267
3352,52,1,77,179,12529,25,0,145,4,2112
3353,62,1,88,157,9120,27,0,135,1,1917
3354,37,0,64,171,19474,56,4,67,6,2532
3355,30,1,80,174,6480,65,1,116,8,2245
3356,55,0,51,159,10443,37,2,141,3,1944
3357,63,1,76,178,7370,91,0,87,2,2165
3358,25,0,111,189,1170,87,4,141,6,2258
3359,60,0,83,150,3809,65,2,154,1,1976
3360,37,1,68,170,7993,46,3,76,5,1856
3361,50,1,114,188,12946,113,3,146,6,3141
3362,43,1,98,173,4991,25,3,70,8,1848
3363,56,1,82,158,1826,94,5,74,7,2146
3364,38,0,118,193,10857,74,2,89,6,2584
3365,59,0,119,175,17513,69,0,175,2,2939
3366,60,0,76,158,18801,70,1,154,8,3076
3367,58,1,89,169,7798,20,2,65,8,1941
3368,26,0,105,184,18791,84,2,71,5,2850
3369,41,1,114,185,6136,75,0,146,3,2344
3370,54,1,97,191,18421,41,2,120,8,2774
3371,58,0,95,185,13491,28,4,162,5,2427
3372,34,1,100,158,8546,65,0,163,3,2333
3373,41,0,71,171,6903,14,3,95,9,1852
3374,38,1,82,150,14855,12,4,94,9,2305
3375,56,0,106,154,17406,37,5,126,7,2785
3376,58,1,62,158,15949,99,1,165,8,3093
3377,56,0,108,186,10825,96,5,179,5,2933
3378,30,0,74,187,7287,103,0,151,5,2533
3379,28,1,93,168,13193,81,2,138,5,2688
3380,63,1,85,157,2405,109,2,136,2,2251
3381,36,0,57,191,10670,38,5,122,3,1959
3382,28,1,78,192,18578,86,5,142,8,3067
3383,30,1,69,181,9767,68,0,99,6,2239
3384,63,1,110,162,8923,34,0,141,9,2474
3385,62,0,62,169,2606,31,4,90,7,1653
3386,18,0,49,185,9643,119,1,96,6,2485
3387,57,1,63,192,9316,106,0,144,4,2604
3388,61,1,86,193,12646,110,4,162,7,3105
3389,36,0,62,186,11556,80,1,64,4,2175
3390,29,1,76,179,11058,32,3,174,7,2315
3391,25,0,65,159,7250,79,1,140,5,2259
3392,25,1,54,180,2683,88,3,142,2,1925
3393,62,1,81,174,12726,88,3,63,7,2601
3394,29,1,93,178,8663,49,1,177,8,2521
3395,50,0,57,173,14083,107,1,85,10,2924
3396,62,0,99,188,14146,23,1,83,2,2049
3397,43,0,61,170,12253,38,2,98,6,2113
3398,56,0,53,190,16736,25,5,115,4,2176
3399,45,1,88,158,4223,102,2,113,5,2341
3400,22,1,90,191,6441,96,0,97,1,2112
3401,25,0,52,191,10822,19,3,169,6,2007
3402,42,1,81,151,8381,56,3,113,8,2287
3403,44,1,63,153,13863,13,4,78,2,1739
3404,63,0,107,157,6184,21,1,153,1,1890
3405,40,1,90,181,17653,51,0,85,9,2734
3406,47,1,115,163,10315,107,5,111,2,2709
3407,62,0,70,162,5533,13,4,134,8,1868
3408,64,1,90,170,18426,93,4,177,5,3282
3409,40,1,90,173,15560,101,3,120,2,2759
3410,64,1,119,167,2641,101,0,162,5,2557
3411,37,0,58,194,16925,15,5,126,9,2363
3412,35,0,107,189,11633,23,2,175,6,2403
3413,35,1,116,175,4297,44,4,81,3,1841
3414,19,1,47,181,18767,56,5,76,8,2525
3415,21,1,72,193,4996,67,2,70,1,1616
3416,47,0,73,182,1014,74,4,170,9,2258
3417,50,0,62,180,15895,28,0,98,9,2375
3418,53,0,79,167,2674,66,1,120,4,1899
3419,35,1,91,184,6099,74,2,170,8,2529
3420,54,1,49,161,18864,22,5,150,3,2294
3421,36,1,119,174,8363,17,3,108,6,2068
3422,64,1,103,194,6957,27,0,166,10,2412
3423,45,1,119,180,5210,44,1,152,10,2487
3424,57,0,103,159,16776,96,2,120,8,3202
3425,37,1,91,183,18359,35,4,71,9,2615
3426,50,1,57,152,19069,114,0,72,8,3049
3427,29,1,77,188,3083,47,4,117,9,1958
3428,32,0,106,157,19070,93,1,70,4,2943
3429,58,1,60,181,5158,75,4,123,10,2333
3430,56,0,88,192,17571,35,0,90,1,2250
3431,19,0,102,178,3782,66,1,70,7,2014
3432,46,0,50,171,5100,109,4,164,10,2668
3433,58,0,59,169,12701,34,3,102,4,2021
3434,27,0,48,155,16525,39,3,95,1,1981
3435,19,1,100,192,19456,91,3,61,3,2786
3436,28,1,108,178,1097,16,5,146,7,1753
3437,30,0,112,191,10483,36,0,120,3,2157
3438,27,0,78,166,4464,20,0,95,1,1339
3439,31,0,100,180,2787,110,5,137,7,2576
3440,35,1,76,183,8763,17,1,160,8,2111
3441,26,1,53,187,1683,20,0,108,5,1274
3442,56,0,107,186,17092,97,5,86,6,3009
3443,45,1,116,153,2132,39,2,71,3,1665
3444,20,1,77,151,13314,103,3,117,5,2734
3445,37,0,65,161,6877,24,4,152,3,1733
3446,23,0,99,184,14068,65,0,65,2,2262
3447,44,1,101,155,15633,44,2,103,7,2600
3448,19,1,46,157,16758,48,0,106,10,2534
3449,46,1,57,170,18425,33,4,82,7,2376
3450,55,0,48,184,12057,17,1,174,8,2199
3451,20,0,94,164,1854,52,1,133,1,1694
3452,33,0,92,156,6738,51,5,157,2,1998
3453,47,1,74,164,3026,93,3,167,2,2154
3454,57,1,73,194,6365,50,5,135,3,1964
3455,19,0,52,155,3550,56,3,155,7,1914
3456,34,1,56,166,8089,35,1,85,7,1838
3457,58,0,85,153,17623,61,3,66,7,2669
3458,29,1,70,171,17873,97,4,91,1,2585
3459,52,0,94,181,13043,31,2,92,2,2053
3460,60,1,46,171,2036,14,2,141,8,1562
3461,18,1,99,176,7122,24,5,158,9,2223
3462,62,0,100,164,15578,45,0,79,10,2710
3463,32,0,58,193,16689,110,4,154,7,3095
3464,43,0,50,171,17150,72,3,128,1,2402
3465,54,0,105,177,12692,102,5,155,4,2915
3466,38,0,56,191,13054,88,1,111,10,2743
3467,48,1,57,187,2767,100,3,170,8,2463
3468,42,0,63,158,5708,58,1,101,5,1921
3469,40,0,88,183,9353,64,2,142,1,2210
3470,41,0,103,185,2256,81,1,60,7,2088
3471,55,0,81,158,11143,69,1,122,6,2476
3472,45,0,69,164,6351,66,1,66,9,2140
3473,38,1,82,194,15263,38,0,117,4,2190
3474,60,0,82,169,1749,28,3,145,4,1665
3475,35,0,87,157,18092,104,5,109,8,3133
3476,53,0,58,177,7416,82,4,93,4,2108
3477,52,1,50,168,7950,19,2,110,3,1602
3478,62,1,67,165,13328,110,1,179,7,3069
3479,26,0,104,160,2713,19,2,179,5,1876
3480,55,0,56,191,13777,106,3,69,9,2788
3481,47,1,57,157,9308,98,0,170,5,2590
3482,61,1,50,182,11673,66,3,165,9,2604
3483,51,1,107,159,16378,63,1,85,6,2725
3484,49,0,82,167,16329,65,1,91,6,2594
3485,20,0,94,184,14882,77,3,101,6,2654
3486,20,1,96,192,17579,78,0,150,7,2989
3487,45,0,84,152,5714,96,4,121,4,2380
3488,61,1,52,189,11664,112,2,71,4,2473
3489,32,1,105,176,16753,64,0,99,9,2873
3490,58,1,52,177,13321,78,3,146,7,2653
3491,40,0,78,155,15630,81,5,137,10,3000
3492,57,1,104,163,18658,90,4,93,6,3062
3493,28,1,101,156,4709,10,1,140,1,1553
3494,49,0,90,159,1338,21,2,129,7,1711
3495,53,1,66,164,7761,44,3,86,6,1936
3496,50,0,84,180,5275,87,3,67,4,2127
3497,41,1,89,178,12491,91,4,156,8,2910
3498,56,0,99,191,19040,83,4,158,7,3224
3499,51,1,95,166,7762,88,5,106,8,2596
3500,45,1,49,178,9834,115,3,140,9,2844
3501,54,1,57,193,15358,42,1,85,1,2061
3502,24,1,72,164,10872,92,2,116,3,2393
3503,21,1,106,175,18553,107,2,66,2,2829
3504,54,0,68,161,9173,118,5,169,3,2737
3505,18,0,51,174,17685,34,4,147,2,2190
3506,18,1,82,190,12333,25,3,148,6,2208
3507,64,1,81,154,18950,17,4,158,9,2701
3508,37,1,112,153,12356,44,3,85,2,2182
3509,36,0,86,193,8816,94,4,118,4,2430
3510,46,0,49,190,13149,92,5,173,5,2710
3511,27,1,108,180,19594,55,0,177,5,2996
3512,35,0,94,152,12344,20,3,128,1,1955
3513,45,1,59,152,17187,70,3,175,6,2830
3514,52,1,117,175,12851,53,3,177,5,2721
3515,60,1,97,166,8230,20,3,106,6,1977
3516,64,0,69,159,9803,20,3,161,4,2025
3517,48,1,53,151,16795,31,3,94,6,2230
3518,44,1,82,173,2943,94,0,89,9,2301
3519,28,1,66,160,15015,100,0,109,1,2503
3520,55,0,93,173,9348,91,0,148,6,2728
3521,22,0,112,184,12750,71,1,83,1,2294
3522,25,0,59,172,6385,115,4,89,7,2433
3523,51,1,109,181,17639,57,0,143,4,2810
3524,29,0,98,172,10243,113,0,113,6,2796
3525,55,1,74,183,17273,111,5,126,7,3172
3526,18,0,64,190,6032,103,2,91,5,2198
3527,48,1,77,168,7261,72,4,67,9,2278
3528,21,0,51,151,19801,60,2,174,8,2887
3529,62,1,52,151,19640,54,3,109,3,2440
3530,22,0,72,164,3634,118,5,106,1,2076
3531,47,0,89,170,2891,42,2,146,10,2163
3532,41,0,117,184,11683,94,4,105,8,2909
3533,20,1,118,154,10967,69,2,139,4,2588
3534,28,0,55,192,13128,11,2,94,7,1891
3535,62,0,75,176,8426,22,1,120,4,1830
3536,21,0,56,172,2970,75,1,148,7,2065
3537,43,0,95,156,7771,66,1,138,1,2146
3538,44,1,88,155,11684,52,4,110,1,2125
3539,63,0,94,182,13857,54,1,122,2,2336
3540,60,1,61,166,18032,40,4,67,5,2327
3541,44,1,79,191,10832,19,3,93,10,2129
3542,59,1,45,179,15640,32,4,84,6,2154
3543,23,1,73,157,13626,95,2,172,2,2707
3544,32,1,95,189,19485,38,3,103,1,2391
3545,47,1,108,156,14423,106,3,142,9,3256
3546,59,1,48,155,17802,40,3,102,7,2420
3547,54,1,72,153,17333,87,0,109,8,2972
3548,54,1,60,150,3352,83,4,72,6,1956
3549,59,0,107,164,2751,27,4,105,9,1950
3550,54,0,97,180,13167,20,4,135,8,2418
3551,52,1,61,174,6524,112,4,138,4,2434
3552,40,1,84,182,19735,56,2,146,5,2834
3553,23,1,57,184,16183,12,2,112,2,1850
3554,21,0,96,154,18673,11,5,122,1,2120
3555,35,0,102,154,12315,63,4,163,6,2668
3556,26,0,81,185,3702,81,2,61,3,1788
3557,46,0,105,166,9835,40,4,99,4,2113
3558,30,0,78,163,15542,17,5,82,1,1872
3559,64,1,114,178,13259,52,5,118,6,2623
3560,34,0,61,157,3922,57,1,128,8,2008
3561,62,0,64,183,7654,11,2,93,10,1873
3562,49,1,117,189,3021,31,0,133,4,1881
3563,39,0,103,150,14955,14,5,86,10,2391
3564,21,0,113,178,16716,16,0,114,8,2489
3565,22,0,77,185,12310,29,1,165,10,2466
3566,54,1,61,186,17520,101,1,63,3,2622
3567,58,0,101,178,5225,86,4,127,7,2444
3568,30,1,45,154,10209,11,5,131,3,1624
3569,51,1,57,181,12892,41,1,129,6,2227
3570,62,0,71,173,16723,99,5,148,4,2930
3571,39,0,114,168,13719,12,5,86,6,2215
3572,40,0,103,161,4140,50,1,106,7,2087
3573,20,0,50,150,12721,51,3,173,8,2460
3574,59,1,67,156,3587,86,2,176,6,2349
3575,51,0,54,166,11574,94,1,177,4,2645
3576,49,1,95,183,7669,54,0,99,9,2327
3577,62,1,63,192,19989,110,1,143,7,3299
3578,38,1,95,156,6004,96,5,86,9,2519
3579,63,1,112,166,15301,80,1,66,3,2641
3580,61,1,86,152,9400,26,2,82,5,1931
3581,38,0,101,178,8504,101,1,143,1,2497
3582,61,1,112,171,4810,56,3,123,8,2332
3583,28,1,82,187,7080,103,0,172,1,2423
3584,56,0,106,192,8408,78,5,174,1,2454
3585,21,0,51,178,5153,33,0,157,7,1835
3586,18,1,115,191,12055,80,5,88,8,2681
3587,45,1,94,154,18752,43,3,120,3,2534
3588,41,0,96,179,4800,59,0,103,2,1900
3589,52,1,70,172,2037,51,4,174,7,2051
3590,30,0,70,170,1992,42,5,128,10,1929
3591,64,0,63,175,5510,36,4,86,5,1703
3592,51,1,53,170,1393,87,0,71,1,1598
3593,28,0,105,169,9005,68,4,76,2,2055
3594,53,1,64,172,17741,28,3,96,3,2177
3595,34,1,94,153,18565,111,3,93,6,3108
3596,52,1,66,170,7817,85,3,153,1,2212
3597,35,0,57,170,3065,12,3,95,8,1493
3598,57,1,56,150,13094,80,5,65,2,2176
3599,41,0,54,164,14879,108,3,155,5,2885
3600,41,1,109,166,12610,34,5,91,8,2389
3601,36,1,74,163,1154,24,0,132,5,1523
3602,54,0,52,168,10746,92,1,81,8,2496
3603,56,1,65,183,9678,69,1,69,6,2172
3604,38,1,66,155,7294,92,2,88,7,2347
3605,25,0,62,194,10574,32,0,70,8,1954
3606,45,0,110,155,3415,20,1,151,3,1784
3607,22,0,92,154,16979,68,0,125,5,2740
3608,34,1,88,156,2070,94,4,115,10,2407
3609,54,0,53,182,19638,43,0,144,7,2650
3610,53,0,111,162,15785,112,5,154,9,3470
3611,36,1,98,150,17306,16,1,117,6,2430
3612,44,0,70,162,11067,115,5,164,10,3098
3613,51,1,70,192,8807,53,4,111,1,1919
3614,28,1,78,176,19574,100,1,120,8,3161
3615,62,0,52,156,8398,73,2,76,6,2118
3616,64,1,54,152,13202,32,2,150,1,2008
3617,29,0,92,174,3972,111,0,89,4,2240
3618,38,0,99,182,18898,67,5,164,6,3051
3619,28,0,98,189,12312,29,0,131,10,2468
3620,56,0,84,166,14627,36,5,96,1,2096
3621,45,1,59,194,2345,69,4,64,10,1926
3622,22,1,62,163,19301,17,1,85,5,2126
3623,34,0,67,186,8641,110,3,129,3,2437
3624,37,0,106,172,16099,76,5,139,7,3004
3625,58,1,90,173,14385,11,4,60,8,2150
3626,63,0,83,178,9644,31,3,68,3,1825
3627,29,1,59,187,2611,79,4,144,10,2250
3628,23,0,97,176,19462,112,3,130,3,3142
3629,34,1,108,187,11773,113,5,166,3,2986
3630,36,1,107,189,19448,45,0,123,6,2807
3631,43,1,60,194,6779,117,4,138,6,2536
3632,61,0,114,172,10450,33,3,83,3,2070
3633,61,0,110,180,8150,21,3,64,6,1940
3634,49,0,57,185,17737,90,3,110,9,2944
3635,23,0,91,166,13592,31,0,97,8,2314
3636,53,0,53,186,14861,92,4,178,7,2929
3637,55,1,107,152,10755,82,0,88,7,2688
3638,28,1,78,185,1711,85,1,105,8,2112
3639,50,1,73,154,14706,105,4,111,7,2942
3640,41,1,81,164,11924,104,5,105,3,2577
3641,40,1,87,155,14073,90,1,134,8,2957
3642,32,1,108,159,16921,32,1,127,8,2714
3643,44,1,68,181,18813,83,0,118,1,2644
3644,28,0,115,172,7444,72,5,69,10,2485
3645,34,1,78,166,11684,39,4,157,5,2298
3646,31,0,92,169,4420,28,0,63,5,1576
3647,44,1,56,193,3068,35,3,111,1,1387
3648,35,1,67,190,8159,99,2,133,6,2479
3649,45,0,57,164,5806,20,2,156,6,1809
3650,64,1,89,193,7844,29,3,169,4,2106
3651,64,0,109,171,12683,65,4,77,6,2556
3652,21,1,91,155,3906,54,3,135,6,2021
3653,24,0,102,153,12117,77,1,110,1,2373
3654,62,1,49,172,4665,56,2,82,5,1710
3655,52,0,49,193,12622,85,5,167,2,2499
3656,26,0,104,194,10348,98,5,84,7,2672
3657,25,1,65,168,16498,67,0,119,9,2716
3658,62,1,68,194,8882,19,5,96,9,1945
3659,34,0,62,180,6289,31,2,127,9,1968
3660,34,1,65,193,14910,80,4,136,7,2741
3661,50,0,98,152,8798,33,4,77,7,2081
3662,49,1,54,177,4408,75,3,88,1,1673
3663,25,0,68,152,18545,105,2,167,6,3133
3664,36,1,104,163,18643,94,2,89,5,3020
3665,55,0,101,167,14959,70,4,171,8,3004
3666,20,1,67,176,5090,16,1,178,8,1893
3667,22,0,66,159,12033,81,5,161,4,2498
3668,30,0,112,164,16362,47,1,151,1,2506
3669,64,1,78,168,14783,30,5,66,6,2189
3670,63,1,114,158,12394,17,2,147,10,2581
3671,48,0,72,153,3981,98,4,100,1,1977
3672,33,0,83,164,9065,37,1,133,5,2099
3673,49,0,86,157,4554,101,2,96,5,2293
3674,39,0,67,150,13579,63,0,86,3,2179
3675,46,1,114,156,19773,40,2,80,5,2658
3676,39,0,46,180,9158,109,4,159,6,2593
3677,60,0,68,167,2014,98,2,102,5,2078
3678,20,0,61,161,14527,50,5,110,1,2080
3679,27,1,109,179,13872,46,2,152,7,2662
3680,59,0,114,182,15201,47,4,130,3,2538
3681,38,1,113,156,11218,60,0,72,7,2445
3682,33,1,104,177,4713,85,5,168,5,2456
3683,29,1,94,152,18876,46,2,112,3,2521
3684,19,1,56,192,8585,110,3,146,6,2555
3685,58,1,91,155,5122,40,1,122,1,1735
3686,41,1,111,180,10892,71,4,173,6,2760
3687,52,1,109,187,17838,27,5,116,4,2489
3688,47,0,71,164,18301,99,5,84,4,2805
3689,47,0,92,156,5374,15,4,164,5,1893
3690,64,1,106,192,1489,18,3,168,9,2065
3691,52,0,88,179,1984,20,4,72,1,1284
3692,36,0,63,176,18344,104,2,96,3,2719
3693,25,1,103,166,2782,119,0,89,4,2327
3694,43,0,52,167,15959,11,5,149,2,2009
3695,57,1,99,171,15542,38,0,71,9,2550
3696,24,0,91,175,6983,119,2,124,7,2757
3697,47,1,46,176,2869,60,1,77,1,1406
3698,24,1,83,189,12496,115,0,144,9,3072
3699,20,0,89,173,7838,78,4,176,6,2525
3700,18,0,76,157,14550,32,4,177,2,2227
3701,53,1,109,170,6702,109,2,121,1,2487
3702,42,1,82,178,14027,16,2,83,6,2072
3703,54,1,55,192,12860,65,5,119,7,2450
3704,18,0,54,170,7032,86,3,76,10,2323
3705,32,0,103,152,2825,115,2,165,6,2619
3706,54,0,99,180,12554,71,0,119,7,2731
3707,30,0,64,172,16333,83,1,68,6,2572
3708,57,1,61,176,13470,109,2,111,8,2890
3709,25,1,112,158,4770,89,4,163,2,2354
3710,22,1,49,182,1029,24,0,151,9,1619
3711,26,1,104,182,9958,62,1,74,9,2439
3712,18,0,67,175,16502,52,4,136,9,2670
3713,53,1,90,177,9806,92,0,87,7,2602
3714,52,1,96,193,10196,94,2,176,9,3021
3715,19,0,54,192,3121,44,3,140,1,1519
3716,57,0,90,180,4009,88,1,68,3,2004
3717,40,1,72,150,8739,23,5,115,2,1692
3718,26,0,87,169,5059,102,1,144,1,2242
3719,51,1,70,161,12285,78,2,153,5,2583
3720,63,0,99,166,3910,58,3,134,1,1945
3721,31,0,92,164,15674,27,1,153,3,2356
3722,21,1,73,183,19354,60,2,95,6,2629
3723,47,0,71,165,13161,10,2,115,6,2033
3724,48,1,62,153,12116,36,5,148,3,2106
3725,55,0,104,157,14051,73,5,130,4,2724
3726,28,0,118,183,18626,69,0,79,7,2985
3727,52,0,113,174,18096,100,4,114,6,3188
3728,25,0,118,164,14054,98,5,177,2,2987
3729,20,0,65,177,15070,50,2,119,9,2512
3730,31,1,68,158,10485,30,0,94,6,1936
3731,30,0,47,151,15413,23,3,133,2,1951
3732,62,1,106,166,12855,29,2,158,7,2553
3733,49,0,46,159,7153,101,3,60,10,2398
3734,51,1,110,158,6587,94,4,137,10,2814
3735,62,0,86,180,9827,96,2,104,4,2465
3736,36,1,78,151,7861,20,3,128,1,1687
3737,55,1,86,173,11804,75,3,99,10,2698
3738,33,0,64,168,14979,93,0,167,9,3050
3739,19,0,112,166,2297,33,4,97,10,1995
3740,57,0,89,192,15745,98,5,179,8,3289
3741,34,1,119,159,1357,46,5,178,5,2093
3742,51,1,86,177,17300,95,4,157,3,2992
3743,59,0,91,187,15433,33,1,83,4,2247
3744,33,0,49,177,17624,24,0,63,3,1884
3745,55,1,93,150,11796,21,0,150,10,2475
3746,19,1,81,152,19210,119,1,128,8,3328
3747,19,0,78,164,9115,104,0,166,5,2644
3748,43,1,117,159,4860,116,0,72,8,2658
3749,30,0,114,170,13443,73,2,163,1,2586
3750,64,0,82,186,5447,40,3,80,9,1945
3751,48,0,63,164,17521,62,3,160,10,2961
3752,51,1,84,172,2967,103,1,91,3,2107
3753,56,1,82,163,7579,114,5,97,1,2242
3754,20,1,104,164,5849,93,3,154,3,2405
3755,25,1,86,159,8167,81,3,91,2,2088
3756,40,0,116,158,8466,53,0,138,7,2450
3757,31,1,109,193,13349,39,5,178,10,2794
3758,44,0,97,188,3019,44,5,116,4,1795
3759,46,0,51,154,7174,30,1,107,7,1799
3760,56,0,49,174,16689,113,2,89,3,2709
3761,56,1,68,191,8092,72,0,166,6,2452
3762,18,0,72,175,18576,101,3,130,7,3041
3763,34,0,106,157,11505,112,3,97,7,2928
3764,58,1,61,171,3355,26,1,154,5,1676
3765,47,0,64,174,19890,21,3,103,6,2387
3766,30,1,47,161,1333,27,3,85,3,1152
3767,38,1,81,158,3562,101,4,159,4,2318
3768,36,1,59,159,15776,69,0,169,6,2721
3769,36,0,95,159,2795,76,4,166,3,2148
3770,42,1,92,158,16270,24,0,149,7,2561
3771,39,1,52,175,1253,25,1,167,3,1433
3772,48,1,57,184,4657,31,3,61,9,1714
3773,34,1,92,176,10615,104,2,102,4,2628
3774,40,1,47,180,4237,72,2,168,2,1911
3775,49,1,109,168,4331,40,3,102,6,1949
3776,27,0,117,192,2027,10,4,122,9,1797
3777,27,1,75,187,15199,84,4,132,10,2960
3778,53,0,70,155,19550,15,5,117,10,2593
3779,25,1,100,164,14283,96,3,176,2,2840
3780,37,0,78,178,13186,18,5,107,4,1984
3781,49,1,53,194,17853,61,5,64,5,2378
3782,31,0,106,154,14781,89,3,150,9,3139
3783,45,0,57,163,16120,71,0,135,7,2686
3784,63,0,113,151,6983,67,5,94,5,2347
3785,41,1,85,172,2093,111,3,152,6,2433
3786,32,0,45,193,5789,117,0,75,9,2384
3787,39,0,91,168,3912,28,2,142,4,1737
3788,47,0,48,173,16111,118,5,108,2,2684
3789,21,0,107,169,15332,22,3,119,5,2300
3790,30,1,96,176,17564,41,3,166,7,2783
3791,40,0,54,173,13259,109,3,176,4,2807
3792,25,0,72,166,10412,18,5,110,1,1646
3793,35,0,50,174,17006,119,2,150,8,3161
3794,29,1,71,180,10755,119,4,141,5,2780
3795,48,0,56,172,5684,58,0,118,10,2184
3796,31,0,106,177,8854,46,3,123,2,2024
3797,51,0,96,171,7417,40,0,164,3,2136
3798,35,0,92,154,18946,40,3,72,10,2718
3799,51,1,111,193,14127,68,0,153,10,3027
3800,28,0,90,191,18797,64,4,85,5,2680
3801,58,0,118,157,11698,28,3,129,4,2322
3802,29,1,59,187,18401,72,3,62,9,2645
3803,32,1,115,177,16428,11,3,146,9,2630
3804,48,1,80,161,4654,54,0,71,8,1978
3805,46,0,58,174,15997,105,5,100,2,2643
3806,43,1,47,187,14742,52,4,164,5,2425
3807,35,0,111,193,9949,107,2,138,8,2981
3808,49,1,63,164,12971,10,4,124,8,2091
3809,39,0,98,193,16391,94,2,122,7,3025
3810,55,1,113,190,17565,70,4,109,4,2821
3811,34,0,54,183,7829,12,0,106,3,1504
3812,40,1,77,194,11487,100,4,67,8,2658
3813,41,0,57,162,3667,53,3,90,8,1836
3814,25,0,95,157,10991,16,3,70,10,2134
3815,58,0,76,162,17287,42,1,76,5,2382
3816,23,0,119,185,7173,18,3,86,3,1802
3817,22,0,68,155,10691,39,1,154,5,2105
3818,61,0,79,187,16208,27,0,86,4,2197
3819,46,0,114,181,14235,65,1,137,8,2908
3820,45,0,84,170,14663,99,2,174,2,2894
3821,28,1,82,193,10176,93,3,146,8,2807
3822,18,0,88,193,19748,111,1,115,10,3377
3823,60,0,106,156,16072,114,1,128,6,3250
3824,36,1,112,175,6516,40,5,153,4,2112
3825,26,0,77,164,19599,81,2,157,3,2880
3826,44,1,100,191,17509,72,2,106,10,3024
3827,51,0,80,172,3620,96,1,78,5,2158
3828,61,1,98,187,18835,59,4,116,6,2907
3829,21,1,63,190,10200,98,1,90,1,2205
3830,53,0,87,164,12896,10,2,75,1,1743
3831,35,1,56,189,1696,119,5,104,10,2402
3832,32,0,55,165,3270,91,3,86,3,1838
3833,30,0,114,181,10226,28,1,120,2,2042
3834,36,0,56,186,17060,115,3,85,1,2655
3835,23,0,85,167,10727,73,0,162,8,2691
3836,29,1,69,169,10005,62,1,88,1,1918
3837,54,0,47,151,16084,15,0,172,10,2497
3838,34,1,47,172,15816,26,5,174,8,2423
3839,40,1,72,179,7717,55,4,162,5,2175
3840,43,0,67,152,19428,118,0,103,4,3033
3841,46,0,92,188,2116,81,0,168,8,2414
3842,50,0,111,150,18540,115,2,88,8,3348
3843,44,0,86,190,16179,82,3,168,8,3068
3844,42,1,84,171,1988,110,5,169,3,2352
3845,27,0,50,178,11658,64,2,170,8,2522
3846,64,1,64,163,6587,100,3,154,1,2295
3847,40,0,55,177,19212,109,5,61,4,2760
3848,38,0,71,170,16803,15,2,65,5,2029
3849,38,0,65,194,17271,79,3,68,6,2614
3850,60,0,57,181,11269,118,0,74,5,2566
3851,30,1,79,155,7088,77,5,143,5,2275
3852,54,1,91,150,3345,95,4,171,5,2463
3853,50,0,72,170,10276,49,2,117,9,2364
3854,41,1,65,153,11543,100,1,61,10,2693
3855,61,1,62,152,4005,110,4,62,10,2376
3856,28,0,75,179,5435,75,1,178,3,2208
3857,34,0,104,180,17220,18,2,111,2,2214
3858,21,1,81,183,11687,20,2,114,10,2248
3859,64,1,65,168,15147,29,1,112,2,2052
3860,42,1,58,169,14613,52,4,153,8,2547
3861,47,1,104,172,16216,112,4,131,5,3170
3862,26,0,67,189,7628,67,5,99,5,2045
3863,38,0,73,174,1076,87,2,144,6,2125
3864,37,1,91,164,6752,35,3,98,9,2071
3865,36,0,74,187,19946,47,0,102,7,2677
3866,36,1,82,172,18956,103,2,177,5,3260
3867,29,1,71,151,15994,45,2,72,5,2260
3868,54,0,59,164,6970,111,1,163,10,2815
3869,59,1,103,193,8952,108,1,164,9,3061
3870,34,1,47,184,12862,64,5,171,9,2621
3871,54,0,54,159,4111,15,1,96,2,1308
3872,56,0,61,163,3737,12,0,114,7,1558
3873,45,1,55,176,10544,74,4,91,10,2469
3874,58,1,92,163,5649,73,2,73,1,1951
3875,41,0,49,184,4868,67,1,124,4,1913
3876,64,1,113,182,8824,67,4,86,2,2197
3877,35,1,108,150,8799,27,0,83,10,2192
3878,31,0,58,183,13379,32,3,174,9,2435
3879,52,0,94,168,18386,105,3,172,6,3346
3880,61,0,70,173,9614,38,1,81,4,1906
3881,58,0,116,191,12101,32,4,137,3,2332
3882,24,0,113,153,8906,45,1,104,4,2124
3883,41,0,51,185,6359,79,1,67,2,1827
3884,30,1,60,162,10615,90,3,150,5,2489
3885,35,1,99,181,19017,91,1,126,9,3257
3886,54,0,100,172,2753,104,3,123,6,2464
3887,30,0,48,188,14481,15,5,156,2,1921
3888,53,1,92,165,15130,43,0,174,6,2700
3889,48,1,61,152,12114,53,1,106,9,2377
3890,19,1,80,169,11495,53,3,80,4,2075
3891,33,0,114,159,1146,36,4,91,1,1506
3892,26,0,82,171,8507,109,4,163,2,2554
3893,26,1,106,152,17700,61,4,164,5,2917
3894,55,0,92,160,16977,51,1,104,10,2839
3895,28,0,54,174,9797,34,0,103,7,1978
3896,39,0,80,191,9766,83,4,100,8,2490
3897,50,1,73,157,2177,48,0,155,3,1766
3898,53,1,48,158,12518,119,4,111,9,2927
3899,62,0,88,164,4422,48,0,147,2,1895
3900,40,0,100,181,3594,21,1,70,4,1554
3901,62,0,86,152,12074,20,5,160,4,2199
3902,62,0,57,153,18148,116,2,174,6,3304
3903,51,0,90,172,12392,12,5,144,10,2396
3904,26,1,77,162,1435,31,5,77,6,1484
3905,41,0,65,193,4351,13,3,70,3,1324
3906,25,0,101,170,12169,17,4,86,9,2200
3907,24,1,113,190,17518,23,5,102,5,2450
3908,53,1,114,168,9995,93,1,161,2,2708
3909,35,1,111,188,3366,97,0,124,6,2463
3910,20,0,92,171,13367,23,1,113,3,2034
3911,45,1,77,169,12454,101,0,88,8,2767
3912,23,1,80,186,10668,25,2,80,3,1762
3913,61,1,77,180,4415,41,4,88,5,1730
3914,61,1,75,159,11232,73,2,68,4,2241
3915,38,1,65,167,18390,85,0,120,4,2824
3916,45,1,71,192,5691,25,2,121,2,1577
3917,57,0,116,188,8669,61,1,130,8,2608
3918,18,1,106,169,19280,28,3,161,3,2610
3919,53,1,70,167,3748,78,3,154,4,2139
3920,38,0,110,160,3661,21,4,150,6,1925
3921,60,0,56,171,16173,102,0,178,9,3190
3922,52,0,66,193,12599,14,1,165,4,2099
3923,30,0,61,167,7107,51,5,155,3,1965
3924,27,1,51,183,13698,26,2,64,5,1872
3925,61,1,112,172,14309,81,4,156,9,3189
3926,64,1,81,150,3661,113,0,74,1,2063
3927,27,1,82,159,16133,113,5,116,5,2965
3928,63,0,55,150,9210,103,2,64,4,2283
3929,30,1,45,187,4358,19,3,79,5,1322
3930,54,1,69,188,1275,93,4,161,7,2281
3931,55,0,86,158,5078,118,3,160,7,2780
3932,41,1,96,180,12137,25,2,140,7,2350
3933,19,1,68,156,5698,114,2,173,1,2379
3934,39,1,97,166,1364,25,4,63,9,1655
3935,34,1,100,184,11165,51,4,115,7,2410
3936,53,0,107,186,1794,12,5,144,4,1700
3937,31,0,52,167,14646,32,5,178,4,2239
3938,27,0,103,182,6870,95,3,93,2,2213
3939,52,0,89,153,1589,37,1,99,6,1729
3940,42,0,71,172,5313,119,5,128,10,2719
3941,20,1,96,160,17211,54,4,127,3,2535
3942,64,1,62,158,8377,109,2,81,1,2193
3943,55,0,60,179,9861,77,5,73,5,2210
3944,34,0,110,157,18821,111,2,127,6,3336
3945,29,0,49,189,13952,33,1,67,5,1889
3946,41,1,47,154,10047,28,3,126,5,1875
3947,46,0,114,161,5033,84,3,105,10,2614
3948,60,1,51,150,19277,49,3,88,8,2590
3949,42,1,94,164,19226,55,4,149,10,3135
3950,53,1,58,174,17710,49,0,173,1,2463
3951,43,1,82,167,19784,71,2,178,8,3177
3952,55,0,91,187,5278,119,0,153,7,2785
3953,18,1,77,191,8500,112,1,71,1,2180
3954,37,1,87,175,5015,27,4,138,9,2005
3955,45,0,73,189,9242,21,2,175,4,1992
3956,33,1,101,152,8826,23,0,111,7,2065
3957,64,1,49,171,10201,91,0,117,3,2338
3958,34,1,104,175,16105,70,5,164,8,3017
3959,57,0,114,168,1153,117,4,61,4,2262
3960,45,1,46,193,9773,115,0,60,2,2212
3961,29,1,114,193,18171,21,4,170,2,2500
3962,44,0,87,188,5886,113,4,114,8,2683
3963,59,0,48,185,3267,36,3,170,8,1913
3964,64,1,100,170,1970,15,5,151,1,1537
3965,47,1,82,190,9839,97,0,163,6,2898
3966,58,0,53,175,14813,42,2,158,9,2564
3967,51,1,47,162,18329,118,1,93,9,3142
3968,54,0,92,185,15450,89,1,123,2,2710
3969,23,1,87,173,6618,59,2,127,8,2240
3970,24,0,45,190,2495,21,1,141,8,1582
3971,49,1,101,175,3047,104,3,71,4,2247
3972,41,0,97,170,10364,66,5,109,4,2327
3973,42,0,60,167,14091,110,1,80,5,2644
3974,50,0,95,164,3886,62,4,69,10,2196
3975,41,0,119,164,16161,22,5,144,7,2590
3976,29,0,99,155,5158,81,4,163,1,2185
3977,33,1,45,192,7733,111,1,148,9,2662
3978,33,1,72,180,2657,12,0,173,3,1519
3979,60,0,97,177,6043,73,2,140,4,2321
3980,53,1,102,157,7360,93,2,174,7,2794
3981,30,1,117,178,17862,67,4,129,5,2911
3982,24,1,104,170,10329,13,0,73,5,1854
3983,53,1,103,166,5043,117,0,160,1,2522
3984,64,1,66,173,15242,54,3,99,2,2212
3985,26,1,52,185,1597,75,4,163,5,1969
3986,49,0,93,180,3324,45,4,141,2,1795
3987,28,1,86,183,8299,32,2,89,1,1658
3988,25,1,71,151,12231,118,0,132,10,3060
3989,50,1,83,191,1569,28,0,73,3,1365
3990,40,0,69,152,4328,49,1,169,1,1808
3991,42,1,82,179,17524,81,5,111,10,3056
3992,25,1,68,157,4280,25,5,169,8,1905
3993,62,1,68,156,4590,67,0,76,8,2047
3994,39,0,104,161,19422,116,3,121,8,3436
3995,21,1,94,168,18458,27,3,157,7,2678
3996,57,0,110,175,14570,45,0,169,7,2812
3997,20,1,58,177,3225,33,3,81,2,1285
3998,46,0,97,164,15878,10,1,112,9,2447
3999,58,0,76,163,10533,10,1,91,7,1957
4000,46,0,92,163,10881,73,3,135,5,2535
4001,51,1,83,152,17747,71,4,114,4,2709
4002,51,0,84,178,14366,119,4,139,8,3190
4003,45,0,86,155,16515,45,4,81,5,2395
4004,30,0,52,172,11832,84,1,97,6,2366
4005,32,0,70,177,3030,27,5,109,4,1487
4006,40,1,56,163,7685,25,1,162,2,1739
4007,61,1,87,163,7157,26,0,125,7,2053
4008,43,1,95,169,14668,33,0,104,2,2171
4009,21,1,107,162,18001,107,1,178,7,3409
4010,43,0,93,176,19366,77,1,67,7,2904
4011,57,1,71,184,1193,108,5,167,1,2108
4012,26,0,53,194,9164,88,4,124,10,2517
4013,22,1,83,151,2119,11,1,164,10,1849
4014,49,1,109,190,14351,104,4,99,3,2864
4015,37,1,115,194,7540,82,3,164,3,2526
4016,28,0,115,189,13394,19,5,64,6,2147
4017,32,1,51,173,17910,62,3,104,3,2351
4018,49,1,116,178,15860,98,5,105,9,3177
4019,45,1,111,152,6845,60,0,95,5,2182
4020,39,0,54,194,8971,78,5,76,6,2161
4021,58,1,115,153,15153,23,4,100,6,2401
4022,34,1,97,151,4526,115,3,89,8,2549
4023,43,0,101,169,2634,111,2,111,10,2612
4024,61,0,71,164,12201,113,1,138,3,2736
4025,24,1,98,181,1093,75,1,79,9,2102
4026,59,1,48,191,8716,91,2,95,7,2344
4027,43,1,67,150,15331,102,3,125,6,2896
4028,42,0,92,187,17472,62,5,104,1,2463
4029,27,0,86,184,15241,93,4,63,4,2607
4030,62,0,47,156,19934,73,4,109,5,2723
4031,36,1,47,194,12006,81,4,147,2,2287
4032,28,0,72,162,7357,110,4,171,1,2423
4033,30,1,107,150,2445,58,0,114,2,1794
4034,25,0,75,163,7335,99,5,118,8,2527
4035,57,0,54,178,19214,71,0,101,10,2944
4036,21,0,93,152,17938,46,1,61,6,2462
4037,64,1,65,173,12956,58,4,105,10,2538
4038,48,1,97,150,19818,77,2,61,2,2667
4039,45,1,98,159,7919,42,4,109,9,2292
4040,28,1,101,162,6593,31,3,60,8,1933
4041,60,0,64,185,17586,79,1,72,4,2559
4042,18,1,93,158,8153,42,3,129,10,2329
4043,64,0,51,163,5542,37,5,81,7,1769
4044,55,1,73,185,17192,97,4,76,3,2683
4045,41,1,92,159,14403,13,3,118,6,2205
4046,64,0,57,189,14065,75,3,172,3,2598
4047,48,0,47,172,10878,86,3,145,10,2714
4048,58,1,46,184,1828,119,2,166,3,2194
4049,63,1,60,156,8170,58,0,129,9,2340
4050,43,0,50,191,19406,20,0,175,6,2471
4051,22,0,89,184,10749,44,2,62,8,2172
4052,37,0,115,151,14216,48,4,169,4,2669
4053,58,0,49,164,12049,19,4,129,4,1914
4054,28,0,100,158,7785,116,2,140,8,2907
4055,50,1,115,166,9998,83,4,158,7,2849
4056,55,1,76,188,5655,81,1,108,5,2185
4057,44,1,93,167,19458,78,1,174,2,2983
4058,51,1,57,164,7918,32,2,109,6,1867
4059,32,0,74,167,4436,43,0,160,1,2389
4060,49,0,69,173,5872,41,3,170,7,2142
4061,38,0,104,172,1360,25,5,94,9,1766
4062,63,1,103,161,12909,77,5,82,5,2604
4063,22,0,72,172,5599,63,0,131,5,2035
4064,23,0,102,170,11168,37,3,66,7,2182
4065,55,1,64,175,7731,117,5,109,5,2524
4066,39,1,78,157,3077,69,2,69,10,2040
4067,35,1,49,179,14750,87,0,149,4,2598
4068,31,0,104,183,19557,85,0,114,1,2838
4069,27,0,87,151,5691,69,2,133,6,2246
4070,63,1,101,154,18773,94,1,78,9,3195
4071,30,1,101,180,4514,89,3,82,4,2162
4072,48,0,119,182,3919,53,1,154,10,2490
4073,47,1,98,153,17385,11,1,123,4,2295
4074,20,0,89,155,19317,32,0,92,5,2439
4075,47,1,81,172,1393,102,1,125,6,2230
4076,23,1,92,194,14457,55,0,151,3,2483
4077,46,1,98,168,1529,116,4,155,9,2705
4078,25,0,92,192,13211,82,2,156,1,2519
4079,61,0,50,194,7495,63,0,68,6,1946
4080,62,1,78,157,7953,80,1,88,6,2337
4081,60,0,107,188,2713,102,5,138,8,2624
4082,61,1,92,162,1635,117,3,77,5,2267
4083,50,1,67,150,16193,90,4,141,9,3022
4084,34,0,57,155,15633,18,5,177,9,2479
4085,28,0,91,156,10309,79,0,130,2,2338
4086,30,0,88,176,16778,53,3,137,5,2628
4087,28,0,76,164,8445,93,0,88,7,2407
4088,48,1,70,183,13415,83,3,173,2,2555
4089,45,0,97,172,15281,82,3,175,7,3056
4090,61,0,58,173,7602,21,0,142,9,2058
4091,23,1,96,164,1037,106,3,120,8,2428
4092,58,1,80,184,10824,41,0,64,10,2261
4093,33,1,52,153,4775,43,2,164,9,2057
4094,21,1,84,193,11555,92,5,173,4,2741
4095,52,0,66,186,6120,42,1,168,8,2204
4096,43,0,60,166,15678,73,4,128,9,2763
4097,29,1,104,180,18425,57,2,115,10,2994
4098,28,1,104,187,5715,25,1,177,2,1897
4099,54,0,54,159,2394,59,3,111,10,2028
4100,42,0,69,176,3869,32,1,74,3,1426
4101,35,0,75,191,4676,35,1,149,1,1671
4102,36,0,65,155,4721,118,5,147,1,2282
4103,40,0,77,155,6690,63,2,142,10,2423
4104,55,1,75,164,6818,53,1,79,6,2029
4105,35,1,65,153,1234,114,1,166,1,2098
4106,43,1,80,189,4140,46,1,132,5,1914
4107,23,1,109,156,9638,18,5,176,6,2248
4108,21,0,48,194,13897,103,1,177,9,2989
4109,61,1,112,175,18383,22,2,151,6,2753
4110,46,0,48,180,18718,69,3,75,4,2418
4111,51,0,53,151,9325,115,1,134,1,2408
4112,34,0,74,177,11624,89,1,157,6,2741
4113,60,0,89,191,7090,119,4,84,7,2689
4114,60,0,48,162,12377,11,3,163,5,1992
4115,33,0,113,167,18495,104,3,178,6,3405
4116,19,0,67,179,15870,69,5,116,10,2776
4117,51,1,60,160,3103,66,3,80,8,1915
4118,25,0,66,162,6125,52,2,64,1,1541
4119,30,1,116,173,7590,28,3,134,8,2230
4120,59,1,92,178,11212,20,0,166,2,2138
4121,25,0,106,154,10600,87,3,68,2,2316
4122,47,1,104,184,3921,56,1,70,8,2069
4123,49,1,49,168,5734,98,0,160,2,2161
4124,53,1,51,162,17037,72,3,164,8,2864
4125,64,1,95,154,1836,16,3,124,5,1643
4126,47,1,109,193,13094,88,4,122,9,3012
4127,18,0,53,163,10028,103,5,85,9,2564
4128,60,0,89,187,11749,40,2,133,8,2473
4129,56,0,91,171,16432,97,1,163,9,3324
4130,34,1,111,158,12051,64,4,78,7,2525
4131,37,0,68,189,16586,34,3,75,8,2357
4132,41,1,54,175,6312,81,5,168,6,2286
4133,39,0,117,194,4822,39,0,115,9,2185
4134,46,1,92,154,12622,45,3,160,2,2341
4135,39,0,79,178,17099,59,0,173,3,2698
4136,61,0,98,171,18188,23,0,164,2,2463
4137,26,1,115,152,2075,38,5,127,6,1915
4138,54,1,60,177,15063,36,5,137,3,2180
4139,27,1,97,187,17383,59,5,89,1,2383
4140,53,1,84,163,10605,45,4,66,4,1976
4141,54,1,64,163,5452,43,4,71,5,1705
4142,45,0,113,192,19047,30,5,83,4,2492
4143,45,1,89,160,13298,47,5,162,6,2557
4144,59,0,50,158,13368,84,0,166,3,2550
4145,60,0,113,187,8428,106,0,81,10,2910
4146,38,0,93,193,19437,88,5,106,6,3069
4147,41,0,83,155,16817,85,5,89,10,2960
4148,59,0,46,150,3420,97,1,119,1,1885
4149,57,1,83,174,19912,59,5,98,6,2793
4150,19,1,65,165,5317,46,2,79,8,1828
4151,25,0,84,164,9412,84,4,85,10,2561
4152,44,0,98,183,17321,28,0,108,8,2565
4153,39,1,56,166,1227,10,4,128,1,1124
4154,54,1,81,152,19721,90,3,163,7,3249
4155,44,0,82,152,12456,49,1,101,10,2520
4156,46,1,59,186,1955,64,5,65,10,1873
4157,20,1,51,166,18881,89,4,112,4,2704
4158,61,1,94,187,10472,35,3,93,6,2149
4159,30,0,109,150,2978,52,1,128,6,2084
4160,62,1,111,156,18913,68,0,69,5,2809
4161,27,0,88,175,13675,60,0,87,10,2647
4162,53,0,75,188,17128,116,2,62,9,3086
4163,26,0,87,168,16668,24,1,136,10,2637
4164,44,0,92,179,8445,17,4,107,8,2019
4165,51,0,105,192,5284,103,0,170,6,2726
4166,18,1,119,163,18585,23,0,125,4,2531
4167,49,0,54,162,8131,106,4,94,4,2297
4168,42,0,73,169,11614,115,2,111,9,2894
4169,46,0,92,175,1759,16,3,173,4,1674
4170,24,1,106,176,14684,27,3,121,7,2431
4171,20,1,57,174,10680,21,2,111,6,1894
4172,37,1,88,158,5371,11,1,175,2,1694
4173,37,1,91,190,13651,59,3,106,5,2454
4174,47,1,108,161,2665,102,3,113,3,2269
4175,52,1,97,159,7918,30,3,87,9,2140
4176,52,1,88,155,11194,16,2,160,10,2386
4177,56,0,72,183,12213,100,2,82,1,2364
4178,44,0,46,190,16745,21,1,166,10,2534
4179,43,1,101,168,8636,93,4,146,4,2600
4180,31,0,101,155,18749,66,2,94,4,2712
4181,34,0,78,151,8344,87,5,164,9,2712
4182,35,1,102,164,4201,83,1,162,1,2203
4183,62,0,96,166,5752,114,0,178,2,2624
4184,46,0,73,165,10575,32,1,91,1,1766
4185,37,1,79,177,11327,39,3,61,1,1737
4186,44,0,119,170,16891,67,0,170,1,2791
4187,35,1,92,157,14029,104,5,167,3,2909
4188,21,1,77,159,7091,61,3,171,4,2160
4189,18,0,119,159,18905,65,1,75,10,3040
4190,18,0,117,159,16866,19,5,75,2,2119
4191,43,0,53,158,8521,28,0,110,1,1578
4192,62,1,92,177,16410,28,0,126,5,2472
4193,37,1,111,173,19007,117,5,151,6,3478
4194,40,1,80,168,6820,96,5,152,2,2334
4195,27,0,115,182,12453,68,1,113,3,2476
4196,28,0,88,153,5696,53,4,79,10,2151
4197,58,1,104,152,2867,114,5,159,3,2534
4198,58,0,107,191,16723,68,1,92,2,2637
4199,22,0,49,161,12817,105,1,145,4,2620
4200,18,1,84,167,1168,93,3,67,5,1923
4201,34,1,63,172,11213,13,5,179,8,2191
4202,39,0,91,169,16223,106,1,170,6,3204
4203,51,1,109,155,12452,74,4,83,9,2753
4204,62,0,111,183,9027,22,4,112,3,2002
4205,58,1,62,191,17291,76,5,123,10,2962
4206,46,1,94,151,11641,21,1,117,9,2326
4207,21,1,74,179,1224,102,4,177,4,2234
4208,22,0,110,158,9749,64,1,96,8,2490
4209,28,0,49,176,7582,70,5,143,10,2356
4210,38,1,86,191,2573,104,0,71,7,2227
4211,52,1,49,183,9577,50,3,143,7,2228
4212,29,1,94,189,9712,45,5,143,9,2418
4213,43,0,102,173,7763,11,4,63,10,1964
4214,36,1,52,166,13164,31,0,153,2,2012
4215,62,1,75,178,6217,31,4,90,5,1786
4216,24,1,56,185,17272,50,1,145,3,2417
4217,64,1,65,161,13734,104,0,138,7,2903
4218,24,0,106,180,12353,118,1,97,3,2756
4219,43,0,77,158,4501,23,4,96,5,1621
4220,57,1,70,168,14530,102,5,151,5,2928
4221,22,0,84,166,13394,44,5,134,2,2188
4222,38,0,109,151,2499,59,2,73,1,1713
4223,31,0,103,189,10669,18,5,134,6,2144
4224,21,1,59,154,11519,105,5,132,1,2393
4225,40,0,45,188,14239,68,2,83,9,2475
4226,59,0,55,165,19128,65,0,69,10,2769
4227,37,0,99,166,3039,100,2,97,5,2280
4228,32,1,46,176,9311,19,3,102,1,1481
4229,62,1,109,156,4857,34,2,164,8,2267
4230,46,0,88,157,5950,54,3,96,1,1805
4231,25,0,60,157,16441,106,4,101,4,2713
4232,58,1,66,172,13735,20,5,91,7,2097
4233,36,1,62,181,2743,110,4,143,4,2220
4234,56,0,91,192,14283,18,1,73,5,2090
4235,63,0,74,167,10638,16,1,161,7,2191
4236,45,1,54,187,4616,80,2,63,4,1817
4237,63,1,102,161,16383,43,4,83,5,2463
4238,44,0,106,164,4894,92,3,155,7,2633
4239,21,1,50,177,19108,29,1,178,1,2229
4240,32,0,111,187,7227,115,5,176,3,2782
4241,52,0,85,180,11464,98,5,69,1,2328
4242,54,0,87,158,8847,14,5,177,3,1981
4243,18,1,62,157,5281,102,4,166,2,2219
4244,20,0,102,168,19584,64,0,75,5,2723
4245,64,0,104,157,3143,100,5,98,10,2609
4246,41,1,71,183,15780,98,3,155,5,2945
4247,44,1,112,153,4181,110,1,77,10,2683
4248,57,0,66,180,7520,24,3,84,9,1914
4249,53,0,68,187,14052,57,0,66,8,2421
4250,51,1,84,152,13271,13,0,115,3,1974
4251,46,1,118,184,18480,87,4,176,1,3113
4252,41,1,110,168,13499,90,4,106,5,2783
4253,41,0,84,192,9915,30,4,174,3,2100
4254,59,0,50,178,17122,89,1,141,5,2772
4255,21,0,62,159,12431,99,5,170,9,2912
4256,20,1,74,161,7918,18,3,141,1,1617
4257,51,0,65,179,9148,75,1,62,1,1914
4258,40,1,106,179,14038,116,3,60,9,3103
4259,40,0,54,167,14805,88,4,92,3,2431
4260,62,1,57,173,8749,44,4,130,10,2307
4261,22,0,53,181,3871,97,4,133,5,2127
4262,48,0,112,158,5489,60,0,167,9,2547
4263,58,1,83,173,5607,111,3,118,5,2546
4264,23,1,68,175,13973,87,0,131,3,2521
4265,54,0,78,152,13111,110,5,177,9,3227
4266,27,1,105,172,6834,46,1,91,7,2092
4267,57,1,85,160,10912,15,2,146,7,2169
4268,24,0,49,159,4399,91,1,76,8,2098
4269,56,1,94,185,19241,95,1,137,5,3173
4270,55,0,48,162,8604,91,2,76,2,2031
4271,38,0,95,178,11957,60,1,148,9,2719
4272,37,1,96,187,8731,75,5,80,3,2159
4273,20,1,83,162,19780,105,4,114,2,2914
4274,39,0,52,175,16808,26,4,65,10,2289
4275,64,0,89,169,3261,74,1,143,10,2457
4276,21,0,72,154,12809,18,5,108,5,1975
4277,45,0,71,169,18696,22,4,143,8,2529
4278,29,0,109,163,11056,109,3,85,3,2636
4279,55,0,78,194,19689,110,2,91,6,3153
4280,53,1,106,163,1997,67,2,131,9,2270
4281,64,1,106,157,16155,39,4,168,2,2561
4282,58,1,82,162,7353,40,5,171,8,2297
4283,22,0,70,173,19703,32,4,103,10,2670
4284,30,1,68,164,4207,72,5,118,7,2091
4285,40,0,83,150,10275,37,0,88,3,1921
4286,47,0,65,171,16874,68,0,76,1,2307
4287,54,1,91,183,4086,19,0,77,6,1648
4288,42,0,92,189,16973,98,1,99,2,2760
4289,44,0,57,152,18105,109,3,122,3,2869
4290,31,0,47,175,15870,99,3,141,5,2764
4291,64,0,76,163,2154,35,5,134,8,1875
4292,53,0,79,190,17029,118,0,104,2,2939
4293,56,0,63,157,8167,86,2,135,6,2390
4294,33,1,58,165,1016,26,3,138,1,1285
4295,39,0,92,191,8097,49,3,149,7,2365
4296,38,0,112,170,14165,77,5,62,4,2548
4297,38,0,89,159,19616,32,3,62,1,2152
4298,25,0,63,174,12654,44,1,97,9,2320
4299,33,1,108,187,18830,84,0,158,9,3333
4300,48,1,110,171,17205,85,5,132,3,2947
4301,59,0,110,153,10657,18,3,166,6,2351
4302,27,0,119,153,12959,88,1,99,7,2847
4303,49,0,89,179,12819,54,0,127,4,2355
4304,51,1,118,151,4083,46,3,113,6,2111
4305,26,1,111,178,10735,78,3,179,9,2969
4306,34,1,113,192,7952,28,1,79,10,2159
4307,28,1,47,185,15637,84,4,74,6,2500
4308,49,0,82,170,10463,82,4,152,7,2685
4309,27,1,86,170,6391,108,1,64,6,2395
4310,39,1,84,170,15468,36,2,98,7,2416
4311,34,0,94,153,16091,22,3,99,1,2066
4312,21,0,79,150,15964,66,2,66,6,2463
4313,64,1,68,175,9964,69,4,131,9,2580
4314,42,1,61,151,8914,21,4,155,3,1848
4315,38,1,84,158,15476,18,4,159,6,2371
4316,54,1,118,194,17866,115,4,92,4,3175
4317,55,0,110,167,8437,101,4,177,7,3004
4318,18,0,88,191,12371,86,3,96,7,2602
4319,42,1,67,190,10773,93,3,91,9,2625
4320,53,1,50,160,6203,86,1,102,4,2046
4321,34,1,110,174,16430,36,2,122,8,2708
4322,41,1,65,175,13462,99,4,95,8,2741
4323,41,1,79,185,10033,72,4,157,8,2640
4324,19,0,73,191,19256,102,4,108,8,3129
4325,57,0,51,184,16754,38,0,84,6,2275
4326,32,0,97,187,4320,31,0,167,8,2097
4327,49,1,81,152,15979,82,5,155,6,2852
4328,56,1,67,190,3728,97,4,125,10,2470
4329,23,0,52,184,18338,115,3,68,2,2659
4330,18,0,92,189,2595,28,0,161,3,1682
4331,64,1,54,171,3288,47,1,152,6,1911
4332,40,0,68,157,7845,104,3,161,7,2672
4333,56,1,91,164,8663,48,0,77,4,2009
4334,34,1,97,194,18127,24,0,81,1,2176
4335,51,0,83,156,18878,63,1,158,4,2825
4336,58,0,111,168,7944,41,5,74,6,2131
4337,46,0,110,189,13302,119,0,66,8,3072
4338,26,1,50,191,11180,55,5,72,4,1964
4339,30,1,65,172,1207,70,4,165,10,2233
4340,23,0,117,150,2083,102,1,95,1,2097
4341,23,1,118,194,19796,61,3,75,5,2802
4342,37,1,80,178,4311,43,0,100,7,1908
4343,20,1,47,162,9588,82,4,80,6,2137
4344,34,0,86,178,17592,44,1,87,3,2375
4345,29,1,89,190,14444,79,1,133,7,2805
4346,64,0,88,191,6850,46,1,142,4,2118
4347,62,0,77,155,19820,87,5,76,5,2881
4348,18,1,104,154,13719,70,0,124,7,2708
4349,34,0,114,183,17517,58,1,72,2,2486
4350,20,1,70,160,18022,18,3,95,4,2104
4351,43,0,65,158,2228,28,4,170,4,1660
4352,32,0,46,187,5019,96,3,117,6,2133
4353,53,1,91,189,10482,114,3,165,7,3022
4354,49,0,74,190,15105,37,3,79,4,2147
4355,49,0,71,158,19580,89,0,164,10,3332
4356,21,0,115,157,10895,35,1,163,1,2209
4357,35,1,64,193,15135,47,4,111,1,2125
4358,36,1,94,189,17245,49,2,65,5,2438
4359,60,0,67,152,11387,34,1,82,1,1828
4360,52,0,57,162,18359,108,2,101,3,2830
4361,57,0,48,168,15904,78,0,83,9,2685
4362,31,1,58,183,7121,80,4,175,3,2185
4363,50,1,64,181,2028,32,1,172,3,1624
4364,31,0,57,165,17909,98,1,64,9,2889
4365,51,1,47,185,3327,74,2,91,5,1831
4366,21,1,91,167,19930,31,2,105,8,2692
4367,41,1,47,163,18219,73,2,76,10,2774
4368,46,1,45,179,3483,77,0,134,9,2389
4369,36,0,68,151,3734,67,5,86,6,1915
4370,23,1,79,162,10730,37,2,127,7,2184
4371,50,1,58,176,11102,87,4,82,7,2405
4372,57,0,111,166,8304,106,0,146,7,2926
4373,36,0,57,180,5049,77,2,172,4,2156
4374,18,1,91,164,15947,115,0,93,2,2794
4375,22,1,94,169,10495,84,1,80,2,2269
4376,44,0,70,154,1392,112,5,81,7,2184
4377,33,0,47,156,12776,105,3,124,10,2872
4378,23,0,95,167,11867,13,2,91,7,2030
4379,57,1,84,160,3466,10,0,121,10,1898
4380,30,1,112,181,2225,35,3,87,7,1839
4381,52,0,80,176,15987,42,1,141,8,2693
4382,36,1,95,175,1461,90,1,66,3,1863
4383,29,0,45,186,10993,36,3,113,5,1901
4384,33,1,77,194,12465,51,4,161,6,2463
4385,60,0,51,177,17535,78,5,129,8,2839
4386,27,0,96,151,11461,80,4,73,8,2598
4387,42,1,55,169,13366,73,4,153,10,2771
4388,37,1,71,153,2785,34,2,114,3,1502
4389,48,1,58,162,7242,81,3,117,4,2137
4390,21,1,90,173,15312,107,5,103,6,2900
4391,61,1,54,187,7356,114,1,105,4,2401
4392,40,1,68,189,19220,13,3,73,10,2416
4393,19,0,105,194,10589,21,5,103,4,1982
4394,39,1,62,178,2493,67,3,100,5,1818
4395,54,0,53,185,18932,104,5,132,10,3291
4396,25,0,61,151,6163,20,0,154,7,1871
4397,24,1,102,190,10612,110,5,61,2,2442
4398,31,0,57,167,15297,117,0,141,2,2813
4399,20,0,94,157,6704,68,1,64,10,2277
4400,33,1,50,164,7688,45,1,149,9,2159
4401,36,1,95,190,16835,118,5,146,4,3172
4402,35,1,80,166,19447,31,3,71,5,2366
4403,33,0,115,172,19404,74,1,137,3,2926
4404,25,1,69,151,11341,59,1,136,2,2142
4405,50,1,55,155,8353,13,3,158,10,2076
4406,29,1,88,178,10142,109,0,106,8,2761
4407,28,1,58,176,16266,81,4,138,4,2587
4408,22,0,73,186,9216,98,2,94,1,2169
4409,44,1,118,183,16932,101,5,175,6,3342
4410,29,0,94,167,13017,61,4,78,6,2401
4411,34,1,49,191,1569,111,5,138,2,1990
4412,23,0,116,159,6112,109,0,122,2,2493
4413,50,0,113,187,2355,109,2,174,8,2769
4414,22,0,101,193,9056,52,3,67,7,2161
4415,45,1,70,166,17086,114,3,82,2,2772
4416,31,0,50,162,18214,55,5,72,10,2540
4417,22,1,60,191,15220,13,0,82,1,1740
4418,50,1,104,176,15498,22,2,90,8,2410
4419,58,1,56,151,1834,47,2,89,10,1851
4420,36,1,119,183,12308,54,1,101,2,2334
4421,39,1,47,180,1969,34,3,61,5,1347
4422,22,0,107,172,1592,76,4,70,6,1962
4423,19,1,108,156,1254,64,1,84,10,2105
4424,47,0,106,187,11306,105,4,88,1,2520
4425,64,0,50,182,3661,48,4,81,2,1486
4426,56,0,63,161,16309,74,2,78,10,2766
4427,21,0,62,194,9794,84,2,132,4,2340
4428,50,0,87,161,19223,11,5,100,2,2194
4429,30,0,117,168,6905,78,4,97,6,2404
4430,37,0,47,158,3431,95,5,88,4,1903
4431,24,1,116,159,8756,71,0,133,3,2373
4432,32,0,82,166,6353,55,2,81,6,1969
4433,40,1,112,189,18349,86,3,147,9,3338
4434,31,0,88,188,2737,96,0,67,8,2246
4435,40,0,107,190,17868,40,2,106,2,2454
4436,36,0,86,159,13326,108,5,65,3,2556
4437,46,0,108,161,13911,111,0,66,2,2765
4438,37,1,98,164,19411,114,0,143,10,3596
4439,46,1,115,180,6213,44,3,140,7,2319
4440,41,1,81,164,7227,54,5,95,9,2211
4441,35,0,48,177,12279,86,5,67,1,2078
4442,27,0,46,153,16836,63,5,136,3,2393
4443,58,0,88,185,9796,80,3,147,6,2599
4444,25,1,111,150,17351,78,1,105,4,2820
4445,43,0,112,193,18352,38,3,173,10,3061
4446,46,1,118,183,17820,81,3,123,10,3295
4447,27,1,106,166,11966,17,0,90,1,1846
4448,34,0,45,188,14967,63,5,82,9,2423
4449,19,0,61,187,2809,16,0,120,7,1523
4450,23,1,60,193,7546,92,5,140,7,2441
4451,22,1,53,182,9107,112,3,109,1,2227
4452,45,1,97,170,6505,32,1,105,9,2130
4453,58,0,117,175,6257,109,5,147,8,2952
4454,22,0,103,185,16051,115,1,102,10,3304
4455,35,0,53,154,5909,41,1,69,5,1609
4456,43,0,56,182,15866,71,4,154,4,2618
4457,37,0,85,150,11021,54,5,168,1,2251
4458,58,0,59,155,16358,77,1,79,9,2728
4459,44,1,110,186,1461,39,0,75,8,1835
4460,29,1,119,151,16732,115,2,137,2,3132
4461,24,1,55,154,4233,48,2,62,4,1526
4462,20,0,52,175,13128,14,4,89,4,1758
4463,27,1,99,190,6202,76,4,77,7,2260
4464,51,0,50,172,3939,31,2,118,3,1494
4465,42,0,97,161,16197,37,0,129,8,2673
4466,52,1,64,154,14722,31,2,143,7,2369
4467,33,0,83,151,13998,95,3,94,10,2928
4468,19,1,116,153,17472,107,0,78,4,3017
4469,41,1,78,176,19047,38,1,85,9,2613
4470,27,0,101,159,4301,52,4,94,6,1960
4471,55,1,63,162,16640,51,4,135,3,2438
4472,39,1,115,193,17805,69,5,131,7,3020
4473,43,1,75,151,17131,86,2,116,6,2884
4474,60,1,84,175,5433,80,1,160,8,2551
4475,56,0,58,164,1265,83,0,108,5,1923
4476,44,1,81,159,3850,101,4,69,6,2223
4477,46,1,88,171,2378,77,0,144,1,1923
4478,64,1,53,189,7503,68,5,172,8,2406
4479,55,0,102,174,8157,105,0,164,1,2636
4480,37,1,64,164,11006,95,0,168,3,2552
4481,44,0,94,162,1849,93,0,165,2,2188
4482,58,1,64,157,5814,93,1,88,6,2248
4483,37,1,80,170,11000,15,4,154,8,2209
4484,61,1,71,170,16288,82,0,163,8,3058
4485,36,0,116,171,4274,37,5,130,7,2113
4486,37,0,76,172,18100,86,0,157,7,3064
4487,52,0,45,194,15227,40,2,157,8,2479
4488,64,0,61,176,18279,48,4,153,5,2645
4489,19,0,53,189,10368,59,2,127,3,2032
4490,47,0,89,171,12945,87,4,164,2,2690
4491,51,1,110,179,10968,95,2,153,3,2772
4492,39,0,76,158,10651,46,4,148,3,2150
4493,20,1,89,194,14903,118,0,137,7,3131
4494,23,0,53,184,19927,97,3,83,1,2573
4495,32,0,74,167,8771,81,5,102,7,2408
4496,44,0,82,191,14460,24,4,154,6,2357
4497,27,1,104,154,5637,60,1,176,10,2538
4498,26,0,45,176,13922,114,5,98,2,2496
4499,50,0,49,155,9066,79,4,151,10,2592
4500,49,1,107,181,4553,32,3,84,1,1659
4501,23,1,80,157,2349,34,4,142,9,1909
4502,58,1,109,188,3986,104,2,127,2,2372
4503,53,1,117,170,12522,55,1,93,4,2419
4504,19,0,68,167,3122,102,3,155,9,2467
4505,46,1,48,163,14892,32,4,148,9,2391
4506,21,0,112,164,9689,19,5,178,1,1984
4507,18,0,69,191,15062,82,3,145,2,2514
4508,36,1,118,175,2363,86,0,112,2,2105
4509,43,0,51,193,17691,41,1,151,2,2294
4510,42,1,57,181,3751,60,4,114,8,1966
4511,27,0,112,188,8782,118,2,174,8,3088
4512,41,1,87,177,18648,50,4,112,10,2880
4513,39,1,101,188,13540,74,1,77,8,2668
4514,38,1,80,192,14223,74,1,176,4,2740
4515,39,1,58,181,6339,110,0,66,8,2361
4516,53,1,116,162,6848,49,2,122,7,2315
4517,51,1,71,164,17877,27,4,134,8,2522
4518,47,0,81,167,19405,45,5,101,1,2357
4519,42,0,115,188,19131,40,0,70,3,2494
4520,62,0,69,155,16861,63,1,178,10,3002
4521,45,1,111,160,14465,72,3,68,6,2632
4522,18,0,48,181,4302,10,1,94,1,1092
4523,62,1,118,189,15437,61,2,179,4,2896
4524,21,0,60,169,16162,109,4,160,9,3140
4525,24,0,63,182,15512,66,4,146,7,2645
4526,26,1,73,189,6022,18,3,156,1,1564
4527,53,0,95,157,11471,95,2,124,6,2815
4528,36,0,62,184,7155,101,1,143,6,2464
4529,18,0,102,154,6254,99,0,64,2,2090
4530,27,1,88,184,5354,83,1,152,6,2348
4531,53,0,60,163,3516,65,2,85,10,2068
4532,26,1,109,170,16872,56,2,110,2,2527
4533,62,0,46,172,11156,12,0,97,8,1888
4534,63,0,100,166,9838,11,1,62,7,1913
4535,59,0,72,167,13734,63,5,144,6,2614
4536,49,0,109,183,12022,46,4,118,10,2634
4537,49,1,49,161,6208,65,4,72,6,1896
4538,23,0,66,165,17578,40,0,154,9,2678
4539,55,1,57,153,14725,106,4,140,9,3059
4540,34,1,109,174,10337,105,1,94,10,2941
4541,27,0,60,183,11701,116,1,146,10,3034
4542,44,0,108,177,11275,21,0,62,2,1808
4543,52,1,76,160,7210,67,4,112,3,2078
4544,38,1,95,162,12544,76,5,114,10,2821
4545,42,0,102,180,17327,35,3,104,7,2588
4546,45,0,90,174,15041,87,0,125,10,3088
4547,64,0,96,188,17705,21,5,126,9,2668
4548,32,0,107,159,11479,99,0,143,6,2898
4549,21,0,104,173,12323,25,2,171,1,2143
4550,46,1,109,150,13937,62,1,176,7,2883
4551,26,0,99,174,2702,81,3,103,1,1905
4552,44,0,101,177,11404,58,0,132,5,2513
4553,43,1,115,185,1830,58,4,171,9,2411
4554,36,0,117,167,9380,101,1,127,10,3022
4555,45,0,70,155,1091,16,1,121,10,1680
4556,34,1,56,151,4877,24,1,84,9,1702
4557,60,0,115,152,11103,114,0,111,1,2764
4558,58,1,90,157,19720,45,0,109,6,2740
4559,59,0,91,180,8676,81,4,60,3,2137
4560,37,0,82,168,2580,83,0,98,9,2189
4561,62,0,65,155,16787,24,0,111,3,2172
4562,57,1,58,163,10600,71,2,135,2,2213
4563,56,1,46,152,16412,27,3,99,8,2266
4564,40,1,116,150,1473,55,3,163,3,2018
4565,64,1,114,193,12624,110,4,119,5,2986
4566,49,0,77,179,17653,114,0,147,6,3215
4567,64,1,50,168,18077,118,3,177,10,3450
4568,50,1,81,168,13663,70,3,132,10,2804
4569,63,1,58,158,18799,52,2,169,1,2530
4570,22,0,81,156,15517,53,0,143,7,2597
4571,60,0,52,186,19467,108,3,128,7,3168
4572,51,1,57,190,18619,75,5,79,5,2611
4573,57,1,84,156,4967,64,2,144,9,2362
4574,28,0,102,158,14211,95,5,61,2,2499
4575,20,1,82,153,7634,88,3,144,5,2289
4576,50,1,101,174,1840,110,1,165,2,2362
4577,28,1,82,161,2461,48,0,147,2,1729
4578,33,1,76,155,16405,109,3,68,9,2985
4579,35,0,110,167,16003,14,3,98,7,2372
4580,47,0,69,189,4472,66,4,178,4,2102
4581,27,0,102,170,16847,24,3,89,8,2455
4582,35,1,119,164,7575,100,2,113,4,2578
4583,55,1,77,152,5843,25,4,141,1,1662
4584,36,0,110,151,8739,66,5,117,10,2634
4585,53,0,74,190,15852,109,3,103,3,2808
4586,30,0,78,189,17324,111,5,102,10,3223
4587,63,1,113,153,19893,91,2,69,1,2901
4588,20,0,92,181,10157,108,0,168,2,2680
4589,27,1,84,151,19422,34,0,164,2,2517
4590,55,1,95,178,15516,31,1,107,7,2469
4591,18,0,57,151,13432,40,3,144,4,2175
4592,44,0,75,183,19234,110,2,145,10,3430
4593,63,1,83,176,8432,43,2,76,9,2196
4594,25,0,107,188,19837,96,3,64,2,2826
4595,63,0,92,193,16148,25,0,129,9,2627
4596,59,1,92,187,12194,79,0,133,6,2719
4597,34,1,105,167,15819,68,5,123,10,2957
4598,26,1,56,185,7625,24,1,166,8,2007
4599,23,1,100,168,8404,91,2,125,7,2617
4600,60,1,62,176,15674,111,2,130,8,3078
4601,42,0,71,194,11507,22,0,169,9,2327
4602,56,1,72,169,19697,33,3,63,8,2497
4603,45,1,96,170,5623,22,4,160,6,1985
4604,50,1,60,172,8015,74,5,142,8,2408
4605,54,0,102,179,16261,45,4,176,8,2905
4606,26,1,53,174,8782,58,3,87,2,1774
4607,35,1,70,180,6214,91,5,143,2,2202
4608,38,1,72,176,7938,57,2,153,1,1979
4609,19,0,80,183,3988,106,0,165,10,2668
4610,60,1,53,157,6156,111,3,97,2,2174
4611,55,1,91,168,6512,52,5,125,7,2211
4612,57,1,95,190,10788,15,0,126,3,1991
4613,53,0,101,175,15185,90,4,119,4,2827
4614,60,0,76,177,19734,77,1,106,4,2823
4615,54,0,111,153,10971,23,4,165,4,2311
4616,32,0,101,180,11640,39,5,172,2,2259
4617,45,1,98,165,7487,119,3,162,6,2876
4618,35,1,60,159,14688,93,3,84,1,2341
4619,51,0,106,187,13452,17,5,125,5,2265
4620,39,0,100,159,16372,63,0,162,2,2683
4621,28,1,67,194,12999,75,2,138,9,2704
4622,30,1,61,158,14434,110,1,126,2,2654
4623,21,0,82,188,13416,13,3,128,6,2107
4624,39,0,116,185,14945,83,3,177,4,2970
4625,24,0,74,185,2017,93,2,99,6,2085
4626,60,0,102,168,5690,69,3,159,2,2252
4627,41,1,66,168,9373,62,3,109,2,1978
4628,21,0,61,161,15378,108,4,174,7,3048
4629,45,0,59,162,19835,83,3,99,3,2703
4630,32,1,92,174,19336,101,4,178,3,3164
4631,18,1,76,185,5700,24,0,161,7,1944
4632,20,1,84,174,14901,109,5,96,8,2945
4633,31,1,101,177,1660,10,3,150,7,1738
4634,55,1,102,191,18699,31,5,128,3,2485
4635,18,0,60,188,8381,100,5,76,3,2151
4636,55,1,72,179,3919,102,5,121,7,2357
4637,55,0,45,154,19456,24,4,161,3,2356
4638,38,1,85,166,19403,83,3,168,2,2915
4639,46,0,92,167,11932,93,1,100,7,2780
4640,22,1,75,192,1815,31,2,179,3,1646
4641,27,0,80,170,15510,59,0,135,5,2576
4642,45,0,77,171,13289,57,5,101,7,2444
4643,38,1,77,188,5734,82,5,90,2,1943
4644,24,1,67,155,3753,60,2,92,8,1907
4645,20,0,104,165,7505,105,5,102,2,2390
4646,62,0,74,151,12559,26,2,152,4,2243
4647,64,0,89,150,15905,115,4,161,4,3200
4648,37,0,83,179,5685,92,0,126,8,2489
4649,36,0,89,192,17585,113,4,97,1,2860
4650,52,1,56,186,18388,100,5,100,9,3057
4651,21,1,76,172,18696,60,3,177,6,2863
4652,22,1,100,150,19409,46,4,122,4,2649
4653,18,1,68,168,12765,107,4,99,6,2655
4654,21,0,57,152,5221,58,0,89,6,1820
4655,29,0,64,151,16327,68,2,106,9,2713
4656,44,1,100,186,4671,19,2,81,4,1615
4657,59,0,97,166,5941,39,1,161,8,2285
4658,40,1,112,177,13466,94,2,155,1,2769
4659,42,0,98,167,18988,30,4,114,6,2599
4660,38,0,78,182,19286,43,4,102,5,2532
4661,41,0,72,164,13191,82,3,120,3,2457
4662,42,1,94,171,5588,107,1,133,4,2498
4663,62,1,46,190,11811,59,0,91,8,2256
4664,63,1,70,176,19733,85,3,166,10,3344
4665,49,1,95,186,8928,56,4,63,2,1975
4666,49,0,91,181,16325,94,1,152,8,3212
4667,22,0,70,194,8120,93,2,104,7,2404
4668,53,0,119,168,15274,15,3,131,1,2240
4669,63,0,118,177,5719,59,2,79,2,2015
4670,59,1,105,177,9081,118,5,170,7,3121
4671,59,0,67,159,15550,109,3,130,3,2837
4672,56,0,81,169,17354,72,0,124,2,2642
4673,33,0,85,174,11864,21,2,119,1,1815
4674,50,1,96,170,17931,50,3,148,7,2890
4675,38,1,93,163,13624,40,3,85,3,2149
4676,26,1,71,171,4361,11,0,132,6,1595
4677,23,0,50,175,14707,25,4,82,10,2182
4678,62,1,118,193,2924,10,3,99,8,1865
4679,52,0,110,160,13647,13,1,61,6,2104
4680,56,0,68,156,7681,56,1,85,7,2071
4681,39,0,82,166,3701,74,0,137,6,2143
4682,58,1,72,167,15175,61,0,121,7,2617
4683,22,1,72,156,11122,56,1,103,5,2147
4684,59,0,110,169,17805,108,4,90,9,3338
4685,40,1,105,187,17719,86,4,85,3,2784
4686,34,1,90,160,10718,59,1,178,6,2531
4687,29,1,113,193,1056,54,0,172,9,2280
4688,40,1,119,165,14973,51,2,142,1,2512
4689,33,0,118,176,16352,104,3,161,5,3243
4690,20,0,87,160,16052,93,5,176,4,2932
4691,47,0,103,165,4147,65,2,64,9,2216
4692,39,1,46,172,4537,80,4,129,1,1824
4693,26,1,59,161,1721,66,2,94,4,1616
4694,46,1,81,189,13269,113,2,75,1,2507
4695,64,0,115,152,17769,42,5,90,3,2531
4696,54,0,64,151,8426,37,2,141,4,1970
4697,40,1,79,187,14788,53,5,73,1,2136
4698,30,0,78,173,15007,65,5,84,5,2408
4699,49,1,75,178,12079,53,1,138,6,2383
4700,63,0,63,183,15346,93,3,149,1,2655
4701,64,1,82,169,8115,105,2,159,10,3101
4702,40,0,68,167,11911,82,4,134,10,2775
4703,62,0,83,163,1259,43,4,160,4,1822
4704,34,1,98,167,9791,23,4,164,4,2118
4705,57,1,83,151,8536,77,1,160,1,2322
4706,38,1,61,150,9947,38,2,130,2,1884
4707,19,1,63,169,12769,88,3,77,10,2630
4708,54,1,92,183,11950,26,2,109,5,2107
4709,23,0,79,190,17860,92,3,79,2,2601
4710,61,1,76,190,6283,111,0,115,3,2416
4711,35,1,91,160,10791,18,3,61,9,2022
4712,47,1,91,176,3359,36,2,85,5,1705
4713,39,0,108,172,8405,58,5,82,1,1997
4714,50,1,90,187,18645,88,5,91,5,2913
4715,47,1,79,193,15357,46,0,72,3,2182
4716,34,1,61,152,7323,37,1,72,1,1509
4717,60,0,86,161,6937,59,4,76,3,1954
4718,49,0,73,179,18966,64,4,148,6,2848
4719,59,1,114,180,12030,13,5,117,10,2428
4720,31,0,61,172,18882,94,4,145,5,2951
4721,27,1,58,150,14003,107,3,86,1,2437
4722,64,0,68,190,11578,28,1,76,2,1818
4723,53,1,101,169,13979,46,3,149,5,2563
4724,51,0,94,155,3209,13,1,97,9,1761
4725,26,1,101,160,13060,46,3,73,5,2239
4726,59,1,105,184,8228,60,1,176,5,2543
4727,45,0,83,153,10300,41,3,73,1,1816
4728,28,1,99,178,9681,54,0,71,5,2133
4729,31,1,80,159,9196,21,3,128,8,2057
4730,56,1,81,178,9267,50,1,160,9,2510
4731,64,1,58,187,6372,65,3,127,10,2307
4732,36,0,71,150,7150,89,2,114,3,2160
4733,32,1,75,189,11920,23,1,122,4,1986
4734,45,0,117,157,17001,63,2,88,7,2847
4735,41,0,88,187,17856,72,0,148,7,2976
4736,25,0,112,166,16147,74,1,104,1,2577
4737,60,0,92,168,18221,67,5,63,6,2690
4738,26,1,101,182,2186,105,4,173,9,2668
4739,64,1,119,164,7461,30,1,75,5,1998
4740,50,0,66,194,18865,13,4,173,8,2594
4741,50,1,48,180,12464,82,1,125,10,2688
4742,36,0,116,170,15052,55,1,82,9,2785
4743,20,1,90,152,8332,95,1,127,10,2728
4744,27,1,103,151,17615,21,3,79,10,2554
4745,57,1,78,184,1327,39,0,76,3,1516
4746,64,0,55,190,6239,103,4,111,1,2134
4747,59,0,75,165,18333,105,5,65,2,2743
4748,18,1,55,194,11078,69,5,141,5,2306
4749,46,0,100,170,8038,109,0,143,10,3007
4750,51,0,82,161,9048,80,3,98,7,2426
4751,30,1,65,177,15954,90,2,168,6,2875
4752,18,0,54,161,3297,74,5,164,4,1956
4753,51,1,70,182,18691,23,5,93,9,2489
4754,46,1,52,169,13703,53,5,163,4,2395
4755,64,1,52,189,3779,117,2,169,3,2392
4756,30,0,104,170,14706,111,4,113,5,3014
4757,46,1,116,188,14225,35,1,147,4,2456
4758,56,1,78,190,8318,100,3,141,2,2429
4759,41,0,60,191,14531,118,5,153,3,2861
4760,43,0,57,185,6335,25,5,124,7,1795
4761,34,0,66,171,10530,119,0,146,2,2601
4762,24,0,71,175,8502,16,3,88,1,1464
4763,30,1,108,156,2649,41,4,100,2,1662
4764,22,0,46,156,14472,98,2,164,8,2927
4765,43,0,70,157,3862,104,2,122,8,2413
4766,20,0,113,175,1917,25,4,91,10,1890
4767,24,0,74,173,13444,114,3,125,2,2706
4768,56,1,52,173,9353,87,2,171,6,2528
4769,18,0,82,189,6449,98,3,159,7,2619
4770,34,1,105,161,3811,71,5,104,1,1918
4771,60,0,109,157,4421,39,3,76,7,1926
4772,42,1,111,158,10290,80,0,102,8,2723
4773,20,1,90,152,3721,21,2,178,9,1995
4774,32,0,116,170,11892,76,2,125,8,2850
4775,46,1,87,180,16256,100,4,127,3,2890
4776,60,0,103,173,1788,55,1,167,8,2244
4777,49,1,90,153,17640,92,2,93,3,2787
4778,43,1,116,169,5025,52,1,60,6,2026
4779,33,1,79,165,7741,110,5,82,4,2362
4780,42,0,83,159,4654,64,4,65,7,2023
4781,45,1,95,192,14580,54,4,75,8,2569
4782,26,0,48,175,8660,69,3,61,10,2130
4783,18,1,95,178,4251,115,2,169,6,2647
4784,46,1,49,154,6268,80,4,175,10,2525
4785,39,1,99,160,12781,89,5,135,4,2713
4786,33,1,64,178,14489,41,2,86,8,2318
4787,58,1,68,194,16131,17,0,78,7,2194
4788,61,1,80,164,8562,86,4,87,10,2613
4789,58,0,78,155,16987,71,2,94,8,2799
4790,24,0,98,164,15391,84,2,174,10,3181
4791,31,0,78,192,3152,29,4,166,7,1913
4792,46,1,61,169,9738,27,5,127,3,1866
4793,36,0,49,183,8888,110,1,108,3,2336
4794,36,1,62,151,11096,15,3,172,9,2240
4795,19,0,99,193,6474,93,1,66,7,2349
4796,58,0,97,165,1488,105,5,96,1,2039
4797,62,1,94,168,19206,119,5,174,3,3393
4798,32,1,116,183,6622,117,3,84,1,2400
4799,20,0,89,163,4774,38,1,176,6,2075
4800,28,0,57,173,7446,13,5,174,2,1644
4801,63,0,60,177,9572,80,3,100,7,2365
4802,47,0,57,181,8833,52,5,140,8,2257
4803,57,1,64,186,11258,93,4,121,6,2579
4804,35,0,110,159,13416,43,4,100,5,2356
4805,19,1,91,194,5887,109,3,73,10,2534
4806,49,1,63,158,17605,80,5,160,4,2786
4807,25,0,89,173,16684,42,2,113,9,2630
4808,39,1,81,185,1617,24,0,61,8,1564
4809,23,0,98,178,14636,105,1,147,5,3010
4810,29,1,50,178,3570,95,3,138,1,1950
4811,64,1,58,172,7309,49,0,107,8,2092
4812,57,0,48,176,3790,102,0,110,8,2263
4813,53,1,99,180,8826,98,5,156,7,2844
4814,32,1,78,192,13134,14,4,114,7,2106
4815,45,0,71,156,5054,87,3,71,8,2215
4816,62,1,51,194,17090,59,5,142,1,2353
4817,35,1,47,153,8681,108,1,175,3,2479
4818,19,0,91,163,16569,75,4,170,4,2858
4819,30,0,46,191,7508,98,3,128,6,2360
4820,62,1,69,191,17608,63,0,60,10,2757
4821,32,1,104,159,11433,89,0,166,10,3076
4822,37,1,68,193,13344,55,0,118,9,2544
4823,46,0,59,183,12888,89,5,132,4,2538
4824,59,1,58,175,4827,20,0,162,6,2389
4825,46,1,98,172,18787,58,0,93,9,2911
4826,20,1,50,158,17257,108,0,152,9,3111
4827,36,1,62,186,17793,32,5,172,6,2548
4828,20,1,64,157,2916,64,5,171,5,2014
4829,31,1,106,163,3859,14,5,171,3,1765
4830,57,0,84,156,8072,73,4,105,5,2296
4831,21,0,83,156,16523,44,1,118,3,2354
4832,28,1,96,158,3051,102,3,125,5,2336
4833,48,1,76,152,9214,78,2,78,10,2490
4834,60,0,117,163,3968,63,0,87,10,2384
4835,49,0,71,166,9936,12,4,158,1,1755
4836,44,0,96,193,1601,15,5,99,6,1588
4837,47,1,107,171,16451,96,1,176,7,3322
4838,60,1,118,175,14257,119,2,116,2,3021
4839,19,1,107,177,6274,65,0,110,3,2073
4840,26,1,61,194,19226,11,5,171,10,2661
4841,45,0,93,163,11866,91,4,81,9,2755
4842,48,0,67,158,13368,103,2,127,8,2898
4843,51,1,116,175,9674,47,3,67,4,2102
4844,32,0,57,151,16462,65,4,119,8,2676
4845,42,1,67,160,12503,14,4,124,8,2099
4846,53,1,101,166,16624,55,2,95,6,2676
4847,25,0,106,183,15370,20,3,130,1,2154
4848,26,0,98,168,6368,74,2,148,2,2194
4849,54,0,64,188,13567,19,3,88,4,1911
4850,62,0,96,167,4825,50,1,124,4,2026
4851,56,0,67,162,11391,53,1,115,2,2120
4852,49,1,79,154,10874,99,4,141,9,2896
4853,34,1,111,172,4608,42,2,63,2,1645
4854,52,0,78,173,7878,100,2,143,6,2580
4855,54,0,77,178,2018,65,3,169,5,2067
4856,36,0,90,157,18695,21,3,131,4,2408
4857,61,1,89,175,10610,11,2,150,6,2132
4858,46,1,63,164,3500,10,3,109,4,1394
4859,24,1,59,150,3667,74,0,98,9,2052
4860,45,0,110,177,10578,42,4,94,10,2542
4861,26,1,83,163,6230,95,5,84,7,2348
4862,45,0,62,191,11255,85,5,176,3,2538
4863,23,1,114,183,5834,112,5,137,10,2911
4864,46,1,103,180,2546,45,0,103,4,1800
4865,34,1,76,155,16050,30,5,106,1,2046
4866,33,0,65,154,16049,93,3,99,6,2735
4867,40,1,84,180,19529,45,3,90,2,2375
4868,48,1,71,186,19547,35,5,128,4,2460
4869,20,0,46,164,16640,56,2,140,5,2407
4870,38,0,83,164,15284,104,1,133,8,3067
4871,43,0,100,192,4423,10,4,102,3,1530
4872,53,0,57,154,3332,47,4,114,6,1768
4873,59,0,100,177,7066,23,2,75,1,1624
4874,54,0,110,182,19040,99,2,171,9,3581
4875,39,0,100,160,7038,55,1,127,1,2016
4876,59,1,72,192,9583,51,3,178,2,2198
4877,29,0,108,155,6289,16,3,128,1,1714
4878,59,0,82,172,1296,64,1,101,8,2163
4879,30,1,108,189,18470,65,1,169,4,2967
4880,28,1,100,151,6194,85,2,100,2,2155
4881,33,1,85,164,6805,72,0,109,7,2279
4882,25,1,85,172,13797,33,0,143,8,2455
4883,57,0,48,171,17879,92,3,65,9,2820
4884,57,1,101,158,3995,82,4,134,5,2341
4885,62,1,74,189,17477,108,5,112,3,2942
4886,19,0,90,179,13912,13,0,76,1,1766
4887,47,0,100,165,7393,118,4,164,8,2962
4888,47,0,75,179,1720,51,3,116,6,1821
4889,29,1,51,194,7325,105,5,126,5,2343
4890,27,0,98,158,13554,119,4,75,7,2927
4891,61,1,52,150,6099,79,0,111,5,2103
4892,28,0,99,187,13568,37,5,159,4,2395
4893,32,0,113,157,5026,101,5,149,5,2563
4894,33,1,88,167,13247,49,5,147,7,2546
4895,34,0,57,176,6057,60,0,177,6,2195
4896,43,0,64,167,18490,38,0,170,10,2847
4897,19,0,76,181,6305,51,3,93,10,2120
4898,29,0,104,181,12914,78,5,143,9,2935
4899,43,0,94,194,7674,14,0,140,10,2176
4900,40,1,71,185,10563,110,2,174,2,2659
4901,35,1,69,185,16316,50,2,79,7,2421
4902,49,0,96,170,17217,70,0,139,1,2667
4903,55,1,112,181,3005,64,4,115,8,2234
4904,64,1,65,180,13741,37,1,110,4,2176
4905,20,1,62,186,15602,50,0,112,8,2466
4906,55,0,83,165,13603,18,0,108,8,2283
4907,20,0,59,163,14987,38,4,63,4,1976
4908,47,0,97,173,18147,87,1,77,4,2806
4909,18,1,82,174,14543,47,1,95,5,2265
4910,47,1,92,184,10144,71,5,176,7,2710
4911,62,0,96,166,12114,63,2,94,6,2498
4912,49,0,116,191,6691,61,5,89,1,2044
4913,45,1,72,194,8059,113,5,177,6,2778
4914,38,1,60,153,5479,43,4,122,3,1731
4915,63,0,60,160,5198,46,1,141,9,2142
4916,30,1,79,164,10091,58,0,80,3,1998
4917,44,1,61,179,16068,51,3,111,9,2559
4918,53,1,117,173,5205,23,2,155,5,2070
4919,24,1,96,151,4641,91,0,128,10,2581
4920,39,1,56,192,4543,42,4,100,8,1837
4921,27,1,92,183,16424,107,4,113,9,3183
4922,56,1,82,172,6591,101,4,146,9,2647
4923,32,0,93,180,12833,109,1,89,7,2863
4924,32,0,96,186,7116,118,3,150,10,3006
4925,21,1,45,162,1761,110,0,115,1,1785
4926,49,1,110,182,3407,96,4,138,8,2609
4927,40,1,108,156,1885,115,2,100,7,2500
4928,23,0,52,181,3643,26,2,73,4,1333
4929,41,0,69,156,12125,84,4,80,6,2454
4930,37,1,110,191,2468,41,4,179,10,2303
4931,54,0,117,187,14366,110,2,157,2,3060
4932,37,1,117,193,8015,88,5,149,4,2581
4933,29,1,114,162,7323,77,3,84,8,2483
4934,50,1,95,173,9935,48,1,109,4,2198
4935,45,1,97,177,3428,103,0,168,10,2767
4936,25,1,59,181,12685,19,4,154,4,2005
4937,18,1,94,192,13738,96,5,112,4,2709
4938,54,1,115,167,10308,33,2,107,10,2461
4939,39,0,119,183,16879,109,5,129,9,3466
4940,23,1,82,183,16772,67,3,107,2,2434
4941,38,0,84,187,11633,78,1,63,7,2398
4942,49,1,110,150,18738,110,3,83,3,3071
4943,52,1,83,192,19864,116,5,165,4,3341
4944,32,0,118,191,12193,73,4,90,1,2359
4945,22,0,61,180,18570,28,4,142,3,2281
4946,63,1,51,150,16281,110,1,134,2,2761
4947,41,0,83,165,5087,17,2,88,10,1781
4948,42,1,112,188,7228,80,2,64,7,2406
4949,63,1,79,164,3831,49,0,141,6,2033
4950,57,0,95,182,19132,22,2,126,1,2342
4951,46,0,91,172,12055,110,0,163,8,3153
4952,24,0,80,190,14795,36,2,134,9,2521
4953,57,0,108,183,8552,91,0,144,1,2503
4954,30,1,57,166,15605,97,4,153,5,2790
4955,55,0,62,174,12282,114,1,142,7,2877
4956,35,0,65,191,2063,11,4,112,2,1234
4957,19,0,109,155,14344,25,1,148,6,2455
4958,25,0,52,180,16898,23,5,123,8,2346
4959,28,0,92,154,3732,26,3,94,8,1770
4960,50,1,87,189,2872,69,0,71,10,2110
4961,55,1,97,189,5720,79,5,106,10,2518
4962,44,0,82,179,2969,108,2,149,8,2513
4963,37,0,63,154,13155,26,3,114,6,2052
4964,29,1,67,161,12870,54,1,179,6,2507
4965,60,0,94,156,17702,47,1,171,3,2704
4966,48,1,95,194,4717,113,3,128,2,2386
4967,44,1,87,162,2374,73,4,142,5,2084
4968,49,0,95,153,9679,15,2,150,9,2299
4969,27,1,113,191,17834,69,2,97,4,2721
4970,20,0,85,152,14427,111,5,88,5,2807
4971,62,0,116,161,2940,58,5,71,6,2037
4972,44,1,55,150,3367,30,3,78,6,1495
4973,52,1,96,176,12428,108,0,68,4,2704
4974,48,0,67,192,17631,32,1,141,4,2353
4975,32,1,93,162,17862,85,0,88,8,2986
4976,33,0,82,166,13655,66,3,62,5,2300
4977,30,1,91,157,8968,73,1,146,5,2426
4978,52,1,116,181,17292,38,2,89,9,2775
4979,28,0,51,169,15743,36,3,169,4,2314
4980,38,0,110,166,2368,15,4,117,7,1746
4981,28,0,106,183,3226,30,2,147,5,1889
4982,47,1,73,184,12688,80,2,112,9,2710
4983,52,0,82,184,4612,116,2,160,8,2735
4984,39,0,77,187,13199,50,1,160,8,2570
4985,55,1,82,191,11034,89,2,63,10,2620
4986,48,1,67,173,12569,14,0,116,10,2193
4987,31,0,47,167,2059,24,0,113,3,1256
4988,41,0,89,188,19028,30,5,87,9,2619
4989,49,0,52,182,14115,67,1,75,8,2419
4990,53,0,73,172,19195,13,2,72,3,2089
4991,49,1,46,174,3193,78,4,131,10,2206
4992,32,1,94,186,17551,16,3,115,1,2168
4993,60,0,109,176,17128,44,0,112,5,2645
4994,52,0,64,150,5182,45,2,107,4,1746
4995,20,0,96,170,19928,24,4,84,8,2541
4996,33,1,81,159,4868,101,0,125,6,2341
4997,22,0,116,180,9506,11,3,89,10,2141
4998,38,0,71,193,6950,66,2,163,5,2281
4999,27,1,91,174,9914,14,1,62,9,1954
5000,36,1,50,169,15141,80,2,82,6,2456
